[bactrian] decide: cycle_req=false user=false emergency=false vm_exhausted=false -> Nursery
[bactrian] schedule Nursery (marking=false, mature_pages=0, reserved=4108, immix=0, los=21, nonmoving=0, nursery=2011, heap=8192, sweep_pending=false, seeded=0, enq=0, traced=0, skipped_young=0, satb=0, satb_young_drop=0)
[bactrian] decide: cycle_req=false user=false emergency=false vm_exhausted=false -> Nursery
[bactrian] schedule Nursery (marking=false, mature_pages=765, reserved=5021, immix=765, los=21, nonmoving=0, nursery=2011, heap=8192, sweep_pending=false, seeded=0, enq=0, traced=0, skipped_young=0, satb=0, satb_young_drop=0)
[bactrian] decide: cycle_req=false user=false emergency=false vm_exhausted=false -> Nursery
[bactrian] schedule Nursery (marking=false, mature_pages=818, reserved=4941, immix=818, los=21, nonmoving=0, nursery=2011, heap=8192, sweep_pending=false, seeded=0, enq=0, traced=0, skipped_young=0, satb=0, satb_young_drop=0)
[bactrian] decide: cycle_req=false user=false emergency=false vm_exhausted=false -> Nursery
[bactrian] schedule Nursery (marking=false, mature_pages=871, reserved=5129, immix=871, los=21, nonmoving=0, nursery=2011, heap=8192, sweep_pending=false, seeded=0, enq=0, traced=0, skipped_young=0, satb=0, satb_young_drop=0)
[bactrian] decide: cycle_req=false user=false emergency=false vm_exhausted=false -> Nursery
[bactrian] schedule Nursery (marking=false, mature_pages=924, reserved=5048, immix=924, los=21, nonmoving=0, nursery=2011, heap=8192, sweep_pending=false, seeded=0, enq=0, traced=0, skipped_young=0, satb=0, satb_young_drop=0)
[bactrian] decide: cycle_req=false user=false emergency=false vm_exhausted=false -> Nursery
[bactrian] schedule Nursery (marking=false, mature_pages=973, reserved=5232, immix=973, los=21, nonmoving=0, nursery=2011, heap=8192, sweep_pending=false, seeded=0, enq=0, traced=0, skipped_young=0, satb=0, satb_young_drop=0)
[bactrian] decide: cycle_req=false user=false emergency=false vm_exhausted=false -> Nursery
[bactrian] schedule Nursery (marking=false, mature_pages=1026, reserved=5286, immix=1026, los=21, nonmoving=0, nursery=2011, heap=8192, sweep_pending=false, seeded=0, enq=0, traced=0, skipped_young=0, satb=0, satb_young_drop=0)
[bactrian] decide: cycle_req=false user=false emergency=false vm_exhausted=false -> Nursery
[bactrian] schedule Nursery (marking=false, mature_pages=1078, reserved=5339, immix=1078, los=21, nonmoving=0, nursery=2011, heap=8192, sweep_pending=false, seeded=0, enq=0, traced=0, skipped_young=0, satb=0, satb_young_drop=0)
[bactrian] decide: cycle_req=false user=false emergency=false vm_exhausted=false -> Nursery
[bactrian] schedule Nursery (marking=false, mature_pages=1165, reserved=5294, immix=1165, los=21, nonmoving=0, nursery=2011, heap=8192, sweep_pending=false, seeded=0, enq=0, traced=0, skipped_young=0, satb=0, satb_young_drop=0)
[bactrian] decide: cycle_req=false user=false emergency=false vm_exhausted=false -> Nursery
[bactrian] schedule Nursery (marking=false, mature_pages=1217, reserved=5481, immix=1217, los=21, nonmoving=0, nursery=2011, heap=8192, sweep_pending=false, seeded=0, enq=0, traced=0, skipped_young=0, satb=0, satb_young_drop=0)
[bactrian] decide: cycle_req=false user=false emergency=false vm_exhausted=false -> Nursery
[bactrian] schedule Nursery (marking=false, mature_pages=1270, reserved=5535, immix=1270, los=21, nonmoving=0, nursery=2011, heap=8192, sweep_pending=false, seeded=0, enq=0, traced=0, skipped_young=0, satb=0, satb_young_drop=0)
[bactrian] decide: cycle_req=false user=false emergency=false vm_exhausted=false -> Nursery
[bactrian] schedule Nursery (marking=false, mature_pages=1355, reserved=5487, immix=1355, los=21, nonmoving=0, nursery=2011, heap=8192, sweep_pending=false, seeded=0, enq=0, traced=0, skipped_young=0, satb=0, satb_young_drop=0)
[bactrian] decide: cycle_req=false user=false emergency=false vm_exhausted=false -> Nursery
[bactrian] schedule Nursery (marking=false, mature_pages=1409, reserved=5542, immix=1409, los=21, nonmoving=0, nursery=2145, heap=8192, sweep_pending=false, seeded=0, enq=0, traced=0, skipped_young=0, satb=0, satb_young_drop=0)
[bactrian] decide: cycle_req=false user=false emergency=false vm_exhausted=false -> Nursery
[bactrian] schedule Nursery (marking=false, mature_pages=1458, reserved=5726, immix=1458, los=21, nonmoving=0, nursery=2011, heap=8192, sweep_pending=false, seeded=0, enq=0, traced=0, skipped_young=0, satb=0, satb_young_drop=0)
[bactrian] decide: cycle_req=false user=false emergency=false vm_exhausted=false -> Nursery
[bactrian] schedule Nursery (marking=false, mature_pages=1547, reserved=5817, immix=1547, los=21, nonmoving=0, nursery=2011, heap=8192, sweep_pending=false, seeded=0, enq=0, traced=0, skipped_young=0, satb=0, satb_young_drop=0)
[bactrian] decide: cycle_req=false user=false emergency=false vm_exhausted=false -> Nursery
[bactrian] schedule Nursery (marking=false, mature_pages=1596, reserved=5733, immix=1596, los=21, nonmoving=0, nursery=2011, heap=8192, sweep_pending=false, seeded=0, enq=0, traced=0, skipped_young=0, satb=0, satb_young_drop=0)
[bactrian] decide: cycle_req=false user=false emergency=false vm_exhausted=false -> Nursery
[bactrian] schedule Nursery (marking=false, mature_pages=1649, reserved=5921, immix=1649, los=21, nonmoving=0, nursery=2011, heap=8192, sweep_pending=false, seeded=0, enq=0, traced=0, skipped_young=0, satb=0, satb_young_drop=0)
[bactrian] decide: cycle_req=false user=false emergency=false vm_exhausted=false -> Nursery
[bactrian] schedule Nursery (marking=false, mature_pages=1735, reserved=5875, immix=1735, los=21, nonmoving=0, nursery=2145, heap=8192, sweep_pending=false, seeded=0, enq=0, traced=0, skipped_young=0, satb=0, satb_young_drop=0)
[bactrian] decide: cycle_req=false user=false emergency=false vm_exhausted=false -> Nursery
[bactrian] schedule Nursery (marking=false, mature_pages=1788, reserved=5928, immix=1788, los=21, nonmoving=0, nursery=2011, heap=8192, sweep_pending=false, seeded=0, enq=0, traced=0, skipped_young=0, satb=0, satb_young_drop=0)
[bactrian] decide: cycle_req=false user=false emergency=false vm_exhausted=false -> Nursery
[bactrian] schedule Nursery (marking=false, mature_pages=1840, reserved=6115, immix=1840, los=21, nonmoving=0, nursery=2145, heap=8192, sweep_pending=false, seeded=0, enq=0, traced=0, skipped_young=0, satb=0, satb_young_drop=0)
[bactrian] decide: cycle_req=false user=false emergency=false vm_exhausted=false -> Nursery
[bactrian] schedule Nursery (marking=false, mature_pages=1926, reserved=6069, immix=1926, los=21, nonmoving=0, nursery=2011, heap=8192, sweep_pending=false, seeded=0, enq=0, traced=0, skipped_young=0, satb=0, satb_young_drop=0)
[bactrian] decide: cycle_req=false user=false emergency=false vm_exhausted=false -> Nursery
[bactrian] schedule Nursery (marking=false, mature_pages=1979, reserved=6257, immix=1979, los=21, nonmoving=0, nursery=2011, heap=8192, sweep_pending=false, seeded=0, enq=0, traced=0, skipped_young=0, satb=0, satb_young_drop=0)
[bactrian] decide: cycle_req=true user=false emergency=false vm_exhausted=false -> Full
[bactrian] schedule Full (marking=false, mature_pages=2032, reserved=2425, immix=2032, los=21, nonmoving=0, nursery=135, heap=8192, sweep_pending=false, seeded=0, enq=0, traced=0, skipped_young=0, satb=0, satb_young_drop=0)
[bactrian] decide: cycle_req=false user=false emergency=false vm_exhausted=false -> Nursery
[bactrian] schedule Nursery (marking=false, mature_pages=1486, reserved=5556, immix=1486, los=21, nonmoving=0, nursery=2011, heap=8192, sweep_pending=false, seeded=0, enq=0, traced=0, skipped_young=0, satb=0, satb_young_drop=0)
[bactrian] decide: cycle_req=false user=false emergency=false vm_exhausted=false -> Nursery
[bactrian] schedule Nursery (marking=false, mature_pages=1486, reserved=5556, immix=1486, los=21, nonmoving=0, nursery=2011, heap=8192, sweep_pending=false, seeded=0, enq=0, traced=0, skipped_young=0, satb=0, satb_young_drop=0)
[bactrian] decide: cycle_req=false user=false emergency=false vm_exhausted=false -> Nursery
[bactrian] schedule Nursery (marking=false, mature_pages=1486, reserved=5690, immix=1486, los=21, nonmoving=0, nursery=2145, heap=8192, sweep_pending=false, seeded=0, enq=0, traced=0, skipped_young=0, satb=0, satb_young_drop=0)
[bactrian] decide: cycle_req=false user=false emergency=false vm_exhausted=false -> Nursery
[bactrian] schedule Nursery (marking=false, mature_pages=1486, reserved=5556, immix=1486, los=21, nonmoving=0, nursery=2011, heap=8192, sweep_pending=false, seeded=0, enq=0, traced=0, skipped_young=0, satb=0, satb_young_drop=0)
[bactrian] decide: cycle_req=false user=false emergency=false vm_exhausted=false -> Nursery
[bactrian] schedule Nursery (marking=false, mature_pages=1503, reserved=5707, immix=1503, los=21, nonmoving=0, nursery=2011, heap=8192, sweep_pending=false, seeded=0, enq=0, traced=0, skipped_young=0, satb=0, satb_young_drop=0)
[bactrian] decide: cycle_req=false user=false emergency=false vm_exhausted=false -> Nursery
[bactrian] schedule Nursery (marking=false, mature_pages=1555, reserved=5760, immix=1555, los=21, nonmoving=0, nursery=2011, heap=8192, sweep_pending=false, seeded=0, enq=0, traced=0, skipped_young=0, satb=0, satb_young_drop=0)
[bactrian] decide: cycle_req=false user=false emergency=false vm_exhausted=false -> Nursery
[bactrian] schedule Nursery (marking=false, mature_pages=1608, reserved=5680, immix=1608, los=21, nonmoving=0, nursery=2011, heap=8192, sweep_pending=false, seeded=0, enq=0, traced=0, skipped_young=0, satb=0, satb_young_drop=0)
[bactrian] decide: cycle_req=false user=false emergency=false vm_exhausted=false -> Nursery
[bactrian] schedule Nursery (marking=false, mature_pages=1694, reserved=5902, immix=1694, los=21, nonmoving=0, nursery=2011, heap=8192, sweep_pending=false, seeded=0, enq=0, traced=0, skipped_young=0, satb=0, satb_young_drop=0)
[bactrian] decide: cycle_req=false user=false emergency=false vm_exhausted=false -> Nursery
[bactrian] schedule Nursery (marking=false, mature_pages=1747, reserved=6090, immix=1747, los=21, nonmoving=0, nursery=2011, heap=8192, sweep_pending=false, seeded=0, enq=0, traced=0, skipped_young=0, satb=0, satb_young_drop=0)
[bactrian] decide: cycle_req=false user=false emergency=false vm_exhausted=false -> Nursery
[bactrian] schedule Nursery (marking=false, mature_pages=1796, reserved=6006, immix=1796, los=21, nonmoving=0, nursery=2011, heap=8192, sweep_pending=false, seeded=0, enq=0, traced=0, skipped_young=0, satb=0, satb_young_drop=0)
[bactrian] decide: cycle_req=false user=false emergency=false vm_exhausted=false -> Nursery
[bactrian] schedule Nursery (marking=false, mature_pages=1885, reserved=6096, immix=1885, los=21, nonmoving=0, nursery=2011, heap=8192, sweep_pending=false, seeded=0, enq=0, traced=0, skipped_young=0, satb=0, satb_young_drop=0)
[bactrian] decide: cycle_req=false user=false emergency=false vm_exhausted=false -> Nursery
[bactrian] schedule Nursery (marking=false, mature_pages=1934, reserved=6012, immix=1934, los=21, nonmoving=0, nursery=2145, heap=8192, sweep_pending=false, seeded=0, enq=0, traced=0, skipped_young=0, satb=0, satb_young_drop=0)
[bactrian] decide: cycle_req=false user=false emergency=false vm_exhausted=false -> Nursery
[bactrian] schedule Nursery (marking=false, mature_pages=1988, reserved=6201, immix=1988, los=21, nonmoving=0, nursery=2011, heap=8192, sweep_pending=false, seeded=0, enq=0, traced=0, skipped_young=0, satb=0, satb_young_drop=0)
[bactrian] decide: cycle_req=false user=false emergency=false vm_exhausted=false -> Nursery
[bactrian] schedule Nursery (marking=false, mature_pages=2073, reserved=6154, immix=2073, los=21, nonmoving=0, nursery=2011, heap=8192, sweep_pending=false, seeded=0, enq=0, traced=0, skipped_young=0, satb=0, satb_young_drop=0)
[bactrian] decide: cycle_req=false user=false emergency=false vm_exhausted=false -> Nursery
[bactrian] schedule Nursery (marking=false, mature_pages=2126, reserved=6208, immix=2126, los=21, nonmoving=0, nursery=2011, heap=8192, sweep_pending=false, seeded=0, enq=0, traced=0, skipped_young=0, satb=0, satb_young_drop=0)
[bactrian] decide: cycle_req=false user=false emergency=false vm_exhausted=false -> Nursery
[bactrian] schedule Nursery (marking=false, mature_pages=2178, reserved=6395, immix=2178, los=21, nonmoving=0, nursery=2011, heap=8192, sweep_pending=false, seeded=0, enq=0, traced=0, skipped_young=0, satb=0, satb_young_drop=0)
[bactrian] decide: cycle_req=false user=false emergency=false vm_exhausted=false -> Nursery
[bactrian] schedule Nursery (marking=false, mature_pages=2256, reserved=6340, immix=2256, los=21, nonmoving=0, nursery=2011, heap=8192, sweep_pending=false, seeded=0, enq=0, traced=0, skipped_young=0, satb=0, satb_young_drop=0)
[bactrian] decide: cycle_req=false user=false emergency=false vm_exhausted=false -> Nursery
[bactrian] schedule Nursery (marking=false, mature_pages=2309, reserved=6528, immix=2309, los=21, nonmoving=0, nursery=2011, heap=8192, sweep_pending=false, seeded=0, enq=0, traced=0, skipped_young=0, satb=0, satb_young_drop=0)
[bactrian] decide: cycle_req=false user=false emergency=false vm_exhausted=false -> Nursery
[bactrian] schedule Nursery (marking=false, mature_pages=2358, reserved=6578, immix=2358, los=21, nonmoving=0, nursery=2011, heap=8192, sweep_pending=false, seeded=0, enq=0, traced=0, skipped_young=0, satb=0, satb_young_drop=0)
[bactrian] decide: cycle_req=false user=false emergency=false vm_exhausted=false -> Nursery
[bactrian] schedule Nursery (marking=false, mature_pages=2427, reserved=6648, immix=2427, los=21, nonmoving=0, nursery=2011, heap=8192, sweep_pending=false, seeded=0, enq=0, traced=0, skipped_young=0, satb=0, satb_young_drop=0)
[bactrian] decide: cycle_req=false user=false emergency=false vm_exhausted=false -> Nursery
[bactrian] schedule Nursery (marking=false, mature_pages=2480, reserved=6568, immix=2480, los=21, nonmoving=0, nursery=2145, heap=8192, sweep_pending=false, seeded=0, enq=0, traced=0, skipped_young=0, satb=0, satb_young_drop=0)
[bactrian] decide: cycle_req=false user=false emergency=false vm_exhausted=false -> Nursery
[bactrian] schedule Nursery (marking=false, mature_pages=2533, reserved=6622, immix=2533, los=21, nonmoving=0, nursery=2011, heap=8192, sweep_pending=false, seeded=0, enq=0, traced=0, skipped_young=0, satb=0, satb_young_drop=0)
[bactrian] decide: cycle_req=false user=false emergency=false vm_exhausted=false -> Nursery
[bactrian] schedule Nursery (marking=false, mature_pages=2586, reserved=6676, immix=2586, los=21, nonmoving=0, nursery=2145, heap=8192, sweep_pending=false, seeded=0, enq=0, traced=0, skipped_young=0, satb=0, satb_young_drop=0)
[bactrian] decide: cycle_req=false user=false emergency=false vm_exhausted=false -> Nursery
[bactrian] schedule Nursery (marking=false, mature_pages=2635, reserved=6994, immix=2635, los=21, nonmoving=0, nursery=2011, heap=8192, sweep_pending=false, seeded=0, enq=0, traced=0, skipped_young=0, satb=0, satb_young_drop=0)
[bactrian] decide: cycle_req=false user=false emergency=false vm_exhausted=false -> Nursery
[bactrian] schedule Nursery (marking=false, mature_pages=2688, reserved=6914, immix=2688, los=21, nonmoving=0, nursery=2145, heap=8192, sweep_pending=false, seeded=0, enq=0, traced=0, skipped_young=0, satb=0, satb_young_drop=0)
[bactrian] decide: cycle_req=false user=false emergency=false vm_exhausted=false -> Nursery
[bactrian] schedule Nursery (marking=false, mature_pages=2740, reserved=6967, immix=2740, los=21, nonmoving=0, nursery=2145, heap=8192, sweep_pending=false, seeded=0, enq=0, traced=0, skipped_young=0, satb=0, satb_young_drop=0)
[bactrian] decide: cycle_req=false user=false emergency=false vm_exhausted=false -> Nursery
[bactrian] schedule Nursery (marking=false, mature_pages=2827, reserved=7056, immix=2827, los=21, nonmoving=0, nursery=2011, heap=8192, sweep_pending=false, seeded=0, enq=0, traced=0, skipped_young=0, satb=0, satb_young_drop=0)
[bactrian] decide: cycle_req=false user=false emergency=false vm_exhausted=false -> Nursery
[bactrian] schedule Nursery (marking=false, mature_pages=2879, reserved=6975, immix=2879, los=21, nonmoving=0, nursery=2011, heap=8192, sweep_pending=false, seeded=0, enq=0, traced=0, skipped_young=0, satb=0, satb_young_drop=0)
[bactrian] decide: cycle_req=false user=false emergency=false vm_exhausted=false -> Nursery
[bactrian] schedule Nursery (marking=false, mature_pages=2932, reserved=7029, immix=2932, los=21, nonmoving=0, nursery=2011, heap=8192, sweep_pending=false, seeded=0, enq=0, traced=0, skipped_young=0, satb=0, satb_young_drop=0)
[bactrian] decide: cycle_req=false user=false emergency=false vm_exhausted=false -> Nursery
[bactrian] schedule Nursery (marking=false, mature_pages=3017, reserved=7115, immix=3017, los=21, nonmoving=0, nursery=2145, heap=8192, sweep_pending=false, seeded=0, enq=0, traced=0, skipped_young=0, satb=0, satb_young_drop=0)
[bactrian] decide: cycle_req=false user=false emergency=false vm_exhausted=false -> Nursery
[bactrian] schedule Nursery (marking=false, mature_pages=3071, reserved=7170, immix=3071, los=21, nonmoving=0, nursery=2145, heap=8192, sweep_pending=false, seeded=0, enq=0, traced=0, skipped_young=0, satb=0, satb_young_drop=0)
[bactrian] decide: cycle_req=false user=false emergency=false vm_exhausted=false -> Nursery
[bactrian] schedule Nursery (marking=false, mature_pages=3120, reserved=7354, immix=3120, los=21, nonmoving=0, nursery=2011, heap=8192, sweep_pending=false, seeded=0, enq=0, traced=0, skipped_young=0, satb=0, satb_young_drop=0)
[bactrian] decide: cycle_req=true user=false emergency=false vm_exhausted=false -> Full
[bactrian] schedule Full (marking=false, mature_pages=3209, reserved=3559, immix=3209, los=21, nonmoving=0, nursery=135, heap=8192, sweep_pending=false, seeded=0, enq=0, traced=0, skipped_young=0, satb=0, satb_young_drop=0)
[bactrian] decide: cycle_req=false user=false emergency=false vm_exhausted=false -> Nursery
[bactrian] schedule Nursery (marking=false, mature_pages=2447, reserved=6669, immix=2447, los=21, nonmoving=0, nursery=2011, heap=8192, sweep_pending=false, seeded=0, enq=0, traced=0, skipped_young=0, satb=0, satb_young_drop=0)
[bactrian] decide: cycle_req=false user=false emergency=false vm_exhausted=false -> Nursery
[bactrian] schedule Nursery (marking=false, mature_pages=2447, reserved=6669, immix=2447, los=21, nonmoving=0, nursery=2011, heap=8192, sweep_pending=false, seeded=0, enq=0, traced=0, skipped_young=0, satb=0, satb_young_drop=0)
[bactrian] decide: cycle_req=false user=false emergency=false vm_exhausted=false -> Nursery
[bactrian] schedule Nursery (marking=false, mature_pages=2447, reserved=6669, immix=2447, los=21, nonmoving=0, nursery=2011, heap=8192, sweep_pending=false, seeded=0, enq=0, traced=0, skipped_young=0, satb=0, satb_young_drop=0)
[bactrian] decide: cycle_req=false user=false emergency=false vm_exhausted=false -> Nursery
[bactrian] schedule Nursery (marking=false, mature_pages=2447, reserved=6669, immix=2447, los=21, nonmoving=0, nursery=2011, heap=8192, sweep_pending=false, seeded=0, enq=0, traced=0, skipped_young=0, satb=0, satb_young_drop=0)
[bactrian] decide: cycle_req=false user=false emergency=false vm_exhausted=false -> Nursery
[bactrian] schedule Nursery (marking=false, mature_pages=2447, reserved=6535, immix=2447, los=21, nonmoving=0, nursery=2011, heap=8192, sweep_pending=false, seeded=0, enq=0, traced=0, skipped_young=0, satb=0, satb_young_drop=0)
[bactrian] decide: cycle_req=false user=false emergency=false vm_exhausted=false -> Nursery
[bactrian] schedule Nursery (marking=false, mature_pages=2447, reserved=6535, immix=2447, los=21, nonmoving=0, nursery=2011, heap=8192, sweep_pending=false, seeded=0, enq=0, traced=0, skipped_young=0, satb=0, satb_young_drop=0)
[bactrian] decide: cycle_req=false user=false emergency=false vm_exhausted=false -> Nursery
[bactrian] schedule Nursery (marking=false, mature_pages=2447, reserved=6669, immix=2447, los=21, nonmoving=0, nursery=2011, heap=8192, sweep_pending=false, seeded=0, enq=0, traced=0, skipped_young=0, satb=0, satb_young_drop=0)
[bactrian] decide: cycle_req=false user=false emergency=false vm_exhausted=false -> Nursery
[bactrian] schedule Nursery (marking=false, mature_pages=2447, reserved=6535, immix=2447, los=21, nonmoving=0, nursery=2011, heap=8192, sweep_pending=false, seeded=0, enq=0, traced=0, skipped_young=0, satb=0, satb_young_drop=0)
[bactrian] decide: cycle_req=false user=false emergency=false vm_exhausted=false -> Nursery
[bactrian] schedule Nursery (marking=false, mature_pages=2447, reserved=6669, immix=2447, los=21, nonmoving=0, nursery=2011, heap=8192, sweep_pending=false, seeded=0, enq=0, traced=0, skipped_young=0, satb=0, satb_young_drop=0)
[bactrian] decide: cycle_req=false user=false emergency=false vm_exhausted=false -> Nursery
[bactrian] schedule Nursery (marking=false, mature_pages=2447, reserved=6669, immix=2447, los=21, nonmoving=0, nursery=2011, heap=8192, sweep_pending=false, seeded=0, enq=0, traced=0, skipped_young=0, satb=0, satb_young_drop=0)
[bactrian] decide: cycle_req=false user=false emergency=false vm_exhausted=false -> Nursery
[bactrian] schedule Nursery (marking=false, mature_pages=2533, reserved=6622, immix=2533, los=21, nonmoving=0, nursery=2011, heap=8192, sweep_pending=false, seeded=0, enq=0, traced=0, skipped_young=0, satb=0, satb_young_drop=0)
[bactrian] decide: cycle_req=false user=false emergency=false vm_exhausted=false -> Nursery
[bactrian] schedule Nursery (marking=false, mature_pages=2586, reserved=6676, immix=2586, los=21, nonmoving=0, nursery=2145, heap=8192, sweep_pending=false, seeded=0, enq=0, traced=0, skipped_young=0, satb=0, satb_young_drop=0)
[bactrian] decide: cycle_req=false user=false emergency=false vm_exhausted=false -> Nursery
[bactrian] schedule Nursery (marking=false, mature_pages=2635, reserved=6860, immix=2635, los=21, nonmoving=0, nursery=2011, heap=8192, sweep_pending=false, seeded=0, enq=0, traced=0, skipped_young=0, satb=0, satb_young_drop=0)
[bactrian] decide: cycle_req=false user=false emergency=false vm_exhausted=false -> Nursery
[bactrian] schedule Nursery (marking=false, mature_pages=2724, reserved=6817, immix=2724, los=21, nonmoving=0, nursery=2011, heap=8192, sweep_pending=false, seeded=0, enq=0, traced=0, skipped_young=0, satb=0, satb_young_drop=0)
[bactrian] decide: cycle_req=false user=false emergency=false vm_exhausted=false -> Nursery
[bactrian] schedule Nursery (marking=false, mature_pages=2773, reserved=7001, immix=2773, los=21, nonmoving=0, nursery=2011, heap=8192, sweep_pending=false, seeded=0, enq=0, traced=0, skipped_young=0, satb=0, satb_young_drop=0)
[bactrian] decide: cycle_req=false user=false emergency=false vm_exhausted=false -> Nursery
[bactrian] schedule Nursery (marking=false, mature_pages=2827, reserved=6922, immix=2827, los=21, nonmoving=0, nursery=2145, heap=8192, sweep_pending=false, seeded=0, enq=0, traced=0, skipped_young=0, satb=0, satb_young_drop=0)
[bactrian] decide: cycle_req=false user=false emergency=false vm_exhausted=false -> Nursery
[bactrian] schedule Nursery (marking=false, mature_pages=2912, reserved=7008, immix=2912, los=21, nonmoving=0, nursery=2145, heap=8192, sweep_pending=false, seeded=0, enq=0, traced=0, skipped_young=0, satb=0, satb_young_drop=0)
[bactrian] decide: cycle_req=false user=false emergency=false vm_exhausted=false -> Nursery
[bactrian] schedule Nursery (marking=false, mature_pages=2965, reserved=7196, immix=2965, los=21, nonmoving=0, nursery=2011, heap=8192, sweep_pending=false, seeded=0, enq=0, traced=0, skipped_young=0, satb=0, satb_young_drop=0)
[bactrian] decide: cycle_req=false user=false emergency=false vm_exhausted=false -> Nursery
[bactrian] schedule Nursery (marking=false, mature_pages=3017, reserved=7115, immix=3017, los=21, nonmoving=0, nursery=2145, heap=8192, sweep_pending=false, seeded=0, enq=0, traced=0, skipped_young=0, satb=0, satb_young_drop=0)
[bactrian] decide: cycle_req=false user=false emergency=false vm_exhausted=false -> Nursery
[bactrian] schedule Nursery (marking=false, mature_pages=3104, reserved=7338, immix=3104, los=21, nonmoving=0, nursery=2011, heap=8192, sweep_pending=false, seeded=0, enq=0, traced=0, skipped_young=0, satb=0, satb_young_drop=0)
[bactrian] decide: cycle_req=false user=false emergency=false vm_exhausted=false -> Nursery
[bactrian] schedule Nursery (marking=false, mature_pages=3156, reserved=7391, immix=3156, los=21, nonmoving=0, nursery=2011, heap=8192, sweep_pending=false, seeded=0, enq=0, traced=0, skipped_young=0, satb=0, satb_young_drop=0)
[bactrian] decide: cycle_req=false user=false emergency=false vm_exhausted=false -> Nursery
[bactrian] schedule Nursery (marking=false, mature_pages=3209, reserved=7445, immix=3209, los=21, nonmoving=0, nursery=2011, heap=8192, sweep_pending=false, seeded=0, enq=0, traced=0, skipped_young=0, satb=0, satb_young_drop=0)
[bactrian] decide: cycle_req=false user=false emergency=false vm_exhausted=false -> Nursery
[bactrian] schedule Nursery (marking=false, mature_pages=3286, reserved=7523, immix=3286, los=21, nonmoving=0, nursery=2011, heap=8192, sweep_pending=false, seeded=0, enq=0, traced=0, skipped_young=0, satb=0, satb_young_drop=0)
[bactrian] decide: cycle_req=false user=false emergency=false vm_exhausted=false -> Nursery
[bactrian] schedule Nursery (marking=false, mature_pages=3340, reserved=7578, immix=3340, los=21, nonmoving=0, nursery=2011, heap=8192, sweep_pending=false, seeded=0, enq=0, traced=0, skipped_young=0, satb=0, satb_young_drop=0)
[bactrian] decide: cycle_req=false user=false emergency=false vm_exhausted=false -> Nursery
[bactrian] schedule Nursery (marking=false, mature_pages=3389, reserved=7494, immix=3389, los=21, nonmoving=0, nursery=2011, heap=8192, sweep_pending=false, seeded=0, enq=0, traced=0, skipped_young=0, satb=0, satb_young_drop=0)
[bactrian] decide: cycle_req=false user=false emergency=false vm_exhausted=false -> Nursery
[bactrian] schedule Nursery (marking=false, mature_pages=3450, reserved=7690, immix=3450, los=21, nonmoving=0, nursery=2011, heap=8192, sweep_pending=false, seeded=0, enq=0, traced=0, skipped_young=0, satb=0, satb_young_drop=0)
[bactrian] decide: cycle_req=false user=false emergency=false vm_exhausted=false -> Nursery
[bactrian] schedule Nursery (marking=false, mature_pages=3502, reserved=7743, immix=3502, los=21, nonmoving=0, nursery=2011, heap=8192, sweep_pending=false, seeded=0, enq=0, traced=0, skipped_young=0, satb=0, satb_young_drop=0)
[bactrian] decide: cycle_req=false user=false emergency=false vm_exhausted=false -> Nursery
[bactrian] schedule Nursery (marking=false, mature_pages=3555, reserved=7797, immix=3555, los=21, nonmoving=0, nursery=2011, heap=8192, sweep_pending=false, seeded=0, enq=0, traced=0, skipped_young=0, satb=0, satb_young_drop=0)
[bactrian] decide: cycle_req=false user=false emergency=false vm_exhausted=false -> Nursery
[bactrian] schedule Nursery (marking=false, mature_pages=3604, reserved=7847, immix=3604, los=21, nonmoving=0, nursery=2011, heap=8192, sweep_pending=false, seeded=0, enq=0, traced=0, skipped_young=0, satb=0, satb_young_drop=0)
[bactrian] decide: cycle_req=false user=false emergency=false vm_exhausted=false -> Nursery
[bactrian] schedule Nursery (marking=false, mature_pages=3658, reserved=7902, immix=3658, los=21, nonmoving=0, nursery=2011, heap=8241, sweep_pending=false, seeded=0, enq=0, traced=0, skipped_young=0, satb=0, satb_young_drop=0)
[bactrian] decide: cycle_req=false user=false emergency=false vm_exhausted=false -> Nursery
[bactrian] schedule Nursery (marking=false, mature_pages=3710, reserved=7821, immix=3710, los=21, nonmoving=0, nursery=2011, heap=8357, sweep_pending=false, seeded=0, enq=0, traced=0, skipped_young=0, satb=0, satb_young_drop=0)
[bactrian] decide: cycle_req=false user=false emergency=false vm_exhausted=false -> Nursery
[bactrian] schedule Nursery (marking=false, mature_pages=3763, reserved=8009, immix=3763, los=21, nonmoving=0, nursery=2011, heap=8476, sweep_pending=false, seeded=0, enq=0, traced=0, skipped_young=0, satb=0, satb_young_drop=0)
[bactrian] decide: cycle_req=true user=false emergency=false vm_exhausted=false -> Full
[bactrian] schedule Full (marking=false, mature_pages=3848, reserved=4210, immix=3848, los=21, nonmoving=0, nursery=135, heap=8668, sweep_pending=false, seeded=0, enq=0, traced=0, skipped_young=0, satb=0, satb_young_drop=0)
[bactrian] decide: cycle_req=false user=false emergency=false vm_exhausted=false -> Nursery
[bactrian] schedule Nursery (marking=false, mature_pages=3234, reserved=7604, immix=3234, los=21, nonmoving=0, nursery=2145, heap=8668, sweep_pending=false, seeded=0, enq=0, traced=0, skipped_young=0, satb=0, satb_young_drop=0)
[bactrian] decide: cycle_req=false user=false emergency=false vm_exhausted=false -> Nursery
[bactrian] schedule Nursery (marking=false, mature_pages=3234, reserved=7470, immix=3234, los=21, nonmoving=0, nursery=2011, heap=8192, sweep_pending=false, seeded=0, enq=0, traced=0, skipped_young=0, satb=0, satb_young_drop=0)
[bactrian] decide: cycle_req=false user=false emergency=false vm_exhausted=false -> Nursery
[bactrian] schedule Nursery (marking=false, mature_pages=3234, reserved=7470, immix=3234, los=21, nonmoving=0, nursery=2011, heap=8192, sweep_pending=false, seeded=0, enq=0, traced=0, skipped_young=0, satb=0, satb_young_drop=0)
[bactrian] decide: cycle_req=false user=false emergency=false vm_exhausted=false -> Nursery
[bactrian] schedule Nursery (marking=false, mature_pages=3234, reserved=7336, immix=3234, los=21, nonmoving=0, nursery=2011, heap=8192, sweep_pending=false, seeded=0, enq=0, traced=0, skipped_young=0, satb=0, satb_young_drop=0)
[bactrian] decide: cycle_req=false user=false emergency=false vm_exhausted=false -> Nursery
[bactrian] schedule Nursery (marking=false, mature_pages=3234, reserved=7470, immix=3234, los=21, nonmoving=0, nursery=2145, heap=8192, sweep_pending=false, seeded=0, enq=0, traced=0, skipped_young=0, satb=0, satb_young_drop=0)
[bactrian] decide: cycle_req=false user=false emergency=false vm_exhausted=false -> Nursery
[bactrian] schedule Nursery (marking=false, mature_pages=3234, reserved=7470, immix=3234, los=21, nonmoving=0, nursery=2011, heap=8192, sweep_pending=false, seeded=0, enq=0, traced=0, skipped_young=0, satb=0, satb_young_drop=0)
[bactrian] decide: cycle_req=false user=false emergency=false vm_exhausted=false -> Nursery
[bactrian] schedule Nursery (marking=false, mature_pages=3234, reserved=7470, immix=3234, los=21, nonmoving=0, nursery=2011, heap=8192, sweep_pending=false, seeded=0, enq=0, traced=0, skipped_young=0, satb=0, satb_young_drop=0)
[bactrian] decide: cycle_req=false user=false emergency=false vm_exhausted=false -> Nursery
[bactrian] schedule Nursery (marking=false, mature_pages=3234, reserved=7470, immix=3234, los=21, nonmoving=0, nursery=2011, heap=8192, sweep_pending=false, seeded=0, enq=0, traced=0, skipped_young=0, satb=0, satb_young_drop=0)
[bactrian] decide: cycle_req=false user=false emergency=false vm_exhausted=false -> Nursery
[bactrian] schedule Nursery (marking=false, mature_pages=3234, reserved=7470, immix=3234, los=21, nonmoving=0, nursery=2011, heap=8192, sweep_pending=false, seeded=0, enq=0, traced=0, skipped_young=0, satb=0, satb_young_drop=0)
[bactrian] decide: cycle_req=false user=false emergency=false vm_exhausted=false -> Nursery
[bactrian] schedule Nursery (marking=false, mature_pages=3234, reserved=7470, immix=3234, los=21, nonmoving=0, nursery=2011, heap=8192, sweep_pending=false, seeded=0, enq=0, traced=0, skipped_young=0, satb=0, satb_young_drop=0)
[bactrian] decide: cycle_req=false user=false emergency=false vm_exhausted=false -> Nursery
[bactrian] schedule Nursery (marking=false, mature_pages=3234, reserved=7470, immix=3234, los=21, nonmoving=0, nursery=2011, heap=8192, sweep_pending=false, seeded=0, enq=0, traced=0, skipped_young=0, satb=0, satb_young_drop=0)
[bactrian] decide: cycle_req=false user=false emergency=false vm_exhausted=false -> Nursery
[bactrian] schedule Nursery (marking=false, mature_pages=3234, reserved=7336, immix=3234, los=21, nonmoving=0, nursery=2011, heap=8192, sweep_pending=false, seeded=0, enq=0, traced=0, skipped_young=0, satb=0, satb_young_drop=0)
[bactrian] decide: cycle_req=false user=false emergency=false vm_exhausted=false -> Nursery
[bactrian] schedule Nursery (marking=false, mature_pages=3319, reserved=7557, immix=3319, los=21, nonmoving=0, nursery=2011, heap=8192, sweep_pending=false, seeded=0, enq=0, traced=0, skipped_young=0, satb=0, satb_young_drop=0)
[bactrian] decide: cycle_req=false user=false emergency=false vm_exhausted=false -> Nursery
[bactrian] schedule Nursery (marking=false, mature_pages=3373, reserved=7478, immix=3373, los=21, nonmoving=0, nursery=2145, heap=8192, sweep_pending=false, seeded=0, enq=0, traced=0, skipped_young=0, satb=0, satb_young_drop=0)
[bactrian] decide: cycle_req=false user=false emergency=false vm_exhausted=false -> Nursery
[bactrian] schedule Nursery (marking=false, mature_pages=3425, reserved=7665, immix=3425, los=21, nonmoving=0, nursery=2145, heap=8192, sweep_pending=false, seeded=0, enq=0, traced=0, skipped_young=0, satb=0, satb_young_drop=0)
[bactrian] decide: cycle_req=false user=false emergency=false vm_exhausted=false -> Nursery
[bactrian] schedule Nursery (marking=false, mature_pages=3511, reserved=7618, immix=3511, los=21, nonmoving=0, nursery=2145, heap=8192, sweep_pending=false, seeded=0, enq=0, traced=0, skipped_young=0, satb=0, satb_young_drop=0)
[bactrian] decide: cycle_req=false user=false emergency=false vm_exhausted=false -> Nursery
[bactrian] schedule Nursery (marking=false, mature_pages=3563, reserved=7671, immix=3563, los=21, nonmoving=0, nursery=2145, heap=8192, sweep_pending=false, seeded=0, enq=0, traced=0, skipped_young=0, satb=0, satb_young_drop=0)
[bactrian] decide: cycle_req=false user=false emergency=false vm_exhausted=false -> Nursery
[bactrian] schedule Nursery (marking=false, mature_pages=3617, reserved=7726, immix=3617, los=21, nonmoving=0, nursery=2011, heap=8192, sweep_pending=false, seeded=0, enq=0, traced=0, skipped_young=0, satb=0, satb_young_drop=0)
[bactrian] decide: cycle_req=false user=false emergency=false vm_exhausted=false -> Nursery
[bactrian] schedule Nursery (marking=false, mature_pages=3702, reserved=7947, immix=3702, los=21, nonmoving=0, nursery=2011, heap=8340, sweep_pending=false, seeded=0, enq=0, traced=0, skipped_young=0, satb=0, satb_young_drop=0)
[bactrian] decide: cycle_req=false user=false emergency=false vm_exhausted=false -> Nursery
[bactrian] schedule Nursery (marking=false, mature_pages=3755, reserved=8001, immix=3755, los=21, nonmoving=0, nursery=2011, heap=8459, sweep_pending=false, seeded=0, enq=0, traced=0, skipped_young=0, satb=0, satb_young_drop=0)
[bactrian] decide: cycle_req=false user=false emergency=false vm_exhausted=false -> Nursery
[bactrian] schedule Nursery (marking=false, mature_pages=3804, reserved=8051, immix=3804, los=21, nonmoving=0, nursery=2011, heap=8569, sweep_pending=false, seeded=0, enq=0, traced=0, skipped_young=0, satb=0, satb_young_drop=0)
[bactrian] decide: cycle_req=false user=false emergency=false vm_exhausted=false -> Nursery
[bactrian] schedule Nursery (marking=false, mature_pages=3894, reserved=8410, immix=3894, los=21, nonmoving=0, nursery=2279, heap=8769, sweep_pending=false, seeded=0, enq=0, traced=0, skipped_young=0, satb=0, satb_young_drop=0)
[bactrian] decide: cycle_req=false user=false emergency=false vm_exhausted=false -> Nursery
[bactrian] schedule Nursery (marking=false, mature_pages=3951, reserved=8468, immix=3951, los=21, nonmoving=0, nursery=2145, heap=8896, sweep_pending=false, seeded=0, enq=0, traced=0, skipped_young=0, satb=0, satb_young_drop=0)
[bactrian] decide: cycle_req=false user=false emergency=false vm_exhausted=false -> Nursery
[bactrian] schedule Nursery (marking=false, mature_pages=4012, reserved=8531, immix=4012, los=21, nonmoving=0, nursery=2145, heap=9035, sweep_pending=false, seeded=0, enq=0, traced=0, skipped_young=0, satb=0, satb_young_drop=0)
[bactrian] decide: cycle_req=false user=false emergency=false vm_exhausted=false -> Nursery
[bactrian] schedule Nursery (marking=false, mature_pages=4073, reserved=8727, immix=4073, los=21, nonmoving=0, nursery=2279, heap=9171, sweep_pending=false, seeded=0, enq=0, traced=0, skipped_young=0, satb=0, satb_young_drop=0)
[bactrian] decide: cycle_req=false user=false emergency=false vm_exhausted=false -> Nursery
[bactrian] schedule Nursery (marking=false, mature_pages=4109, reserved=8763, immix=4109, los=21, nonmoving=0, nursery=2413, heap=9251, sweep_pending=false, seeded=0, enq=0, traced=0, skipped_young=0, satb=0, satb_young_drop=0)
[bactrian] decide: cycle_req=false user=false emergency=false vm_exhausted=false -> Nursery
[bactrian] schedule Nursery (marking=false, mature_pages=4187, reserved=8977, immix=4187, los=21, nonmoving=0, nursery=2279, heap=9427, sweep_pending=false, seeded=0, enq=0, traced=0, skipped_young=0, satb=0, satb_young_drop=0)
[bactrian] decide: cycle_req=false user=false emergency=false vm_exhausted=false -> Nursery
[bactrian] schedule Nursery (marking=false, mature_pages=4264, reserved=9189, immix=4264, los=21, nonmoving=0, nursery=2279, heap=9598, sweep_pending=false, seeded=0, enq=0, traced=0, skipped_young=0, satb=0, satb_young_drop=0)
[bactrian] decide: cycle_req=false user=false emergency=false vm_exhausted=false -> Nursery
[bactrian] schedule Nursery (marking=false, mature_pages=4309, reserved=9369, immix=4309, los=21, nonmoving=0, nursery=2413, heap=9699, sweep_pending=false, seeded=0, enq=0, traced=0, skipped_young=0, satb=0, satb_young_drop=0)
[bactrian] decide: cycle_req=false user=false emergency=false vm_exhausted=false -> Nursery
[bactrian] schedule Nursery (marking=false, mature_pages=4358, reserved=9285, immix=4358, los=21, nonmoving=0, nursery=2413, heap=9809, sweep_pending=false, seeded=0, enq=0, traced=0, skipped_young=0, satb=0, satb_young_drop=0)
[bactrian] decide: cycle_req=false user=false emergency=false vm_exhausted=false -> Nursery
[bactrian] schedule Nursery (marking=false, mature_pages=4411, reserved=9473, immix=4411, los=21, nonmoving=0, nursery=2413, heap=9928, sweep_pending=false, seeded=0, enq=0, traced=0, skipped_young=0, satb=0, satb_young_drop=0)
[bactrian] decide: cycle_req=false user=false emergency=false vm_exhausted=false -> Nursery
[bactrian] schedule Nursery (marking=false, mature_pages=4497, reserved=9561, immix=4497, los=21, nonmoving=0, nursery=2413, heap=10122, sweep_pending=false, seeded=0, enq=0, traced=0, skipped_young=0, satb=0, satb_young_drop=0)
[bactrian] decide: cycle_req=true user=false emergency=false vm_exhausted=false -> Full
[bactrian] schedule Full (marking=false, mature_pages=4550, reserved=4925, immix=4550, los=21, nonmoving=0, nursery=135, heap=10241, sweep_pending=false, seeded=0, enq=0, traced=0, skipped_young=0, satb=0, satb_young_drop=0)
[bactrian] decide: cycle_req=false user=false emergency=false vm_exhausted=false -> Nursery
[bactrian] schedule Nursery (marking=false, mature_pages=3971, reserved=9159, immix=3971, los=21, nonmoving=0, nursery=2547, heap=10241, sweep_pending=false, seeded=0, enq=0, traced=0, skipped_young=0, satb=0, satb_young_drop=0)
[bactrian] decide: cycle_req=false user=false emergency=false vm_exhausted=false -> Nursery
[bactrian] schedule Nursery (marking=false, mature_pages=3971, reserved=8355, immix=3971, los=21, nonmoving=0, nursery=2145, heap=8943, sweep_pending=false, seeded=0, enq=0, traced=0, skipped_young=0, satb=0, satb_young_drop=0)
[bactrian] decide: cycle_req=false user=false emergency=false vm_exhausted=false -> Nursery
[bactrian] schedule Nursery (marking=false, mature_pages=3971, reserved=8355, immix=3971, los=21, nonmoving=0, nursery=2279, heap=8943, sweep_pending=false, seeded=0, enq=0, traced=0, skipped_young=0, satb=0, satb_young_drop=0)
[bactrian] decide: cycle_req=false user=false emergency=false vm_exhausted=false -> Nursery
[bactrian] schedule Nursery (marking=false, mature_pages=3971, reserved=8489, immix=3971, los=21, nonmoving=0, nursery=2145, heap=8943, sweep_pending=false, seeded=0, enq=0, traced=0, skipped_young=0, satb=0, satb_young_drop=0)
[bactrian] decide: cycle_req=false user=false emergency=false vm_exhausted=false -> Nursery
[bactrian] schedule Nursery (marking=false, mature_pages=3971, reserved=8489, immix=3971, los=21, nonmoving=0, nursery=2145, heap=8943, sweep_pending=false, seeded=0, enq=0, traced=0, skipped_young=0, satb=0, satb_young_drop=0)
[bactrian] decide: cycle_req=false user=false emergency=false vm_exhausted=false -> Nursery
[bactrian] schedule Nursery (marking=false, mature_pages=3971, reserved=8355, immix=3971, los=21, nonmoving=0, nursery=2279, heap=8943, sweep_pending=false, seeded=0, enq=0, traced=0, skipped_young=0, satb=0, satb_young_drop=0)
[bactrian] decide: cycle_req=false user=false emergency=false vm_exhausted=false -> Nursery
[bactrian] schedule Nursery (marking=false, mature_pages=3971, reserved=8489, immix=3971, los=21, nonmoving=0, nursery=2145, heap=8943, sweep_pending=false, seeded=0, enq=0, traced=0, skipped_young=0, satb=0, satb_young_drop=0)
[bactrian] decide: cycle_req=false user=false emergency=false vm_exhausted=false -> Nursery
[bactrian] schedule Nursery (marking=false, mature_pages=3971, reserved=8489, immix=3971, los=21, nonmoving=0, nursery=2145, heap=8943, sweep_pending=false, seeded=0, enq=0, traced=0, skipped_young=0, satb=0, satb_young_drop=0)
[bactrian] decide: cycle_req=false user=false emergency=false vm_exhausted=false -> Nursery
[bactrian] schedule Nursery (marking=false, mature_pages=3971, reserved=8355, immix=3971, los=21, nonmoving=0, nursery=2145, heap=8943, sweep_pending=false, seeded=0, enq=0, traced=0, skipped_young=0, satb=0, satb_young_drop=0)
[bactrian] decide: cycle_req=false user=false emergency=false vm_exhausted=false -> Nursery
[bactrian] schedule Nursery (marking=false, mature_pages=3971, reserved=8489, immix=3971, los=21, nonmoving=0, nursery=2145, heap=8943, sweep_pending=false, seeded=0, enq=0, traced=0, skipped_young=0, satb=0, satb_young_drop=0)
[bactrian] decide: cycle_req=false user=false emergency=false vm_exhausted=false -> Nursery
[bactrian] schedule Nursery (marking=false, mature_pages=3979, reserved=8497, immix=3979, los=21, nonmoving=0, nursery=2145, heap=8960, sweep_pending=false, seeded=0, enq=0, traced=0, skipped_young=0, satb=0, satb_young_drop=0)
[bactrian] decide: cycle_req=false user=false emergency=false vm_exhausted=false -> Nursery
[bactrian] schedule Nursery (marking=false, mature_pages=4040, reserved=8425, immix=4040, los=21, nonmoving=0, nursery=2145, heap=9097, sweep_pending=false, seeded=0, enq=0, traced=0, skipped_young=0, satb=0, satb_young_drop=0)
[bactrian] decide: cycle_req=false user=false emergency=false vm_exhausted=false -> Nursery
[bactrian] schedule Nursery (marking=false, mature_pages=4101, reserved=8755, immix=4101, los=21, nonmoving=0, nursery=2413, heap=9233, sweep_pending=false, seeded=0, enq=0, traced=0, skipped_young=0, satb=0, satb_young_drop=0)
[bactrian] decide: cycle_req=false user=false emergency=false vm_exhausted=false -> Nursery
[bactrian] schedule Nursery (marking=false, mature_pages=4134, reserved=8789, immix=4134, los=21, nonmoving=0, nursery=2279, heap=9308, sweep_pending=false, seeded=0, enq=0, traced=0, skipped_young=0, satb=0, satb_young_drop=0)
[bactrian] decide: cycle_req=false user=false emergency=false vm_exhausted=false -> Nursery
[bactrian] schedule Nursery (marking=false, mature_pages=4212, reserved=9002, immix=4212, los=21, nonmoving=0, nursery=2279, heap=9482, sweep_pending=false, seeded=0, enq=0, traced=0, skipped_young=0, satb=0, satb_young_drop=0)
[bactrian] decide: cycle_req=false user=false emergency=false vm_exhausted=false -> Nursery
[bactrian] schedule Nursery (marking=false, mature_pages=4289, reserved=9349, immix=4289, los=21, nonmoving=0, nursery=2413, heap=9655, sweep_pending=false, seeded=0, enq=0, traced=0, skipped_young=0, satb=0, satb_young_drop=0)
[bactrian] decide: cycle_req=false user=false emergency=false vm_exhausted=false -> Nursery
[bactrian] schedule Nursery (marking=false, mature_pages=4342, reserved=9403, immix=4342, los=21, nonmoving=0, nursery=2547, heap=9774, sweep_pending=false, seeded=0, enq=0, traced=0, skipped_young=0, satb=0, satb_young_drop=0)
[bactrian] decide: cycle_req=false user=false emergency=false vm_exhausted=false -> Nursery
[bactrian] schedule Nursery (marking=false, mature_pages=4419, reserved=9481, immix=4419, los=21, nonmoving=0, nursery=2413, heap=9946, sweep_pending=false, seeded=0, enq=0, traced=0, skipped_young=0, satb=0, satb_young_drop=0)
[bactrian] decide: cycle_req=false user=false emergency=false vm_exhausted=false -> Nursery
[bactrian] schedule Nursery (marking=false, mature_pages=4472, reserved=9535, immix=4472, los=21, nonmoving=0, nursery=2413, heap=10065, sweep_pending=false, seeded=0, enq=0, traced=0, skipped_young=0, satb=0, satb_young_drop=0)
[bactrian] decide: cycle_req=false user=false emergency=false vm_exhausted=false -> Nursery
[bactrian] schedule Nursery (marking=false, mature_pages=4525, reserved=9589, immix=4525, los=21, nonmoving=0, nursery=2413, heap=10183, sweep_pending=false, seeded=0, enq=0, traced=0, skipped_young=0, satb=0, satb_young_drop=0)
[bactrian] decide: cycle_req=false user=false emergency=false vm_exhausted=false -> Nursery
[bactrian] schedule Nursery (marking=false, mature_pages=4610, reserved=9810, immix=4610, los=21, nonmoving=0, nursery=2547, heap=10375, sweep_pending=false, seeded=0, enq=0, traced=0, skipped_young=0, satb=0, satb_young_drop=0)
[bactrian] decide: cycle_req=false user=false emergency=false vm_exhausted=false -> Nursery
[bactrian] schedule Nursery (marking=false, mature_pages=4671, reserved=9872, immix=4671, los=21, nonmoving=0, nursery=2547, heap=10511, sweep_pending=false, seeded=0, enq=0, traced=0, skipped_young=0, satb=0, satb_young_drop=0)
[bactrian] decide: cycle_req=false user=false emergency=false vm_exhausted=false -> Nursery
[bactrian] schedule Nursery (marking=false, mature_pages=4733, reserved=10069, immix=4733, los=21, nonmoving=0, nursery=2547, heap=10650, sweep_pending=false, seeded=0, enq=0, traced=0, skipped_young=0, satb=0, satb_young_drop=0)
[bactrian] decide: cycle_req=false user=false emergency=false vm_exhausted=false -> Nursery
[bactrian] schedule Nursery (marking=false, mature_pages=4794, reserved=10399, immix=4794, los=21, nonmoving=0, nursery=2681, heap=10786, sweep_pending=false, seeded=0, enq=0, traced=0, skipped_young=0, satb=0, satb_young_drop=0)
[bactrian] decide: cycle_req=false user=false emergency=false vm_exhausted=false -> Nursery
[bactrian] schedule Nursery (marking=false, mature_pages=4871, reserved=10343, immix=4871, los=21, nonmoving=0, nursery=2681, heap=10958, sweep_pending=false, seeded=0, enq=0, traced=0, skipped_young=0, satb=0, satb_young_drop=0)
[bactrian] decide: cycle_req=false user=false emergency=false vm_exhausted=false -> Nursery
[bactrian] schedule Nursery (marking=false, mature_pages=4904, reserved=10511, immix=4904, los=21, nonmoving=0, nursery=2681, heap=11033, sweep_pending=false, seeded=0, enq=0, traced=0, skipped_young=0, satb=0, satb_young_drop=0)
[bactrian] decide: cycle_req=false user=false emergency=false vm_exhausted=false -> Nursery
[bactrian] schedule Nursery (marking=false, mature_pages=4981, reserved=10456, immix=4981, los=21, nonmoving=0, nursery=2681, heap=11206, sweep_pending=false, seeded=0, enq=0, traced=0, skipped_young=0, satb=0, satb_young_drop=0)
[bactrian] decide: cycle_req=false user=false emergency=false vm_exhausted=false -> Nursery
[bactrian] schedule Nursery (marking=false, mature_pages=5059, reserved=10937, immix=5059, los=21, nonmoving=0, nursery=2949, heap=11380, sweep_pending=false, seeded=0, enq=0, traced=0, skipped_young=0, satb=0, satb_young_drop=0)
[bactrian] decide: cycle_req=false user=false emergency=false vm_exhausted=false -> Nursery
[bactrian] schedule Nursery (marking=false, mature_pages=5112, reserved=10991, immix=5112, los=21, nonmoving=0, nursery=2815, heap=11499, sweep_pending=false, seeded=0, enq=0, traced=0, skipped_young=0, satb=0, satb_young_drop=0)
[bactrian] decide: cycle_req=false user=false emergency=false vm_exhausted=false -> Nursery
[bactrian] schedule Nursery (marking=false, mature_pages=5209, reserved=10956, immix=5209, los=21, nonmoving=0, nursery=2815, heap=11717, sweep_pending=false, seeded=0, enq=0, traced=0, skipped_young=0, satb=0, satb_young_drop=0)
[bactrian] decide: cycle_req=false user=false emergency=false vm_exhausted=false -> Nursery
[bactrian] schedule Nursery (marking=false, mature_pages=5258, reserved=11274, immix=5258, los=21, nonmoving=0, nursery=3083, heap=11827, sweep_pending=false, seeded=0, enq=0, traced=0, skipped_young=0, satb=0, satb_young_drop=0)
[bactrian] decide: cycle_req=false user=false emergency=false vm_exhausted=false -> Nursery
[bactrian] schedule Nursery (marking=false, mature_pages=5328, reserved=11479, immix=5328, los=21, nonmoving=0, nursery=2949, heap=11983, sweep_pending=false, seeded=0, enq=0, traced=0, skipped_young=0, satb=0, satb_young_drop=0)
[bactrian] decide: cycle_req=true user=false emergency=false vm_exhausted=false -> Full
[bactrian] schedule Full (marking=false, mature_pages=5433, reserved=5824, immix=5433, los=21, nonmoving=0, nursery=135, heap=12218, sweep_pending=false, seeded=0, enq=0, traced=0, skipped_young=0, satb=0, satb_young_drop=0)
[bactrian] decide: cycle_req=false user=false emergency=false vm_exhausted=false -> Nursery
[bactrian] schedule Nursery (marking=false, mature_pages=4818, reserved=10825, immix=4818, los=21, nonmoving=0, nursery=2949, heap=12218, sweep_pending=false, seeded=0, enq=0, traced=0, skipped_young=0, satb=0, satb_young_drop=0)
[bactrian] decide: cycle_req=false user=false emergency=false vm_exhausted=false -> Nursery
[bactrian] schedule Nursery (marking=false, mature_pages=4818, reserved=10289, immix=4818, los=21, nonmoving=0, nursery=2815, heap=10839, sweep_pending=false, seeded=0, enq=0, traced=0, skipped_young=0, satb=0, satb_young_drop=0)
[bactrian] decide: cycle_req=false user=false emergency=false vm_exhausted=false -> Nursery
[bactrian] schedule Nursery (marking=false, mature_pages=4818, reserved=10289, immix=4818, los=21, nonmoving=0, nursery=2815, heap=10839, sweep_pending=false, seeded=0, enq=0, traced=0, skipped_young=0, satb=0, satb_young_drop=0)
[bactrian] decide: cycle_req=false user=false emergency=false vm_exhausted=false -> Nursery
[bactrian] schedule Nursery (marking=false, mature_pages=4818, reserved=10423, immix=4818, los=21, nonmoving=0, nursery=2681, heap=10839, sweep_pending=false, seeded=0, enq=0, traced=0, skipped_young=0, satb=0, satb_young_drop=0)
[bactrian] decide: cycle_req=false user=false emergency=false vm_exhausted=false -> Nursery
[bactrian] schedule Nursery (marking=false, mature_pages=4818, reserved=10423, immix=4818, los=21, nonmoving=0, nursery=2681, heap=10839, sweep_pending=false, seeded=0, enq=0, traced=0, skipped_young=0, satb=0, satb_young_drop=0)
[bactrian] decide: cycle_req=false user=false emergency=false vm_exhausted=false -> Nursery
[bactrian] schedule Nursery (marking=false, mature_pages=4818, reserved=10289, immix=4818, los=21, nonmoving=0, nursery=2681, heap=10839, sweep_pending=false, seeded=0, enq=0, traced=0, skipped_young=0, satb=0, satb_young_drop=0)
[bactrian] decide: cycle_req=false user=false emergency=false vm_exhausted=false -> Nursery
[bactrian] schedule Nursery (marking=false, mature_pages=4818, reserved=10423, immix=4818, los=21, nonmoving=0, nursery=2681, heap=10839, sweep_pending=false, seeded=0, enq=0, traced=0, skipped_young=0, satb=0, satb_young_drop=0)
[bactrian] decide: cycle_req=false user=false emergency=false vm_exhausted=false -> Nursery
[bactrian] schedule Nursery (marking=false, mature_pages=4818, reserved=10423, immix=4818, los=21, nonmoving=0, nursery=2681, heap=10839, sweep_pending=false, seeded=0, enq=0, traced=0, skipped_young=0, satb=0, satb_young_drop=0)
[bactrian] decide: cycle_req=false user=false emergency=false vm_exhausted=false -> Nursery
[bactrian] schedule Nursery (marking=false, mature_pages=4818, reserved=10423, immix=4818, los=21, nonmoving=0, nursery=2681, heap=10839, sweep_pending=false, seeded=0, enq=0, traced=0, skipped_young=0, satb=0, satb_young_drop=0)
[bactrian] decide: cycle_req=false user=false emergency=false vm_exhausted=false -> Nursery
[bactrian] schedule Nursery (marking=false, mature_pages=4818, reserved=10289, immix=4818, los=21, nonmoving=0, nursery=2681, heap=10839, sweep_pending=false, seeded=0, enq=0, traced=0, skipped_young=0, satb=0, satb_young_drop=0)
[bactrian] decide: cycle_req=false user=false emergency=false vm_exhausted=false -> Nursery
[bactrian] schedule Nursery (marking=false, mature_pages=4835, reserved=10441, immix=4835, los=21, nonmoving=0, nursery=2681, heap=10879, sweep_pending=false, seeded=0, enq=0, traced=0, skipped_young=0, satb=0, satb_young_drop=0)
[bactrian] decide: cycle_req=false user=false emergency=false vm_exhausted=false -> Nursery
[bactrian] schedule Nursery (marking=false, mature_pages=4912, reserved=10519, immix=4912, los=21, nonmoving=0, nursery=2681, heap=11050, sweep_pending=false, seeded=0, enq=0, traced=0, skipped_young=0, satb=0, satb_young_drop=0)
[bactrian] decide: cycle_req=false user=false emergency=false vm_exhausted=false -> Nursery
[bactrian] schedule Nursery (marking=false, mature_pages=4989, reserved=10464, immix=4989, los=21, nonmoving=0, nursery=2681, heap=11224, sweep_pending=false, seeded=0, enq=0, traced=0, skipped_young=0, satb=0, satb_young_drop=0)
[bactrian] decide: cycle_req=false user=false emergency=false vm_exhausted=false -> Nursery
[bactrian] schedule Nursery (marking=false, mature_pages=5071, reserved=10949, immix=5071, los=21, nonmoving=0, nursery=2815, heap=11407, sweep_pending=false, seeded=0, enq=0, traced=0, skipped_young=0, satb=0, satb_young_drop=0)
[bactrian] decide: cycle_req=false user=false emergency=false vm_exhausted=false -> Nursery
[bactrian] schedule Nursery (marking=false, mature_pages=5120, reserved=10865, immix=5120, los=21, nonmoving=0, nursery=2949, heap=11517, sweep_pending=false, seeded=0, enq=0, traced=0, skipped_young=0, satb=0, satb_young_drop=0)
[bactrian] decide: cycle_req=false user=false emergency=false vm_exhausted=false -> Nursery
[bactrian] schedule Nursery (marking=false, mature_pages=5217, reserved=10964, immix=5217, los=21, nonmoving=0, nursery=2815, heap=11734, sweep_pending=false, seeded=0, enq=0, traced=0, skipped_young=0, satb=0, satb_young_drop=0)
[bactrian] decide: cycle_req=false user=false emergency=false vm_exhausted=false -> Nursery
[bactrian] schedule Nursery (marking=false, mature_pages=5266, reserved=11416, immix=5266, los=21, nonmoving=0, nursery=2949, heap=11844, sweep_pending=false, seeded=0, enq=0, traced=0, skipped_young=0, satb=0, satb_young_drop=0)
[bactrian] decide: cycle_req=false user=false emergency=false vm_exhausted=false -> Nursery
[bactrian] schedule Nursery (marking=false, mature_pages=5336, reserved=11487, immix=5336, los=21, nonmoving=0, nursery=2949, heap=12001, sweep_pending=false, seeded=0, enq=0, traced=0, skipped_young=0, satb=0, satb_young_drop=0)
[bactrian] decide: cycle_req=false user=false emergency=false vm_exhausted=false -> Nursery
[bactrian] schedule Nursery (marking=false, mature_pages=8220, reserved=16434, immix=8220, los=21, nonmoving=0, nursery=4021, heap=18462, sweep_pending=false, seeded=0, enq=0, traced=0, skipped_young=0, satb=0, satb_young_drop=0)
[bactrian] decide: cycle_req=true user=false emergency=false vm_exhausted=false -> Full
[bactrian] schedule Full (marking=false, mature_pages=12375, reserved=12894, immix=12375, los=21, nonmoving=0, nursery=135, heap=27772, sweep_pending=false, seeded=0, enq=0, traced=0, skipped_young=0, satb=0, satb_young_drop=0)
[bactrian] decide: cycle_req=false user=false emergency=false vm_exhausted=false -> Nursery
[bactrian] schedule Nursery (marking=false, mature_pages=12175, reserved=20462, immix=12175, los=21, nonmoving=0, nursery=4021, heap=27772, sweep_pending=false, seeded=0, enq=0, traced=0, skipped_young=0, satb=0, satb_young_drop=0)
[bactrian] decide: cycle_req=false user=false emergency=false vm_exhausted=false -> Nursery
[bactrian] schedule Nursery (marking=false, mature_pages=15898, reserved=24388, immix=15898, los=21, nonmoving=0, nursery=4021, heap=35666, sweep_pending=false, seeded=0, enq=0, traced=0, skipped_young=0, satb=0, satb_young_drop=0)
[bactrian] decide: cycle_req=false user=false emergency=false vm_exhausted=false -> Nursery
[bactrian] schedule Nursery (marking=false, mature_pages=20053, reserved=28486, immix=20053, los=21, nonmoving=0, nursery=4155, heap=44976, sweep_pending=false, seeded=0, enq=0, traced=0, skipped_young=0, satb=0, satb_young_drop=0)
[bactrian] decide: cycle_req=false user=false emergency=false vm_exhausted=false -> Nursery
[bactrian] schedule Nursery (marking=false, mature_pages=24208, reserved=32852, immix=24208, los=21, nonmoving=0, nursery=4021, heap=54287, sweep_pending=false, seeded=0, enq=0, traced=0, skipped_young=0, satb=0, satb_young_drop=0)
[bactrian] decide: cycle_req=false user=false emergency=false vm_exhausted=false -> Nursery
[bactrian] schedule Nursery (marking=false, mature_pages=28363, reserved=37084, immix=28363, los=21, nonmoving=0, nursery=4021, heap=63597, sweep_pending=false, seeded=0, enq=0, traced=0, skipped_young=0, satb=0, satb_young_drop=0)
[bactrian] decide: cycle_req=true user=false emergency=false vm_exhausted=false -> Full
[bactrian] schedule Full (marking=false, mature_pages=32518, reserved=33409, immix=32518, los=21, nonmoving=0, nursery=135, heap=72905, sweep_pending=false, seeded=0, enq=0, traced=0, skipped_young=0, satb=0, satb_young_drop=0)
[bactrian] decide: cycle_req=false user=false emergency=false vm_exhausted=false -> Nursery
[bactrian] schedule Nursery (marking=false, mature_pages=32518, reserved=41315, immix=32518, los=21, nonmoving=0, nursery=4155, heap=72905, sweep_pending=false, seeded=0, enq=0, traced=0, skipped_young=0, satb=0, satb_young_drop=0)
[bactrian] decide: cycle_req=false user=false emergency=false vm_exhausted=false -> Nursery
[bactrian] schedule Nursery (marking=false, mature_pages=36651, reserved=45391, immix=36651, los=21, nonmoving=0, nursery=4155, heap=82167, sweep_pending=false, seeded=0, enq=0, traced=0, skipped_young=0, satb=0, satb_young_drop=0)
[bactrian] decide: cycle_req=false user=false emergency=false vm_exhausted=false -> Nursery
[bactrian] schedule Nursery (marking=false, mature_pages=40806, reserved=49757, immix=40806, los=21, nonmoving=0, nursery=4021, heap=91478, sweep_pending=false, seeded=0, enq=0, traced=0, skipped_young=0, satb=0, satb_young_drop=0)
[bactrian] decide: cycle_req=false user=false emergency=false vm_exhausted=false -> Nursery
[bactrian] schedule Nursery (marking=false, mature_pages=44961, reserved=53854, immix=44961, los=21, nonmoving=0, nursery=4021, heap=100786, sweep_pending=false, seeded=0, enq=0, traced=0, skipped_young=0, satb=0, satb_young_drop=0)
[bactrian] decide: cycle_req=false user=false emergency=false vm_exhausted=false -> Nursery
[bactrian] schedule Nursery (marking=false, mature_pages=49116, reserved=58086, immix=49116, los=21, nonmoving=0, nursery=4021, heap=110096, sweep_pending=false, seeded=0, enq=0, traced=0, skipped_young=0, satb=0, satb_young_drop=0)
[bactrian] decide: cycle_req=false user=false emergency=false vm_exhausted=false -> Nursery
[bactrian] schedule Nursery (marking=false, mature_pages=53271, reserved=62452, immix=53271, los=21, nonmoving=0, nursery=4021, heap=119407, sweep_pending=false, seeded=0, enq=0, traced=0, skipped_young=0, satb=0, satb_young_drop=0)
[bactrian] decide: cycle_req=false user=false emergency=false vm_exhausted=false -> Nursery
[bactrian] schedule Nursery (marking=false, mature_pages=57426, reserved=66550, immix=57426, los=21, nonmoving=0, nursery=4021, heap=128717, sweep_pending=false, seeded=0, enq=0, traced=0, skipped_young=0, satb=0, satb_young_drop=0)
[bactrian] decide: cycle_req=false user=false emergency=false vm_exhausted=false -> Nursery
[bactrian] schedule Nursery (marking=false, mature_pages=61581, reserved=70782, immix=61581, los=21, nonmoving=0, nursery=4021, heap=138028, sweep_pending=false, seeded=0, enq=0, traced=0, skipped_young=0, satb=0, satb_young_drop=0)
[bactrian] decide: cycle_req=false user=false emergency=false vm_exhausted=false -> Nursery
[bactrian] schedule Nursery (marking=false, mature_pages=65736, reserved=75147, immix=65736, los=21, nonmoving=0, nursery=4021, heap=147336, sweep_pending=false, seeded=0, enq=0, traced=0, skipped_young=0, satb=0, satb_young_drop=0)
[bactrian] decide: cycle_req=false user=false emergency=false vm_exhausted=false -> Nursery
[bactrian] schedule Nursery (marking=false, mature_pages=69891, reserved=79379, immix=69891, los=21, nonmoving=0, nursery=4021, heap=156646, sweep_pending=false, seeded=0, enq=0, traced=0, skipped_young=0, satb=0, satb_young_drop=0)
[bactrian] decide: cycle_req=false user=false emergency=false vm_exhausted=false -> Nursery
[bactrian] schedule Nursery (marking=false, mature_pages=74048, reserved=83613, immix=74048, los=21, nonmoving=0, nursery=4021, heap=165961, sweep_pending=false, seeded=0, enq=0, traced=0, skipped_young=0, satb=0, satb_young_drop=0)
[bactrian] decide: cycle_req=false user=false emergency=false vm_exhausted=false -> Nursery
[bactrian] schedule Nursery (marking=false, mature_pages=78203, reserved=87845, immix=78203, los=21, nonmoving=0, nursery=4021, heap=175271, sweep_pending=false, seeded=0, enq=0, traced=0, skipped_young=0, satb=0, satb_young_drop=0)
[bactrian] decide: cycle_req=true user=false emergency=false vm_exhausted=false -> Full
[bactrian] schedule Full (marking=false, mature_pages=82358, reserved=84171, immix=82358, los=21, nonmoving=0, nursery=135, heap=184582, sweep_pending=false, seeded=0, enq=0, traced=0, skipped_young=0, satb=0, satb_young_drop=0)
[bactrian] decide: cycle_req=false user=false emergency=false vm_exhausted=false -> Nursery
[bactrian] schedule Nursery (marking=false, mature_pages=82366, reserved=92085, immix=82366, los=21, nonmoving=0, nursery=4021, heap=184599, sweep_pending=false, seeded=0, enq=0, traced=0, skipped_young=0, satb=0, satb_young_drop=0)
[bactrian] decide: cycle_req=false user=false emergency=false vm_exhausted=false -> Nursery
[bactrian] schedule Nursery (marking=false, mature_pages=86485, reserved=96280, immix=86485, los=21, nonmoving=0, nursery=4021, heap=193828, sweep_pending=false, seeded=0, enq=0, traced=0, skipped_young=0, satb=0, satb_young_drop=0)
[bactrian] decide: cycle_req=false user=false emergency=false vm_exhausted=false -> Nursery
[bactrian] schedule Nursery (marking=false, mature_pages=90640, reserved=100512, immix=90640, los=21, nonmoving=0, nursery=4021, heap=203139, sweep_pending=false, seeded=0, enq=0, traced=0, skipped_young=0, satb=0, satb_young_drop=0)
[bactrian] decide: cycle_req=false user=false emergency=false vm_exhausted=false -> Nursery
[bactrian] schedule Nursery (marking=false, mature_pages=94795, reserved=104610, immix=94795, los=21, nonmoving=0, nursery=4021, heap=212449, sweep_pending=false, seeded=0, enq=0, traced=0, skipped_young=0, satb=0, satb_young_drop=0)
[bactrian] decide: cycle_req=false user=false emergency=false vm_exhausted=false -> Nursery
[bactrian] schedule Nursery (marking=false, mature_pages=98950, reserved=108841, immix=98950, los=21, nonmoving=0, nursery=4155, heap=221757, sweep_pending=false, seeded=0, enq=0, traced=0, skipped_young=0, satb=0, satb_young_drop=0)
[bactrian] decide: cycle_req=false user=false emergency=false vm_exhausted=false -> Nursery
[bactrian] schedule Nursery (marking=false, mature_pages=103105, reserved=113207, immix=103105, los=21, nonmoving=0, nursery=4021, heap=231068, sweep_pending=false, seeded=0, enq=0, traced=0, skipped_young=0, satb=0, satb_young_drop=0)
[bactrian] decide: cycle_req=false user=false emergency=false vm_exhausted=false -> Nursery
[bactrian] schedule Nursery (marking=false, mature_pages=107262, reserved=117307, immix=107262, los=21, nonmoving=0, nursery=4021, heap=240383, sweep_pending=false, seeded=0, enq=0, traced=0, skipped_young=0, satb=0, satb_young_drop=0)
[bactrian] decide: cycle_req=false user=false emergency=false vm_exhausted=false -> Nursery
[bactrian] schedule Nursery (marking=false, mature_pages=111417, reserved=121673, immix=111417, los=21, nonmoving=0, nursery=4021, heap=249693, sweep_pending=false, seeded=0, enq=0, traced=0, skipped_young=0, satb=0, satb_young_drop=0)
[bactrian] decide: cycle_req=false user=false emergency=false vm_exhausted=false -> Nursery
[bactrian] schedule Nursery (marking=false, mature_pages=115572, reserved=125905, immix=115572, los=21, nonmoving=0, nursery=4021, heap=259003, sweep_pending=false, seeded=0, enq=0, traced=0, skipped_young=0, satb=0, satb_young_drop=0)
[bactrian] decide: cycle_req=false user=false emergency=false vm_exhausted=false -> Nursery
[bactrian] schedule Nursery (marking=false, mature_pages=119727, reserved=130002, immix=119727, los=21, nonmoving=0, nursery=4021, heap=268312, sweep_pending=false, seeded=0, enq=0, traced=0, skipped_young=0, satb=0, satb_young_drop=0)
[bactrian] decide: cycle_req=false user=false emergency=false vm_exhausted=false -> Nursery
[bactrian] schedule Nursery (marking=false, mature_pages=123882, reserved=134234, immix=123882, los=21, nonmoving=0, nursery=4021, heap=277622, sweep_pending=false, seeded=0, enq=0, traced=0, skipped_young=0, satb=0, satb_young_drop=0)
[bactrian] decide: cycle_req=false user=false emergency=false vm_exhausted=false -> Nursery
[bactrian] schedule Nursery (marking=false, mature_pages=128037, reserved=138466, immix=128037, los=21, nonmoving=0, nursery=4021, heap=286932, sweep_pending=false, seeded=0, enq=0, traced=0, skipped_young=0, satb=0, satb_young_drop=0)
[bactrian] decide: cycle_req=false user=false emergency=false vm_exhausted=false -> Nursery
[bactrian] schedule Nursery (marking=false, mature_pages=132192, reserved=142832, immix=132192, los=21, nonmoving=0, nursery=4021, heap=296243, sweep_pending=false, seeded=0, enq=0, traced=0, skipped_young=0, satb=0, satb_young_drop=0)
[bactrian] decide: cycle_req=false user=false emergency=false vm_exhausted=false -> Nursery
[bactrian] schedule Nursery (marking=false, mature_pages=136347, reserved=146930, immix=136347, los=21, nonmoving=0, nursery=4155, heap=305553, sweep_pending=false, seeded=0, enq=0, traced=0, skipped_young=0, satb=0, satb_young_drop=0)
[bactrian] decide: cycle_req=false user=false emergency=false vm_exhausted=false -> Nursery
[bactrian] schedule Nursery (marking=false, mature_pages=140502, reserved=151161, immix=140502, los=21, nonmoving=0, nursery=4021, heap=314861, sweep_pending=false, seeded=0, enq=0, traced=0, skipped_young=0, satb=0, satb_young_drop=0)
[bactrian] decide: cycle_req=false user=false emergency=false vm_exhausted=false -> Nursery
[bactrian] schedule Nursery (marking=false, mature_pages=144659, reserved=155395, immix=144659, los=21, nonmoving=0, nursery=4155, heap=324176, sweep_pending=false, seeded=0, enq=0, traced=0, skipped_young=0, satb=0, satb_young_drop=0)
[bactrian] decide: cycle_req=false user=false emergency=false vm_exhausted=false -> Nursery
[bactrian] schedule Nursery (marking=false, mature_pages=148814, reserved=159761, immix=148814, los=21, nonmoving=0, nursery=4021, heap=333487, sweep_pending=false, seeded=0, enq=0, traced=0, skipped_young=0, satb=0, satb_young_drop=0)
[bactrian] decide: cycle_req=false user=false emergency=false vm_exhausted=false -> Nursery
[bactrian] schedule Nursery (marking=false, mature_pages=152969, reserved=163859, immix=152969, los=21, nonmoving=0, nursery=4021, heap=342797, sweep_pending=false, seeded=0, enq=0, traced=0, skipped_young=0, satb=0, satb_young_drop=0)
[bactrian] decide: cycle_req=false user=false emergency=false vm_exhausted=false -> Nursery
[bactrian] schedule Nursery (marking=false, mature_pages=157124, reserved=168225, immix=157124, los=21, nonmoving=0, nursery=4021, heap=352107, sweep_pending=false, seeded=0, enq=0, traced=0, skipped_young=0, satb=0, satb_young_drop=0)
[bactrian] decide: cycle_req=false user=false emergency=false vm_exhausted=false -> Nursery
[bactrian] schedule Nursery (marking=false, mature_pages=161279, reserved=172322, immix=161279, los=21, nonmoving=0, nursery=4155, heap=361416, sweep_pending=false, seeded=0, enq=0, traced=0, skipped_young=0, satb=0, satb_young_drop=0)
[bactrian] decide: cycle_req=false user=false emergency=false vm_exhausted=false -> Nursery
[bactrian] schedule Nursery (marking=false, mature_pages=165434, reserved=176554, immix=165434, los=21, nonmoving=0, nursery=4155, heap=370726, sweep_pending=false, seeded=0, enq=0, traced=0, skipped_young=0, satb=0, satb_young_drop=0)
[bactrian] decide: cycle_req=false user=false emergency=false vm_exhausted=false -> Nursery
[bactrian] schedule Nursery (marking=false, mature_pages=169589, reserved=180786, immix=169589, los=21, nonmoving=0, nursery=4155, heap=380036, sweep_pending=false, seeded=0, enq=0, traced=0, skipped_young=0, satb=0, satb_young_drop=0)
[bactrian] decide: cycle_req=false user=false emergency=false vm_exhausted=false -> Nursery
[bactrian] schedule Nursery (marking=false, mature_pages=173744, reserved=185018, immix=173744, los=21, nonmoving=0, nursery=4021, heap=389347, sweep_pending=false, seeded=0, enq=0, traced=0, skipped_young=0, satb=0, satb_young_drop=0)
[bactrian] decide: cycle_req=false user=false emergency=false vm_exhausted=false -> Nursery
[bactrian] schedule Nursery (marking=false, mature_pages=177901, reserved=189520, immix=177901, los=21, nonmoving=0, nursery=4021, heap=398662, sweep_pending=false, seeded=0, enq=0, traced=0, skipped_young=0, satb=0, satb_young_drop=0)
[bactrian] decide: cycle_req=false user=false emergency=false vm_exhausted=false -> Nursery
[bactrian] schedule Nursery (marking=false, mature_pages=182056, reserved=193617, immix=182056, los=21, nonmoving=0, nursery=4021, heap=407970, sweep_pending=false, seeded=0, enq=0, traced=0, skipped_young=0, satb=0, satb_young_drop=0)
[bactrian] decide: cycle_req=false user=false emergency=false vm_exhausted=false -> Nursery
[bactrian] schedule Nursery (marking=false, mature_pages=186211, reserved=197715, immix=186211, los=21, nonmoving=0, nursery=4021, heap=417280, sweep_pending=false, seeded=0, enq=0, traced=0, skipped_young=0, satb=0, satb_young_drop=0)
[bactrian] decide: cycle_req=false user=false emergency=false vm_exhausted=false -> Nursery
[bactrian] schedule Nursery (marking=false, mature_pages=190366, reserved=201947, immix=190366, los=21, nonmoving=0, nursery=4021, heap=426591, sweep_pending=false, seeded=0, enq=0, traced=0, skipped_young=0, satb=0, satb_young_drop=0)
[bactrian] decide: cycle_req=false user=false emergency=false vm_exhausted=false -> Nursery
[bactrian] schedule Nursery (marking=false, mature_pages=194521, reserved=206313, immix=194521, los=21, nonmoving=0, nursery=4021, heap=435901, sweep_pending=false, seeded=0, enq=0, traced=0, skipped_young=0, satb=0, satb_young_drop=0)
[bactrian] decide: cycle_req=false user=false emergency=false vm_exhausted=false -> Nursery
[bactrian] schedule Nursery (marking=false, mature_pages=198676, reserved=210545, immix=198676, los=21, nonmoving=0, nursery=4021, heap=445211, sweep_pending=false, seeded=0, enq=0, traced=0, skipped_young=0, satb=0, satb_young_drop=0)
[bactrian] decide: cycle_req=false user=false emergency=false vm_exhausted=false -> Nursery
[bactrian] schedule Nursery (marking=false, mature_pages=202831, reserved=214776, immix=202831, los=21, nonmoving=0, nursery=4021, heap=454520, sweep_pending=false, seeded=0, enq=0, traced=0, skipped_young=0, satb=0, satb_young_drop=0)
[bactrian] decide: cycle_req=true user=false emergency=false vm_exhausted=false -> InitialMark
[bactrian] schedule InitialMark (marking=false, mature_pages=206986, reserved=211102, immix=206986, los=21, nonmoving=0, nursery=135, heap=463830, sweep_pending=false, seeded=0, enq=0, traced=0, skipped_young=0, satb=0, satb_young_drop=0)
[bactrian] schedule Nursery (marking=true, mature_pages=207002, reserved=218890, immix=207002, los=21, nonmoving=0, nursery=4155, heap=463865, sweep_pending=false, seeded=779, enq=779, traced=0, skipped_young=0, satb=1346, satb_young_drop=115118)
[bactrian] schedule Nursery (marking=true, mature_pages=211157, reserved=223122, immix=211157, los=21, nonmoving=0, nursery=4021, heap=473176, sweep_pending=false, seeded=779, enq=110340, traced=62504, skipped_young=0, satb=2692, satb_young_drop=230235)
[bactrian] schedule Nursery (marking=true, mature_pages=215314, reserved=227490, immix=215314, los=21, nonmoving=0, nursery=4021, heap=482490, sweep_pending=false, seeded=779, enq=169102, traced=123914, skipped_young=0, satb=4050, satb_young_drop=345349)
[bactrian] schedule Nursery (marking=true, mature_pages=219469, reserved=231722, immix=219469, los=21, nonmoving=0, nursery=4021, heap=491801, sweep_pending=false, seeded=779, enq=225327, traced=182756, skipped_young=0, satb=5396, satb_young_drop=460467)
[bactrian] schedule Nursery (marking=true, mature_pages=223624, reserved=235954, immix=223624, los=21, nonmoving=0, nursery=4021, heap=501111, sweep_pending=false, seeded=779, enq=274676, traced=230768, skipped_young=0, satb=6742, satb_young_drop=575584)
[bactrian] schedule Nursery (marking=true, mature_pages=227779, reserved=240185, immix=227779, los=21, nonmoving=0, nursery=4021, heap=510419, sweep_pending=false, seeded=779, enq=323360, traced=284215, skipped_young=0, satb=8100, satb_young_drop=690698)
[bactrian] schedule Nursery (marking=true, mature_pages=231934, reserved=244283, immix=231934, los=21, nonmoving=0, nursery=4021, heap=519730, sweep_pending=false, seeded=779, enq=383460, traced=303494, skipped_young=0, satb=9446, satb_young_drop=805816)
[bactrian] schedule Nursery (marking=true, mature_pages=236089, reserved=248515, immix=236089, los=21, nonmoving=0, nursery=4155, heap=529040, sweep_pending=false, seeded=779, enq=446442, traced=339685, skipped_young=0, satb=10792, satb_young_drop=920933)
[bactrian] schedule Nursery (marking=true, mature_pages=240244, reserved=252747, immix=240244, los=21, nonmoving=0, nursery=4021, heap=538351, sweep_pending=false, seeded=779, enq=509159, traced=394357, skipped_young=0, satb=12150, satb_young_drop=1036047)
[bactrian] schedule Nursery (marking=true, mature_pages=244399, reserved=256979, immix=244399, los=21, nonmoving=0, nursery=4021, heap=547661, sweep_pending=false, seeded=779, enq=563071, traced=446968, skipped_young=0, satb=13496, satb_young_drop=1151165)
[bactrian] schedule Nursery (marking=true, mature_pages=248556, reserved=261212, immix=248556, los=21, nonmoving=0, nursery=4021, heap=556974, sweep_pending=false, seeded=779, enq=607201, traced=498233, skipped_young=0, satb=14842, satb_young_drop=1266283)
[bactrian] schedule Nursery (marking=true, mature_pages=252711, reserved=265444, immix=252711, los=21, nonmoving=0, nursery=4021, heap=566284, sweep_pending=false, seeded=779, enq=653233, traced=550745, skipped_young=0, satb=16200, satb_young_drop=1381396)
[bactrian] schedule Nursery (marking=true, mature_pages=256866, reserved=269810, immix=256866, los=21, nonmoving=0, nursery=4021, heap=575594, sweep_pending=false, seeded=779, enq=704614, traced=601699, skipped_young=0, satb=17546, satb_young_drop=1496514)
[bactrian] schedule Nursery (marking=true, mature_pages=261021, reserved=273908, immix=261021, los=21, nonmoving=0, nursery=4155, heap=584905, sweep_pending=false, seeded=779, enq=759512, traced=655925, skipped_young=0, satb=18892, satb_young_drop=1611632)
[bactrian] schedule Nursery (marking=true, mature_pages=265176, reserved=278140, immix=265176, los=21, nonmoving=0, nursery=4021, heap=594215, sweep_pending=false, seeded=779, enq=793822, traced=727756, skipped_young=0, satb=20238, satb_young_drop=1726749)
[bactrian] schedule Nursery (marking=true, mature_pages=269331, reserved=282505, immix=269331, los=21, nonmoving=0, nursery=4155, heap=603523, sweep_pending=false, seeded=779, enq=830296, traced=780080, skipped_young=0, satb=21596, satb_young_drop=1841863)
[bactrian] schedule Nursery (marking=true, mature_pages=273486, reserved=286737, immix=273486, los=21, nonmoving=0, nursery=4021, heap=612834, sweep_pending=false, seeded=779, enq=872411, traced=819309, skipped_young=0, satb=22942, satb_young_drop=1956981)
[bactrian] schedule Nursery (marking=true, mature_pages=277641, reserved=290835, immix=277641, los=21, nonmoving=0, nursery=4155, heap=622144, sweep_pending=false, seeded=779, enq=909911, traced=861496, skipped_young=0, satb=24288, satb_young_drop=2072098)
[bactrian] schedule Nursery (marking=true, mature_pages=281796, reserved=295067, immix=281796, los=21, nonmoving=0, nursery=4021, heap=631455, sweep_pending=false, seeded=779, enq=951741, traced=901584, skipped_young=0, satb=25646, satb_young_drop=2187212)
[bactrian] schedule Nursery (marking=true, mature_pages=285953, reserved=299435, immix=285953, los=21, nonmoving=0, nursery=4021, heap=640769, sweep_pending=false, seeded=779, enq=992929, traced=937513, skipped_young=0, satb=26992, satb_young_drop=2302330)
[bactrian] schedule Nursery (marking=true, mature_pages=290108, reserved=303532, immix=290108, los=21, nonmoving=0, nursery=4021, heap=650078, sweep_pending=false, seeded=779, enq=1031473, traced=959894, skipped_young=0, satb=28338, satb_young_drop=2417447)
[bactrian] schedule Nursery (marking=true, mature_pages=294263, reserved=307764, immix=294263, los=21, nonmoving=0, nursery=4021, heap=659388, sweep_pending=false, seeded=779, enq=1078579, traced=994287, skipped_young=0, satb=29696, satb_young_drop=2532561)
[bactrian] schedule Nursery (marking=true, mature_pages=298418, reserved=312130, immix=298418, los=21, nonmoving=0, nursery=4021, heap=668698, sweep_pending=false, seeded=779, enq=1116728, traced=1034165, skipped_young=0, satb=31042, satb_young_drop=2647679)
[bactrian] schedule Nursery (marking=true, mature_pages=302573, reserved=316228, immix=302573, los=21, nonmoving=0, nursery=4021, heap=678009, sweep_pending=false, seeded=779, enq=1163435, traced=1091809, skipped_young=0, satb=32388, satb_young_drop=2762796)
[bactrian] schedule Nursery (marking=true, mature_pages=306728, reserved=320594, immix=306728, los=21, nonmoving=0, nursery=4021, heap=687319, sweep_pending=false, seeded=779, enq=1200021, traced=1146077, skipped_young=0, satb=33746, satb_young_drop=2877910)
[bactrian] schedule Nursery (marking=true, mature_pages=310883, reserved=324691, immix=310883, los=21, nonmoving=0, nursery=4021, heap=696627, sweep_pending=false, seeded=779, enq=1236856, traced=1190110, skipped_young=0, satb=35092, satb_young_drop=2993028)
[bactrian] schedule Nursery (marking=true, mature_pages=315038, reserved=328923, immix=315038, los=21, nonmoving=0, nursery=4021, heap=705938, sweep_pending=false, seeded=779, enq=1268395, traced=1243659, skipped_young=0, satb=36438, satb_young_drop=3108146)
[bactrian] schedule Nursery (marking=true, mature_pages=319195, reserved=333425, immix=319195, los=21, nonmoving=0, nursery=4021, heap=715253, sweep_pending=false, seeded=779, enq=1296866, traced=1280120, skipped_young=0, satb=37794, satb_young_drop=3223259)
[bactrian] schedule Nursery (marking=true, mature_pages=323350, reserved=337389, immix=323350, los=21, nonmoving=0, nursery=4021, heap=724563, sweep_pending=false, seeded=779, enq=1327280, traced=1310645, skipped_young=0, satb=39141, satb_young_drop=3338378)
[bactrian] schedule Nursery (marking=true, mature_pages=327505, reserved=341755, immix=327505, los=21, nonmoving=0, nursery=4021, heap=733873, sweep_pending=false, seeded=779, enq=1355619, traced=1338986, skipped_young=0, satb=40487, satb_young_drop=3453496)
[bactrian] schedule Nursery (marking=true, mature_pages=331660, reserved=345986, immix=331660, los=21, nonmoving=0, nursery=4021, heap=743182, sweep_pending=false, seeded=779, enq=1383977, traced=1367344, skipped_young=0, satb=41833, satb_young_drop=3568613)
[bactrian] schedule Nursery (marking=true, mature_pages=335815, reserved=350084, immix=335815, los=21, nonmoving=0, nursery=4021, heap=752492, sweep_pending=false, seeded=779, enq=1412335, traced=1395702, skipped_young=0, satb=554397, satb_young_drop=3623423)
[bactrian] schedule Nursery (marking=true, mature_pages=337807, reserved=352113, immix=337807, los=21, nonmoving=0, nursery=4021, heap=756956, sweep_pending=false, seeded=779, enq=2928022, traced=1928994, skipped_young=0, satb=1518381, satb_young_drop=3627136)
[bactrian] schedule Nursery (marking=true, mature_pages=337892, reserved=352200, immix=337892, los=21, nonmoving=0, nursery=4021, heap=757147, sweep_pending=false, seeded=779, enq=3446628, traced=2932118, skipped_young=0, satb=2482365, satb_young_drop=3630849)
[bactrian] schedule Nursery (marking=true, mature_pages=337982, reserved=352291, immix=337982, los=21, nonmoving=0, nursery=4021, heap=757347, sweep_pending=false, seeded=779, enq=6255549, traced=3942093, skipped_young=0, satb=3446370, satb_young_drop=3634558)
[bactrian] schedule Nursery (marking=true, mature_pages=338067, reserved=352378, immix=338067, los=21, nonmoving=0, nursery=4021, heap=757539, sweep_pending=false, seeded=779, enq=7801215, traced=4934900, skipped_young=0, satb=4410354, satb_young_drop=3638271)
[bactrian] schedule Nursery (marking=true, mature_pages=338153, reserved=352465, immix=338153, los=21, nonmoving=0, nursery=4021, heap=757730, sweep_pending=false, seeded=779, enq=9369121, traced=5966692, skipped_young=0, satb=5374338, satb_young_drop=3641984)
[bactrian] schedule Nursery (marking=true, mature_pages=338238, reserved=352552, immix=338238, los=21, nonmoving=0, nursery=4021, heap=757922, sweep_pending=false, seeded=779, enq=9882949, traced=6994348, skipped_young=0, satb=6338343, satb_young_drop=3645693)
[bactrian] schedule Nursery (marking=true, mature_pages=338328, reserved=352778, immix=338328, los=21, nonmoving=0, nursery=4155, heap=758124, sweep_pending=false, seeded=779, enq=12255348, traced=7993677, skipped_young=0, satb=7302327, satb_young_drop=3649406)
[bactrian] schedule Nursery (marking=true, mature_pages=338413, reserved=352730, immix=338413, los=21, nonmoving=0, nursery=4021, heap=758313, sweep_pending=false, seeded=779, enq=13224348, traced=9020594, skipped_young=0, satb=8266310, satb_young_drop=3653119)
[bactrian] schedule Nursery (marking=true, mature_pages=338499, reserved=352818, immix=338499, los=21, nonmoving=0, nursery=4021, heap=758507, sweep_pending=false, seeded=779, enq=15689037, traced=10015924, skipped_young=0, satb=9230313, satb_young_drop=3656828)
[bactrian] schedule Nursery (marking=true, mature_pages=338585, reserved=352905, immix=338585, los=21, nonmoving=0, nursery=4021, heap=758698, sweep_pending=false, seeded=779, enq=16539902, traced=11034294, skipped_young=0, satb=9385010, satb_young_drop=3752701)
[bactrian] schedule Nursery (marking=true, mature_pages=342092, reserved=356611, immix=342092, los=21, nonmoving=0, nursery=4021, heap=766557, sweep_pending=false, seeded=779, enq=16539902, traced=11242186, skipped_young=0, satb=9386368, satb_young_drop=3867815)
[bactrian] schedule Nursery (marking=true, mature_pages=346247, reserved=360709, immix=346247, los=21, nonmoving=0, nursery=4021, heap=775867, sweep_pending=false, seeded=779, enq=16539902, traced=11297110, skipped_young=0, satb=9387714, satb_young_drop=3982933)
[bactrian] schedule Nursery (marking=true, mature_pages=350402, reserved=365075, immix=350402, los=21, nonmoving=0, nursery=4021, heap=785177, sweep_pending=false, seeded=779, enq=16647338, traced=11333974, skipped_young=0, satb=9389060, satb_young_drop=4098050)
[bactrian] schedule FinalMark (marking=true, mature_pages=354557, reserved=361131, immix=354557, los=21, nonmoving=0, nursery=0, heap=794488, sweep_pending=false, seeded=779, enq=27142669, traced=27142669, skipped_young=0, satb=9389060, satb_young_drop=4098050)
[bactrian] schedule Nursery (marking=false, mature_pages=354548, reserved=369163, immix=354548, los=21, nonmoving=0, nursery=4155, heap=794488, sweep_pending=true, seeded=779, enq=27142669, traced=27142669, skipped_young=0, satb=9389060, satb_young_drop=4098050)
[bactrian] schedule Nursery (marking=false, mature_pages=358705, reserved=373397, immix=358705, los=21, nonmoving=0, nursery=4021, heap=803781, sweep_pending=true, seeded=779, enq=27142669, traced=27142669, skipped_young=0, satb=9389060, satb_young_drop=4098050)
[bactrian] schedule Nursery (marking=false, mature_pages=362860, reserved=377629, immix=362860, los=21, nonmoving=0, nursery=4021, heap=813091, sweep_pending=true, seeded=779, enq=27142669, traced=27142669, skipped_young=0, satb=9389060, satb_young_drop=4098050)
[bactrian] schedule Nursery (marking=false, mature_pages=367015, reserved=381861, immix=367015, los=21, nonmoving=0, nursery=4155, heap=822401, sweep_pending=true, seeded=779, enq=27142669, traced=27142669, skipped_young=0, satb=9389060, satb_young_drop=4098050)
[bactrian] schedule Nursery (marking=false, mature_pages=371170, reserved=386227, immix=371170, los=21, nonmoving=0, nursery=4021, heap=831712, sweep_pending=true, seeded=779, enq=27142669, traced=27142669, skipped_young=0, satb=9389060, satb_young_drop=4098050)
[bactrian] schedule Nursery (marking=false, mature_pages=375325, reserved=390324, immix=375325, los=21, nonmoving=0, nursery=4021, heap=841020, sweep_pending=true, seeded=779, enq=27142669, traced=27142669, skipped_young=0, satb=9389060, satb_young_drop=4098050)
[bactrian] schedule Nursery (marking=false, mature_pages=379480, reserved=394690, immix=379480, los=21, nonmoving=0, nursery=4021, heap=850330, sweep_pending=true, seeded=779, enq=27142669, traced=27142669, skipped_young=0, satb=9389060, satb_young_drop=4098050)
[bactrian] schedule Nursery (marking=false, mature_pages=383635, reserved=398922, immix=383635, los=21, nonmoving=0, nursery=4021, heap=859641, sweep_pending=true, seeded=779, enq=27142669, traced=27142669, skipped_young=0, satb=9389060, satb_young_drop=4098050)
[bactrian] schedule Nursery (marking=false, mature_pages=387790, reserved=403020, immix=387790, los=21, nonmoving=0, nursery=4021, heap=868951, sweep_pending=true, seeded=779, enq=27142669, traced=27142669, skipped_young=0, satb=9389060, satb_young_drop=4098050)
[bactrian] schedule Nursery (marking=false, mature_pages=391947, reserved=407254, immix=391947, los=21, nonmoving=0, nursery=4021, heap=878266, sweep_pending=true, seeded=779, enq=27142669, traced=27142669, skipped_young=0, satb=9389060, satb_young_drop=4098050)
[bactrian] schedule Nursery (marking=false, mature_pages=396102, reserved=411619, immix=396102, los=21, nonmoving=0, nursery=4021, heap=887574, sweep_pending=true, seeded=779, enq=27142669, traced=27142669, skipped_young=0, satb=9389060, satb_young_drop=4098050)
[bactrian] schedule Nursery (marking=false, mature_pages=400257, reserved=415851, immix=400257, los=21, nonmoving=0, nursery=4021, heap=896885, sweep_pending=true, seeded=779, enq=27142669, traced=27142669, skipped_young=0, satb=9389060, satb_young_drop=4098050)
[bactrian] schedule Nursery (marking=false, mature_pages=404412, reserved=420083, immix=404412, los=21, nonmoving=0, nursery=4021, heap=906195, sweep_pending=true, seeded=779, enq=27142669, traced=27142669, skipped_young=0, satb=9389060, satb_young_drop=4098050)
[bactrian] schedule Nursery (marking=false, mature_pages=408567, reserved=424181, immix=408567, los=21, nonmoving=0, nursery=4155, heap=915505, sweep_pending=true, seeded=779, enq=27142669, traced=27142669, skipped_young=0, satb=9389060, satb_young_drop=4098050)
[bactrian] schedule Nursery (marking=false, mature_pages=412722, reserved=428413, immix=412722, los=21, nonmoving=0, nursery=4155, heap=924816, sweep_pending=true, seeded=779, enq=27142669, traced=27142669, skipped_young=0, satb=9389060, satb_young_drop=4098050)
[bactrian] schedule Nursery (marking=false, mature_pages=416877, reserved=432778, immix=416877, los=21, nonmoving=0, nursery=4021, heap=934124, sweep_pending=true, seeded=779, enq=27142669, traced=27142669, skipped_young=0, satb=9389060, satb_young_drop=4098050)
[bactrian] schedule Nursery (marking=false, mature_pages=421032, reserved=436876, immix=421032, los=21, nonmoving=0, nursery=4155, heap=943434, sweep_pending=true, seeded=779, enq=27142669, traced=27142669, skipped_young=0, satb=9389060, satb_young_drop=4098050)
[bactrian] schedule Nursery (marking=false, mature_pages=425187, reserved=441108, immix=425187, los=21, nonmoving=0, nursery=4021, heap=952745, sweep_pending=true, seeded=779, enq=27142669, traced=27142669, skipped_young=0, satb=9389060, satb_young_drop=4098050)
[bactrian] decide: cycle_req=false user=false emergency=false vm_exhausted=false -> Nursery
[bactrian] schedule Nursery (marking=false, mature_pages=429344, reserved=445476, immix=429344, los=21, nonmoving=0, nursery=4021, heap=962060, sweep_pending=false, seeded=779, enq=27142669, traced=27142669, skipped_young=0, satb=9389060, satb_young_drop=4098050)
[bactrian] decide: cycle_req=false user=false emergency=false vm_exhausted=false -> Nursery
[bactrian] schedule Nursery (marking=false, mature_pages=433430, reserved=449637, immix=433430, los=21, nonmoving=0, nursery=4021, heap=971214, sweep_pending=false, seeded=779, enq=27142669, traced=27142669, skipped_young=0, satb=9389060, satb_young_drop=4098050)
[bactrian] decide: cycle_req=false user=false emergency=false vm_exhausted=false -> Nursery
[bactrian] schedule Nursery (marking=false, mature_pages=437585, reserved=453735, immix=437585, los=21, nonmoving=0, nursery=4155, heap=980524, sweep_pending=false, seeded=779, enq=27142669, traced=27142669, skipped_young=0, satb=9389060, satb_young_drop=4098050)
[bactrian] decide: cycle_req=false user=false emergency=false vm_exhausted=false -> Nursery
[bactrian] schedule Nursery (marking=false, mature_pages=441740, reserved=457967, immix=441740, los=21, nonmoving=0, nursery=4021, heap=989835, sweep_pending=false, seeded=779, enq=27142669, traced=27142669, skipped_young=0, satb=9389060, satb_young_drop=4098050)
[bactrian] decide: cycle_req=false user=false emergency=false vm_exhausted=false -> Nursery
[bactrian] schedule Nursery (marking=false, mature_pages=445895, reserved=462333, immix=445895, los=21, nonmoving=0, nursery=4021, heap=999145, sweep_pending=false, seeded=779, enq=27142669, traced=27142669, skipped_young=0, satb=9389060, satb_young_drop=4098050)
[bactrian] decide: cycle_req=false user=false emergency=false vm_exhausted=false -> Nursery
[bactrian] schedule Nursery (marking=false, mature_pages=450050, reserved=466431, immix=450050, los=21, nonmoving=0, nursery=4021, heap=1008455, sweep_pending=false, seeded=779, enq=27142669, traced=27142669, skipped_young=0, satb=9389060, satb_young_drop=4098050)
[bactrian] decide: cycle_req=false user=false emergency=false vm_exhausted=false -> Nursery
[bactrian] schedule Nursery (marking=false, mature_pages=454205, reserved=470662, immix=454205, los=21, nonmoving=0, nursery=4021, heap=1017764, sweep_pending=false, seeded=779, enq=27142669, traced=27142669, skipped_young=0, satb=9389060, satb_young_drop=4098050)
[bactrian] decide: cycle_req=false user=false emergency=false vm_exhausted=false -> Nursery
[bactrian] schedule Nursery (marking=false, mature_pages=458360, reserved=475028, immix=458360, los=21, nonmoving=0, nursery=4155, heap=1027074, sweep_pending=false, seeded=779, enq=27142669, traced=27142669, skipped_young=0, satb=9389060, satb_young_drop=4098050)
[bactrian] decide: cycle_req=false user=false emergency=false vm_exhausted=false -> Nursery
[bactrian] schedule Nursery (marking=false, mature_pages=462517, reserved=479128, immix=462517, los=21, nonmoving=0, nursery=4021, heap=1036389, sweep_pending=false, seeded=779, enq=27142669, traced=27142669, skipped_young=0, satb=9389060, satb_young_drop=4098050)
[bactrian] decide: cycle_req=false user=false emergency=false vm_exhausted=false -> Nursery
[bactrian] schedule Nursery (marking=false, mature_pages=466672, reserved=483360, immix=466672, los=21, nonmoving=0, nursery=4021, heap=1045699, sweep_pending=false, seeded=779, enq=27142669, traced=27142669, skipped_young=0, satb=9389060, satb_young_drop=4098050)
[bactrian] decide: cycle_req=false user=false emergency=false vm_exhausted=false -> Nursery
[bactrian] schedule Nursery (marking=false, mature_pages=470827, reserved=487592, immix=470827, los=21, nonmoving=0, nursery=4021, heap=1055010, sweep_pending=false, seeded=779, enq=27142669, traced=27142669, skipped_young=0, satb=9389060, satb_young_drop=4098050)
[bactrian] decide: cycle_req=false user=false emergency=false vm_exhausted=false -> Nursery
[bactrian] schedule Nursery (marking=false, mature_pages=474982, reserved=491823, immix=474982, los=21, nonmoving=0, nursery=4021, heap=1064318, sweep_pending=false, seeded=779, enq=27142669, traced=27142669, skipped_young=0, satb=9389060, satb_young_drop=4098050)
[bactrian] decide: cycle_req=false user=false emergency=false vm_exhausted=false -> Nursery
[bactrian] schedule Nursery (marking=false, mature_pages=479137, reserved=496189, immix=479137, los=21, nonmoving=0, nursery=4021, heap=1073628, sweep_pending=false, seeded=779, enq=27142669, traced=27142669, skipped_young=0, satb=9389060, satb_young_drop=4098050)
[bactrian] decide: cycle_req=false user=false emergency=false vm_exhausted=false -> Nursery
[bactrian] schedule Nursery (marking=false, mature_pages=483292, reserved=500287, immix=483292, los=21, nonmoving=0, nursery=4021, heap=1082939, sweep_pending=false, seeded=779, enq=27142669, traced=27142669, skipped_young=0, satb=9389060, satb_young_drop=4098050)
[bactrian] decide: cycle_req=false user=false emergency=false vm_exhausted=false -> Nursery
[bactrian] schedule Nursery (marking=false, mature_pages=487447, reserved=504653, immix=487447, los=21, nonmoving=0, nursery=4021, heap=1092249, sweep_pending=false, seeded=779, enq=27142669, traced=27142669, skipped_young=0, satb=9389060, satb_young_drop=4098050)
[bactrian] decide: cycle_req=false user=false emergency=false vm_exhausted=false -> Nursery
[bactrian] schedule Nursery (marking=false, mature_pages=491602, reserved=508885, immix=491602, los=21, nonmoving=0, nursery=4021, heap=1101559, sweep_pending=false, seeded=779, enq=27142669, traced=27142669, skipped_young=0, satb=9389060, satb_young_drop=4098050)
[bactrian] decide: cycle_req=false user=false emergency=false vm_exhausted=false -> Nursery
[bactrian] schedule Nursery (marking=false, mature_pages=495757, reserved=512982, immix=495757, los=21, nonmoving=0, nursery=4021, heap=1110868, sweep_pending=false, seeded=779, enq=27142669, traced=27142669, skipped_young=0, satb=9389060, satb_young_drop=4098050)
[bactrian] decide: cycle_req=false user=false emergency=false vm_exhausted=false -> Nursery
[bactrian] schedule Nursery (marking=false, mature_pages=499914, reserved=517216, immix=499914, los=21, nonmoving=0, nursery=4021, heap=1120182, sweep_pending=false, seeded=779, enq=27142669, traced=27142669, skipped_young=0, satb=9389060, satb_young_drop=4098050)
[bactrian] decide: cycle_req=false user=false emergency=false vm_exhausted=false -> Nursery
[bactrian] schedule Nursery (marking=false, mature_pages=504069, reserved=521448, immix=504069, los=21, nonmoving=0, nursery=4021, heap=1129493, sweep_pending=false, seeded=779, enq=27142669, traced=27142669, skipped_young=0, satb=9389060, satb_young_drop=4098050)
[bactrian] decide: cycle_req=false user=false emergency=false vm_exhausted=false -> Nursery
[bactrian] schedule Nursery (marking=false, mature_pages=508224, reserved=525814, immix=508224, los=21, nonmoving=0, nursery=4021, heap=1138803, sweep_pending=false, seeded=779, enq=27142669, traced=27142669, skipped_young=0, satb=9389060, satb_young_drop=4098050)
[bactrian] decide: cycle_req=false user=false emergency=false vm_exhausted=false -> Nursery
[bactrian] schedule Nursery (marking=false, mature_pages=512379, reserved=529912, immix=512379, los=21, nonmoving=0, nursery=4021, heap=1148114, sweep_pending=false, seeded=779, enq=27142669, traced=27142669, skipped_young=0, satb=9389060, satb_young_drop=4098050)
[bactrian] decide: cycle_req=false user=false emergency=false vm_exhausted=false -> Nursery
[bactrian] schedule Nursery (marking=false, mature_pages=516534, reserved=534143, immix=516534, los=21, nonmoving=0, nursery=4155, heap=1157422, sweep_pending=false, seeded=779, enq=27142669, traced=27142669, skipped_young=0, satb=9389060, satb_young_drop=4098050)
[bactrian] decide: cycle_req=false user=false emergency=false vm_exhausted=false -> Nursery
[bactrian] schedule Nursery (marking=false, mature_pages=520689, reserved=538375, immix=520689, los=21, nonmoving=0, nursery=4021, heap=1166732, sweep_pending=false, seeded=779, enq=27142669, traced=27142669, skipped_young=0, satb=9389060, satb_young_drop=4098050)
[bactrian] decide: cycle_req=false user=false emergency=false vm_exhausted=false -> Nursery
[bactrian] schedule Nursery (marking=false, mature_pages=524844, reserved=542607, immix=524844, los=21, nonmoving=0, nursery=4155, heap=1176043, sweep_pending=false, seeded=779, enq=27142669, traced=27142669, skipped_young=0, satb=9389060, satb_young_drop=4098050)
[bactrian] decide: cycle_req=false user=false emergency=false vm_exhausted=false -> Nursery
[bactrian] schedule Nursery (marking=false, mature_pages=528999, reserved=546973, immix=528999, los=21, nonmoving=0, nursery=4021, heap=1185353, sweep_pending=false, seeded=779, enq=27142669, traced=27142669, skipped_young=0, satb=9389060, satb_young_drop=4098050)
[bactrian] decide: cycle_req=false user=false emergency=false vm_exhausted=false -> Nursery
[bactrian] schedule Nursery (marking=false, mature_pages=533156, reserved=551207, immix=533156, los=21, nonmoving=0, nursery=4021, heap=1194668, sweep_pending=false, seeded=779, enq=27142669, traced=27142669, skipped_young=0, satb=9389060, satb_young_drop=4098050)
[bactrian] decide: cycle_req=false user=false emergency=false vm_exhausted=false -> Nursery
[bactrian] schedule Nursery (marking=false, mature_pages=537311, reserved=555304, immix=537311, los=21, nonmoving=0, nursery=4021, heap=1203976, sweep_pending=false, seeded=779, enq=27142669, traced=27142669, skipped_young=0, satb=9389060, satb_young_drop=4098050)
[bactrian] decide: cycle_req=false user=false emergency=false vm_exhausted=false -> Nursery
[bactrian] schedule Nursery (marking=false, mature_pages=541466, reserved=559670, immix=541466, los=21, nonmoving=0, nursery=4155, heap=1213286, sweep_pending=false, seeded=779, enq=27142669, traced=27142669, skipped_young=0, satb=9389060, satb_young_drop=4098050)
[bactrian] decide: cycle_req=false user=false emergency=false vm_exhausted=false -> Nursery
[bactrian] schedule Nursery (marking=false, mature_pages=545621, reserved=563768, immix=545621, los=21, nonmoving=0, nursery=4155, heap=1222597, sweep_pending=false, seeded=779, enq=27142669, traced=27142669, skipped_young=0, satb=9389060, satb_young_drop=4098050)
[bactrian] decide: cycle_req=false user=false emergency=false vm_exhausted=false -> Nursery
[bactrian] schedule Nursery (marking=false, mature_pages=549776, reserved=568134, immix=549776, los=21, nonmoving=0, nursery=4021, heap=1231907, sweep_pending=false, seeded=779, enq=27142669, traced=27142669, skipped_young=0, satb=9389060, satb_young_drop=4098050)
[bactrian] decide: cycle_req=false user=false emergency=false vm_exhausted=false -> Nursery
[bactrian] schedule Nursery (marking=false, mature_pages=553931, reserved=572366, immix=553931, los=21, nonmoving=0, nursery=4021, heap=1241218, sweep_pending=false, seeded=779, enq=27142669, traced=27142669, skipped_young=0, satb=9389060, satb_young_drop=4098050)
[bactrian] decide: cycle_req=false user=false emergency=false vm_exhausted=false -> Nursery
[bactrian] schedule Nursery (marking=false, mature_pages=558086, reserved=576731, immix=558086, los=21, nonmoving=0, nursery=4021, heap=1250526, sweep_pending=false, seeded=779, enq=27142669, traced=27142669, skipped_young=0, satb=9389060, satb_young_drop=4098050)
[bactrian] decide: cycle_req=false user=false emergency=false vm_exhausted=false -> Nursery
[bactrian] schedule Nursery (marking=false, mature_pages=562241, reserved=580829, immix=562241, los=21, nonmoving=0, nursery=4021, heap=1259836, sweep_pending=false, seeded=779, enq=27142669, traced=27142669, skipped_young=0, satb=9389060, satb_young_drop=4098050)
[bactrian] decide: cycle_req=false user=false emergency=false vm_exhausted=false -> Nursery
[bactrian] schedule Nursery (marking=false, mature_pages=566396, reserved=584927, immix=566396, los=21, nonmoving=0, nursery=4021, heap=1269147, sweep_pending=false, seeded=779, enq=27142669, traced=27142669, skipped_young=0, satb=9389060, satb_young_drop=4098050)
[bactrian] decide: cycle_req=false user=false emergency=false vm_exhausted=false -> Nursery
[bactrian] schedule Nursery (marking=false, mature_pages=570553, reserved=589161, immix=570553, los=21, nonmoving=0, nursery=4021, heap=1278461, sweep_pending=false, seeded=779, enq=27142669, traced=27142669, skipped_young=0, satb=9389060, satb_young_drop=4098050)
[bactrian] decide: cycle_req=false user=false emergency=false vm_exhausted=false -> Nursery
[bactrian] schedule Nursery (marking=false, mature_pages=574708, reserved=593393, immix=574708, los=21, nonmoving=0, nursery=4155, heap=1287772, sweep_pending=false, seeded=779, enq=27142669, traced=27142669, skipped_young=0, satb=9389060, satb_young_drop=4098050)
[bactrian] decide: cycle_req=false user=false emergency=false vm_exhausted=false -> Nursery
[bactrian] schedule Nursery (marking=false, mature_pages=578863, reserved=597624, immix=578863, los=21, nonmoving=0, nursery=4021, heap=1297080, sweep_pending=false, seeded=779, enq=27142669, traced=27142669, skipped_young=0, satb=9389060, satb_young_drop=4098050)
[bactrian] decide: cycle_req=false user=false emergency=false vm_exhausted=false -> Nursery
[bactrian] schedule Nursery (marking=false, mature_pages=583018, reserved=601856, immix=583018, los=21, nonmoving=0, nursery=4155, heap=1306390, sweep_pending=false, seeded=779, enq=27142669, traced=27142669, skipped_young=0, satb=9389060, satb_young_drop=4098050)
[bactrian] decide: cycle_req=false user=false emergency=false vm_exhausted=false -> Nursery
[bactrian] schedule Nursery (marking=false, mature_pages=587173, reserved=606088, immix=587173, los=21, nonmoving=0, nursery=4021, heap=1315701, sweep_pending=false, seeded=779, enq=27142669, traced=27142669, skipped_young=0, satb=9389060, satb_young_drop=4098050)
[bactrian] decide: cycle_req=false user=false emergency=false vm_exhausted=false -> Nursery
[bactrian] schedule Nursery (marking=false, mature_pages=591328, reserved=610320, immix=591328, los=21, nonmoving=0, nursery=4021, heap=1325011, sweep_pending=false, seeded=779, enq=27142669, traced=27142669, skipped_young=0, satb=9389060, satb_young_drop=4098050)
[bactrian] decide: cycle_req=false user=false emergency=false vm_exhausted=false -> Nursery
[bactrian] schedule Nursery (marking=false, mature_pages=595483, reserved=614552, immix=595483, los=21, nonmoving=0, nursery=4021, heap=1334322, sweep_pending=false, seeded=779, enq=27142669, traced=27142669, skipped_young=0, satb=9389060, satb_young_drop=4098050)
[bactrian] decide: cycle_req=false user=false emergency=false vm_exhausted=false -> Nursery
[bactrian] schedule Nursery (marking=false, mature_pages=599638, reserved=618783, immix=599638, los=21, nonmoving=0, nursery=4021, heap=1343630, sweep_pending=false, seeded=779, enq=27142669, traced=27142669, skipped_young=0, satb=9389060, satb_young_drop=4098050)
[bactrian] decide: cycle_req=false user=false emergency=false vm_exhausted=false -> Nursery
[bactrian] schedule Nursery (marking=false, mature_pages=603795, reserved=623151, immix=603795, los=21, nonmoving=0, nursery=4021, heap=1352945, sweep_pending=false, seeded=779, enq=27142669, traced=27142669, skipped_young=0, satb=9389060, satb_young_drop=4098050)
[bactrian] decide: cycle_req=false user=false emergency=false vm_exhausted=false -> Nursery
[bactrian] schedule Nursery (marking=false, mature_pages=607950, reserved=627249, immix=607950, los=21, nonmoving=0, nursery=4021, heap=1362255, sweep_pending=false, seeded=779, enq=27142669, traced=27142669, skipped_young=0, satb=9389060, satb_young_drop=4098050)
[bactrian] decide: cycle_req=false user=false emergency=false vm_exhausted=false -> Nursery
[bactrian] schedule Nursery (marking=false, mature_pages=612105, reserved=631481, immix=612105, los=21, nonmoving=0, nursery=4021, heap=1371565, sweep_pending=false, seeded=779, enq=27142669, traced=27142669, skipped_young=0, satb=9389060, satb_young_drop=4098050)
[bactrian] decide: cycle_req=false user=false emergency=false vm_exhausted=false -> Nursery
[bactrian] schedule Nursery (marking=false, mature_pages=616260, reserved=635847, immix=616260, los=21, nonmoving=0, nursery=4021, heap=1380876, sweep_pending=false, seeded=779, enq=27142669, traced=27142669, skipped_young=0, satb=9389060, satb_young_drop=4098050)
[bactrian] decide: cycle_req=false user=false emergency=false vm_exhausted=false -> Nursery
[bactrian] schedule Nursery (marking=false, mature_pages=620415, reserved=640078, immix=620415, los=21, nonmoving=0, nursery=4021, heap=1390184, sweep_pending=false, seeded=779, enq=27142669, traced=27142669, skipped_young=0, satb=9389060, satb_young_drop=4098050)
[bactrian] decide: cycle_req=false user=false emergency=false vm_exhausted=false -> Nursery
[bactrian] schedule Nursery (marking=false, mature_pages=624570, reserved=644310, immix=624570, los=21, nonmoving=0, nursery=4021, heap=1399494, sweep_pending=false, seeded=779, enq=27142669, traced=27142669, skipped_young=0, satb=9389060, satb_young_drop=4098050)
[bactrian] decide: cycle_req=false user=false emergency=false vm_exhausted=false -> Nursery
[bactrian] schedule Nursery (marking=false, mature_pages=628725, reserved=648408, immix=628725, los=21, nonmoving=0, nursery=4021, heap=1408805, sweep_pending=false, seeded=779, enq=27142669, traced=27142669, skipped_young=0, satb=9389060, satb_young_drop=4098050)
[bactrian] decide: cycle_req=false user=false emergency=false vm_exhausted=false -> Nursery
[bactrian] schedule Nursery (marking=false, mature_pages=632880, reserved=652774, immix=632880, los=21, nonmoving=0, nursery=4021, heap=1418115, sweep_pending=false, seeded=779, enq=27142669, traced=27142669, skipped_young=0, satb=9389060, satb_young_drop=4098050)
[bactrian] decide: cycle_req=false user=false emergency=false vm_exhausted=false -> Nursery
[bactrian] schedule Nursery (marking=false, mature_pages=637035, reserved=657006, immix=637035, los=21, nonmoving=0, nursery=4021, heap=1427426, sweep_pending=false, seeded=779, enq=27142669, traced=27142669, skipped_young=0, satb=9389060, satb_young_drop=4098050)
[bactrian] decide: cycle_req=false user=false emergency=false vm_exhausted=false -> Nursery
[bactrian] schedule Nursery (marking=false, mature_pages=641192, reserved=661105, immix=641192, los=21, nonmoving=0, nursery=4021, heap=1436738, sweep_pending=false, seeded=779, enq=27142669, traced=27142669, skipped_young=0, satb=9389060, satb_young_drop=4098050)
[bactrian] decide: cycle_req=false user=false emergency=false vm_exhausted=false -> Nursery
[bactrian] schedule Nursery (marking=false, mature_pages=645347, reserved=665337, immix=645347, los=21, nonmoving=0, nursery=4021, heap=1446049, sweep_pending=false, seeded=779, enq=27142669, traced=27142669, skipped_young=0, satb=9389060, satb_young_drop=4098050)
[bactrian] decide: cycle_req=false user=false emergency=false vm_exhausted=false -> Nursery
[bactrian] schedule Nursery (marking=false, mature_pages=649502, reserved=669569, immix=649502, los=21, nonmoving=0, nursery=4021, heap=1455359, sweep_pending=false, seeded=779, enq=27142669, traced=27142669, skipped_young=0, satb=9389060, satb_young_drop=4098050)
[bactrian] decide: cycle_req=false user=false emergency=false vm_exhausted=false -> Nursery
[bactrian] schedule Nursery (marking=false, mature_pages=653657, reserved=673935, immix=653657, los=21, nonmoving=0, nursery=4021, heap=1464669, sweep_pending=false, seeded=779, enq=27142669, traced=27142669, skipped_young=0, satb=9389060, satb_young_drop=4098050)
[bactrian] decide: cycle_req=false user=false emergency=false vm_exhausted=false -> Nursery
[bactrian] schedule Nursery (marking=false, mature_pages=657812, reserved=678033, immix=657812, los=21, nonmoving=0, nursery=4021, heap=1473980, sweep_pending=false, seeded=779, enq=27142669, traced=27142669, skipped_young=0, satb=9389060, satb_young_drop=4098050)
[bactrian] decide: cycle_req=false user=false emergency=false vm_exhausted=false -> Nursery
[bactrian] schedule Nursery (marking=false, mature_pages=661967, reserved=682264, immix=661967, los=21, nonmoving=0, nursery=4155, heap=1483288, sweep_pending=false, seeded=779, enq=27142669, traced=27142669, skipped_young=0, satb=9389060, satb_young_drop=4098050)
[bactrian] decide: cycle_req=false user=false emergency=false vm_exhausted=false -> Nursery
[bactrian] schedule Nursery (marking=false, mature_pages=666122, reserved=686630, immix=666122, los=21, nonmoving=0, nursery=4021, heap=1492598, sweep_pending=false, seeded=779, enq=27142669, traced=27142669, skipped_young=0, satb=9389060, satb_young_drop=4098050)
[bactrian] decide: cycle_req=false user=false emergency=false vm_exhausted=false -> Nursery
[bactrian] schedule Nursery (marking=false, mature_pages=670277, reserved=690862, immix=670277, los=21, nonmoving=0, nursery=4021, heap=1501909, sweep_pending=false, seeded=779, enq=27142669, traced=27142669, skipped_young=0, satb=9389060, satb_young_drop=4098050)
[bactrian] decide: cycle_req=false user=false emergency=false vm_exhausted=false -> Nursery
[bactrian] schedule Nursery (marking=false, mature_pages=671671, reserved=692282, immix=671671, los=21, nonmoving=0, nursery=4021, heap=1505033, sweep_pending=false, seeded=779, enq=27142669, traced=27142669, skipped_young=0, satb=9389060, satb_young_drop=4098050)
[bactrian] decide: cycle_req=false user=false emergency=false vm_exhausted=false -> Nursery
[bactrian] schedule Nursery (marking=false, mature_pages=671756, reserved=692234, immix=671756, los=21, nonmoving=0, nursery=4155, heap=1505222, sweep_pending=false, seeded=779, enq=27142669, traced=27142669, skipped_young=0, satb=9389060, satb_young_drop=4098050)
[bactrian] decide: cycle_req=false user=false emergency=false vm_exhausted=false -> Nursery
[bactrian] schedule Nursery (marking=false, mature_pages=671846, reserved=692326, immix=671846, los=21, nonmoving=0, nursery=4155, heap=1505424, sweep_pending=false, seeded=779, enq=27142669, traced=27142669, skipped_young=0, satb=9389060, satb_young_drop=4098050)
[bactrian] decide: cycle_req=false user=false emergency=false vm_exhausted=false -> Nursery
[bactrian] schedule Nursery (marking=false, mature_pages=671931, reserved=692413, immix=671931, los=21, nonmoving=0, nursery=4021, heap=1505616, sweep_pending=false, seeded=779, enq=27142669, traced=27142669, skipped_young=0, satb=9389060, satb_young_drop=4098050)
[bactrian] decide: cycle_req=false user=false emergency=false vm_exhausted=false -> Nursery
[bactrian] schedule Nursery (marking=false, mature_pages=672017, reserved=692500, immix=672017, los=21, nonmoving=0, nursery=4021, heap=1505807, sweep_pending=false, seeded=779, enq=27142669, traced=27142669, skipped_young=0, satb=9389060, satb_young_drop=4098050)
[bactrian] decide: cycle_req=false user=false emergency=false vm_exhausted=false -> Nursery
[bactrian] schedule Nursery (marking=false, mature_pages=672103, reserved=692856, immix=672103, los=21, nonmoving=0, nursery=4021, heap=1506001, sweep_pending=false, seeded=779, enq=27142669, traced=27142669, skipped_young=0, satb=9389060, satb_young_drop=4098050)
[bactrian] decide: cycle_req=false user=false emergency=false vm_exhausted=false -> Nursery
[bactrian] schedule Nursery (marking=false, mature_pages=672192, reserved=692678, immix=672192, los=21, nonmoving=0, nursery=4155, heap=1506199, sweep_pending=false, seeded=779, enq=27142669, traced=27142669, skipped_young=0, satb=9389060, satb_young_drop=4098050)
[bactrian] decide: cycle_req=false user=false emergency=false vm_exhausted=false -> Nursery
[bactrian] schedule Nursery (marking=false, mature_pages=672277, reserved=692765, immix=672277, los=21, nonmoving=0, nursery=4155, heap=1506390, sweep_pending=false, seeded=779, enq=27142669, traced=27142669, skipped_young=0, satb=9389060, satb_young_drop=4098050)
[bactrian] decide: cycle_req=false user=false emergency=false vm_exhausted=false -> Nursery
[bactrian] schedule Nursery (marking=false, mature_pages=672364, reserved=692988, immix=672364, los=21, nonmoving=0, nursery=4021, heap=1506586, sweep_pending=false, seeded=779, enq=27142669, traced=27142669, skipped_young=0, satb=9389060, satb_young_drop=4098050)
[bactrian] decide: cycle_req=false user=false emergency=false vm_exhausted=false -> Nursery
[bactrian] schedule Nursery (marking=false, mature_pages=672449, reserved=693074, immix=672449, los=21, nonmoving=0, nursery=4021, heap=1506775, sweep_pending=false, seeded=779, enq=27142669, traced=27142669, skipped_young=0, satb=9389060, satb_young_drop=4098050)
[bactrian] decide: cycle_req=false user=false emergency=false vm_exhausted=false -> Nursery
[bactrian] schedule Nursery (marking=false, mature_pages=676557, reserved=697124, immix=676557, los=21, nonmoving=0, nursery=4021, heap=1515980, sweep_pending=false, seeded=779, enq=27142669, traced=27142669, skipped_young=0, satb=9389060, satb_young_drop=4098050)
[bactrian] decide: cycle_req=false user=false emergency=false vm_exhausted=false -> Nursery
[bactrian] schedule Nursery (marking=false, mature_pages=680712, reserved=701356, immix=680712, los=21, nonmoving=0, nursery=4021, heap=1525290, sweep_pending=false, seeded=779, enq=27142669, traced=27142669, skipped_young=0, satb=9389060, satb_young_drop=4098050)
[bactrian] decide: cycle_req=false user=false emergency=false vm_exhausted=false -> Nursery
[bactrian] schedule Nursery (marking=false, mature_pages=684867, reserved=705722, immix=684867, los=21, nonmoving=0, nursery=4155, heap=1534601, sweep_pending=false, seeded=779, enq=27142669, traced=27142669, skipped_young=0, satb=9389060, satb_young_drop=4098050)
[bactrian] decide: cycle_req=false user=false emergency=false vm_exhausted=false -> Nursery
[bactrian] schedule Nursery (marking=false, mature_pages=689022, reserved=709953, immix=689022, los=21, nonmoving=0, nursery=4021, heap=1543909, sweep_pending=false, seeded=779, enq=27142669, traced=27142669, skipped_young=0, satb=9389060, satb_young_drop=4098050)
[bactrian] decide: cycle_req=false user=false emergency=false vm_exhausted=false -> Nursery
[bactrian] schedule Nursery (marking=false, mature_pages=693177, reserved=714051, immix=693177, los=21, nonmoving=0, nursery=4021, heap=1553219, sweep_pending=false, seeded=779, enq=27142669, traced=27142669, skipped_young=0, satb=9389060, satb_young_drop=4098050)
[bactrian] decide: cycle_req=false user=false emergency=false vm_exhausted=false -> Nursery
[bactrian] schedule Nursery (marking=false, mature_pages=697332, reserved=718417, immix=697332, los=21, nonmoving=0, nursery=4021, heap=1562530, sweep_pending=false, seeded=779, enq=27142669, traced=27142669, skipped_young=0, satb=9389060, satb_young_drop=4098050)
[bactrian] decide: cycle_req=false user=false emergency=false vm_exhausted=false -> Nursery
[bactrian] schedule Nursery (marking=false, mature_pages=701487, reserved=722515, immix=701487, los=21, nonmoving=0, nursery=4021, heap=1571840, sweep_pending=false, seeded=779, enq=27142669, traced=27142669, skipped_young=0, satb=9389060, satb_young_drop=4098050)
[bactrian] decide: cycle_req=false user=false emergency=false vm_exhausted=false -> Nursery
[bactrian] schedule Nursery (marking=false, mature_pages=705642, reserved=726747, immix=705642, los=21, nonmoving=0, nursery=4021, heap=1581151, sweep_pending=false, seeded=779, enq=27142669, traced=27142669, skipped_young=0, satb=9389060, satb_young_drop=4098050)
[bactrian] decide: cycle_req=false user=false emergency=false vm_exhausted=false -> Nursery
[bactrian] schedule Nursery (marking=false, mature_pages=709799, reserved=730980, immix=709799, los=21, nonmoving=0, nursery=4155, heap=1590463, sweep_pending=false, seeded=779, enq=27142669, traced=27142669, skipped_young=0, satb=9389060, satb_young_drop=4098050)
[bactrian] decide: cycle_req=false user=false emergency=false vm_exhausted=false -> Nursery
[bactrian] schedule Nursery (marking=false, mature_pages=713954, reserved=735346, immix=713954, los=21, nonmoving=0, nursery=4021, heap=1599774, sweep_pending=false, seeded=779, enq=27142669, traced=27142669, skipped_young=0, satb=9389060, satb_young_drop=4098050)
[bactrian] decide: cycle_req=false user=false emergency=false vm_exhausted=false -> Nursery
[bactrian] schedule Nursery (marking=false, mature_pages=718109, reserved=739578, immix=718109, los=21, nonmoving=0, nursery=4021, heap=1609084, sweep_pending=false, seeded=779, enq=27142669, traced=27142669, skipped_young=0, satb=9389060, satb_young_drop=4098050)
[bactrian] decide: cycle_req=false user=false emergency=false vm_exhausted=false -> Nursery
[bactrian] schedule Nursery (marking=false, mature_pages=722264, reserved=743676, immix=722264, los=21, nonmoving=0, nursery=4021, heap=1618394, sweep_pending=false, seeded=779, enq=27142669, traced=27142669, skipped_young=0, satb=9389060, satb_young_drop=4098050)
[bactrian] decide: cycle_req=false user=false emergency=false vm_exhausted=false -> Nursery
[bactrian] schedule Nursery (marking=false, mature_pages=726419, reserved=748042, immix=726419, los=21, nonmoving=0, nursery=4021, heap=1627705, sweep_pending=false, seeded=779, enq=27142669, traced=27142669, skipped_young=0, satb=9389060, satb_young_drop=4098050)
[bactrian] decide: cycle_req=false user=false emergency=false vm_exhausted=false -> Nursery
[bactrian] schedule Nursery (marking=false, mature_pages=730574, reserved=752273, immix=730574, los=21, nonmoving=0, nursery=4021, heap=1637013, sweep_pending=false, seeded=779, enq=27142669, traced=27142669, skipped_young=0, satb=9389060, satb_young_drop=4098050)
[bactrian] decide: cycle_req=false user=false emergency=false vm_exhausted=false -> Nursery
[bactrian] schedule Nursery (marking=false, mature_pages=734729, reserved=756371, immix=734729, los=21, nonmoving=0, nursery=4021, heap=1646323, sweep_pending=false, seeded=779, enq=27142669, traced=27142669, skipped_young=0, satb=9389060, satb_young_drop=4098050)
[bactrian] decide: cycle_req=false user=false emergency=false vm_exhausted=false -> Nursery
[bactrian] schedule Nursery (marking=false, mature_pages=738884, reserved=760603, immix=738884, los=21, nonmoving=0, nursery=4021, heap=1655634, sweep_pending=false, seeded=779, enq=27142669, traced=27142669, skipped_young=0, satb=9389060, satb_young_drop=4098050)
[bactrian] decide: cycle_req=false user=false emergency=false vm_exhausted=false -> Nursery
[bactrian] schedule Nursery (marking=false, mature_pages=743039, reserved=764969, immix=743039, los=21, nonmoving=0, nursery=4021, heap=1664944, sweep_pending=false, seeded=779, enq=27142669, traced=27142669, skipped_young=0, satb=9389060, satb_young_drop=4098050)
[bactrian] decide: cycle_req=false user=false emergency=false vm_exhausted=false -> Nursery
[bactrian] schedule Nursery (marking=false, mature_pages=747196, reserved=769069, immix=747196, los=21, nonmoving=0, nursery=4155, heap=1674259, sweep_pending=false, seeded=779, enq=27142669, traced=27142669, skipped_young=0, satb=9389060, satb_young_drop=4098050)
[bactrian] decide: cycle_req=false user=false emergency=false vm_exhausted=false -> Nursery
[bactrian] schedule Nursery (marking=false, mature_pages=751351, reserved=773300, immix=751351, los=21, nonmoving=0, nursery=4155, heap=1683567, sweep_pending=false, seeded=779, enq=27142669, traced=27142669, skipped_young=0, satb=9389060, satb_young_drop=4098050)
[bactrian] decide: cycle_req=false user=false emergency=false vm_exhausted=false -> Nursery
[bactrian] schedule Nursery (marking=false, mature_pages=755506, reserved=777532, immix=755506, los=21, nonmoving=0, nursery=4021, heap=1692878, sweep_pending=false, seeded=779, enq=27142669, traced=27142669, skipped_young=0, satb=9389060, satb_young_drop=4098050)
[bactrian] decide: cycle_req=false user=false emergency=false vm_exhausted=false -> Nursery
[bactrian] schedule Nursery (marking=false, mature_pages=759661, reserved=781898, immix=759661, los=21, nonmoving=0, nursery=4021, heap=1702188, sweep_pending=false, seeded=779, enq=27142669, traced=27142669, skipped_young=0, satb=9389060, satb_young_drop=4098050)
[bactrian] decide: cycle_req=false user=false emergency=false vm_exhausted=false -> Nursery
[bactrian] schedule Nursery (marking=false, mature_pages=763816, reserved=785996, immix=763816, los=21, nonmoving=0, nursery=4021, heap=1711498, sweep_pending=false, seeded=779, enq=27142669, traced=27142669, skipped_young=0, satb=9389060, satb_young_drop=4098050)
[bactrian] decide: cycle_req=false user=false emergency=false vm_exhausted=false -> Nursery
[bactrian] schedule Nursery (marking=false, mature_pages=767971, reserved=790228, immix=767971, los=21, nonmoving=0, nursery=4021, heap=1720809, sweep_pending=false, seeded=779, enq=27142669, traced=27142669, skipped_young=0, satb=9389060, satb_young_drop=4098050)
[bactrian] decide: cycle_req=false user=false emergency=false vm_exhausted=false -> Nursery
[bactrian] schedule Nursery (marking=false, mature_pages=772126, reserved=794593, immix=772126, los=21, nonmoving=0, nursery=4021, heap=1730117, sweep_pending=false, seeded=779, enq=27142669, traced=27142669, skipped_young=0, satb=9389060, satb_young_drop=4098050)
[bactrian] decide: cycle_req=false user=false emergency=false vm_exhausted=false -> Nursery
[bactrian] schedule Nursery (marking=false, mature_pages=776281, reserved=798691, immix=776281, los=21, nonmoving=0, nursery=4021, heap=1739427, sweep_pending=false, seeded=779, enq=27142669, traced=27142669, skipped_young=0, satb=9389060, satb_young_drop=4098050)
[bactrian] decide: cycle_req=false user=false emergency=false vm_exhausted=false -> Nursery
[bactrian] schedule Nursery (marking=false, mature_pages=780438, reserved=802925, immix=780438, los=21, nonmoving=0, nursery=4021, heap=1748742, sweep_pending=false, seeded=779, enq=27142669, traced=27142669, skipped_young=0, satb=9389060, satb_young_drop=4098050)
[bactrian] decide: cycle_req=false user=false emergency=false vm_exhausted=false -> Nursery
[bactrian] schedule Nursery (marking=false, mature_pages=784593, reserved=807291, immix=784593, los=21, nonmoving=0, nursery=4021, heap=1758053, sweep_pending=false, seeded=779, enq=27142669, traced=27142669, skipped_young=0, satb=9389060, satb_young_drop=4098050)
[bactrian] decide: cycle_req=false user=false emergency=false vm_exhausted=false -> Nursery
[bactrian] schedule Nursery (marking=false, mature_pages=788748, reserved=811523, immix=788748, los=21, nonmoving=0, nursery=4021, heap=1767363, sweep_pending=false, seeded=779, enq=27142669, traced=27142669, skipped_young=0, satb=9389060, satb_young_drop=4098050)
[bactrian] decide: cycle_req=false user=false emergency=false vm_exhausted=false -> Nursery
[bactrian] schedule Nursery (marking=false, mature_pages=792903, reserved=815754, immix=792903, los=21, nonmoving=0, nursery=4155, heap=1776671, sweep_pending=false, seeded=779, enq=27142669, traced=27142669, skipped_young=0, satb=9389060, satb_young_drop=4098050)
[bactrian] decide: cycle_req=false user=false emergency=false vm_exhausted=false -> Nursery
[bactrian] schedule Nursery (marking=false, mature_pages=797058, reserved=819852, immix=797058, los=21, nonmoving=0, nursery=4021, heap=1785982, sweep_pending=false, seeded=779, enq=27142669, traced=27142669, skipped_young=0, satb=9389060, satb_young_drop=4098050)
[bactrian] decide: cycle_req=false user=false emergency=false vm_exhausted=false -> Nursery
[bactrian] schedule Nursery (marking=false, mature_pages=801213, reserved=824218, immix=801213, los=21, nonmoving=0, nursery=4021, heap=1795292, sweep_pending=false, seeded=779, enq=27142669, traced=27142669, skipped_young=0, satb=9389060, satb_young_drop=4098050)
[bactrian] decide: cycle_req=false user=false emergency=false vm_exhausted=false -> Nursery
[bactrian] schedule Nursery (marking=false, mature_pages=805368, reserved=828316, immix=805368, los=21, nonmoving=0, nursery=4155, heap=1804602, sweep_pending=false, seeded=779, enq=27142669, traced=27142669, skipped_young=0, satb=9389060, satb_young_drop=4098050)
[bactrian] decide: cycle_req=false user=false emergency=false vm_exhausted=false -> Nursery
[bactrian] schedule Nursery (marking=false, mature_pages=809523, reserved=832682, immix=809523, los=21, nonmoving=0, nursery=4021, heap=1813913, sweep_pending=false, seeded=779, enq=27142669, traced=27142669, skipped_young=0, satb=9389060, satb_young_drop=4098050)
[bactrian] decide: cycle_req=false user=false emergency=false vm_exhausted=false -> Nursery
[bactrian] schedule Nursery (marking=false, mature_pages=813678, reserved=836913, immix=813678, los=21, nonmoving=0, nursery=4021, heap=1823221, sweep_pending=false, seeded=779, enq=27142669, traced=27142669, skipped_young=0, satb=9389060, satb_young_drop=4098050)
[bactrian] decide: cycle_req=false user=false emergency=false vm_exhausted=false -> Nursery
[bactrian] schedule Nursery (marking=false, mature_pages=817835, reserved=841147, immix=817835, los=21, nonmoving=0, nursery=4021, heap=1832536, sweep_pending=false, seeded=779, enq=27142669, traced=27142669, skipped_young=0, satb=9389060, satb_young_drop=4098050)
[bactrian] decide: cycle_req=false user=false emergency=false vm_exhausted=false -> Nursery
[bactrian] schedule Nursery (marking=false, mature_pages=821990, reserved=845245, immix=821990, los=21, nonmoving=0, nursery=4155, heap=1841846, sweep_pending=false, seeded=779, enq=27142669, traced=27142669, skipped_young=0, satb=9389060, satb_young_drop=4098050)
[bactrian] decide: cycle_req=false user=false emergency=false vm_exhausted=false -> Nursery
[bactrian] schedule Nursery (marking=false, mature_pages=826145, reserved=849477, immix=826145, los=21, nonmoving=0, nursery=4021, heap=1851157, sweep_pending=false, seeded=779, enq=27142669, traced=27142669, skipped_young=0, satb=9389060, satb_young_drop=4098050)
[bactrian] decide: cycle_req=false user=false emergency=false vm_exhausted=false -> Nursery
[bactrian] schedule Nursery (marking=false, mature_pages=830300, reserved=853709, immix=830300, los=21, nonmoving=0, nursery=4155, heap=1860467, sweep_pending=false, seeded=779, enq=27142669, traced=27142669, skipped_young=0, satb=9389060, satb_young_drop=4098050)
[bactrian] decide: cycle_req=false user=false emergency=false vm_exhausted=false -> Nursery
[bactrian] schedule Nursery (marking=false, mature_pages=834455, reserved=857940, immix=834455, los=21, nonmoving=0, nursery=4021, heap=1869775, sweep_pending=false, seeded=779, enq=27142669, traced=27142669, skipped_young=0, satb=9389060, satb_young_drop=4098050)
[bactrian] decide: cycle_req=false user=false emergency=false vm_exhausted=false -> Nursery
[bactrian] schedule Nursery (marking=false, mature_pages=838610, reserved=862172, immix=838610, los=21, nonmoving=0, nursery=4021, heap=1879086, sweep_pending=false, seeded=779, enq=27142669, traced=27142669, skipped_young=0, satb=9389060, satb_young_drop=4098050)
[bactrian] decide: cycle_req=false user=false emergency=false vm_exhausted=false -> Nursery
[bactrian] schedule Nursery (marking=false, mature_pages=842765, reserved=866538, immix=842765, los=21, nonmoving=0, nursery=4021, heap=1888396, sweep_pending=false, seeded=779, enq=27142669, traced=27142669, skipped_young=0, satb=9389060, satb_young_drop=4098050)
[bactrian] decide: cycle_req=false user=false emergency=false vm_exhausted=false -> Nursery
[bactrian] schedule Nursery (marking=false, mature_pages=846920, reserved=870770, immix=846920, los=21, nonmoving=0, nursery=4021, heap=1897706, sweep_pending=false, seeded=779, enq=27142669, traced=27142669, skipped_young=0, satb=9389060, satb_young_drop=4098050)
[bactrian] decide: cycle_req=false user=false emergency=false vm_exhausted=false -> Nursery
[bactrian] schedule Nursery (marking=false, mature_pages=851077, reserved=874870, immix=851077, los=21, nonmoving=0, nursery=4021, heap=1907021, sweep_pending=false, seeded=779, enq=27142669, traced=27142669, skipped_young=0, satb=9389060, satb_young_drop=4098050)
[bactrian] decide: cycle_req=false user=false emergency=false vm_exhausted=false -> Nursery
[bactrian] schedule Nursery (marking=false, mature_pages=855232, reserved=879101, immix=855232, los=21, nonmoving=0, nursery=4021, heap=1916329, sweep_pending=false, seeded=779, enq=27142669, traced=27142669, skipped_young=0, satb=9389060, satb_young_drop=4098050)
[bactrian] decide: cycle_req=false user=false emergency=false vm_exhausted=false -> Nursery
[bactrian] schedule Nursery (marking=false, mature_pages=859387, reserved=883467, immix=859387, los=21, nonmoving=0, nursery=4021, heap=1925640, sweep_pending=false, seeded=779, enq=27142669, traced=27142669, skipped_young=0, satb=9389060, satb_young_drop=4098050)
[bactrian] decide: cycle_req=false user=false emergency=false vm_exhausted=false -> Nursery
[bactrian] schedule Nursery (marking=false, mature_pages=863542, reserved=887565, immix=863542, los=21, nonmoving=0, nursery=4021, heap=1934950, sweep_pending=false, seeded=779, enq=27142669, traced=27142669, skipped_young=0, satb=9389060, satb_young_drop=4098050)
[bactrian] decide: cycle_req=false user=false emergency=false vm_exhausted=false -> Nursery
[bactrian] schedule Nursery (marking=false, mature_pages=867697, reserved=891931, immix=867697, los=21, nonmoving=0, nursery=4021, heap=1944261, sweep_pending=false, seeded=779, enq=27142669, traced=27142669, skipped_young=0, satb=9389060, satb_young_drop=4098050)
[bactrian] decide: cycle_req=false user=false emergency=false vm_exhausted=false -> Nursery
[bactrian] schedule Nursery (marking=false, mature_pages=871852, reserved=896163, immix=871852, los=21, nonmoving=0, nursery=4021, heap=1953571, sweep_pending=false, seeded=779, enq=27142669, traced=27142669, skipped_young=0, satb=9389060, satb_young_drop=4098050)
[bactrian] decide: cycle_req=false user=false emergency=false vm_exhausted=false -> Nursery
[bactrian] schedule Nursery (marking=false, mature_pages=876007, reserved=900260, immix=876007, los=21, nonmoving=0, nursery=4021, heap=1962879, sweep_pending=false, seeded=779, enq=27142669, traced=27142669, skipped_young=0, satb=9389060, satb_young_drop=4098050)
[bactrian] decide: cycle_req=false user=false emergency=false vm_exhausted=false -> Nursery
[bactrian] schedule Nursery (marking=false, mature_pages=880162, reserved=904492, immix=880162, los=21, nonmoving=0, nursery=4155, heap=1972190, sweep_pending=false, seeded=779, enq=27142669, traced=27142669, skipped_young=0, satb=9389060, satb_young_drop=4098050)
[bactrian] decide: cycle_req=false user=false emergency=false vm_exhausted=false -> Nursery
[bactrian] schedule Nursery (marking=false, mature_pages=884317, reserved=908858, immix=884317, los=21, nonmoving=0, nursery=4021, heap=1981500, sweep_pending=false, seeded=779, enq=27142669, traced=27142669, skipped_young=0, satb=9389060, satb_young_drop=4098050)
[bactrian] decide: cycle_req=false user=false emergency=false vm_exhausted=false -> Nursery
[bactrian] schedule Nursery (marking=false, mature_pages=888474, reserved=913092, immix=888474, los=21, nonmoving=0, nursery=4021, heap=1990815, sweep_pending=false, seeded=779, enq=27142669, traced=27142669, skipped_young=0, satb=9389060, satb_young_drop=4098050)
[bactrian] decide: cycle_req=false user=false emergency=false vm_exhausted=false -> Nursery
[bactrian] schedule Nursery (marking=false, mature_pages=892629, reserved=917324, immix=892629, los=21, nonmoving=0, nursery=4021, heap=2000125, sweep_pending=false, seeded=779, enq=27142669, traced=27142669, skipped_young=0, satb=9389060, satb_young_drop=4098050)
[bactrian] decide: cycle_req=false user=false emergency=false vm_exhausted=false -> Nursery
[bactrian] schedule Nursery (marking=false, mature_pages=896784, reserved=921555, immix=896784, los=21, nonmoving=0, nursery=4021, heap=2009433, sweep_pending=false, seeded=779, enq=27142669, traced=27142669, skipped_young=0, satb=9389060, satb_young_drop=4098050)
[bactrian] decide: cycle_req=false user=false emergency=false vm_exhausted=false -> Nursery
[bactrian] schedule Nursery (marking=false, mature_pages=900939, reserved=925787, immix=900939, los=21, nonmoving=0, nursery=4021, heap=2018744, sweep_pending=false, seeded=779, enq=27142669, traced=27142669, skipped_young=0, satb=9389060, satb_young_drop=4098050)
[bactrian] decide: cycle_req=false user=false emergency=false vm_exhausted=false -> Nursery
[bactrian] schedule Nursery (marking=false, mature_pages=905094, reserved=929885, immix=905094, los=21, nonmoving=0, nursery=4155, heap=2028054, sweep_pending=false, seeded=779, enq=27142669, traced=27142669, skipped_young=0, satb=9389060, satb_young_drop=4098050)
[bactrian] decide: cycle_req=false user=false emergency=false vm_exhausted=false -> Nursery
[bactrian] schedule Nursery (marking=false, mature_pages=909249, reserved=934251, immix=909249, los=21, nonmoving=0, nursery=4021, heap=2037365, sweep_pending=false, seeded=779, enq=27142669, traced=27142669, skipped_young=0, satb=9389060, satb_young_drop=4098050)
[bactrian] decide: cycle_req=false user=false emergency=false vm_exhausted=false -> Nursery
[bactrian] schedule Nursery (marking=false, mature_pages=913404, reserved=938483, immix=913404, los=21, nonmoving=0, nursery=4021, heap=2046675, sweep_pending=false, seeded=779, enq=27142669, traced=27142669, skipped_young=0, satb=9389060, satb_young_drop=4098050)
[bactrian] decide: cycle_req=false user=false emergency=false vm_exhausted=false -> Nursery
[bactrian] schedule Nursery (marking=false, mature_pages=917559, reserved=942714, immix=917559, los=21, nonmoving=0, nursery=4021, heap=2055983, sweep_pending=false, seeded=779, enq=27142669, traced=27142669, skipped_young=0, satb=9389060, satb_young_drop=4098050)
[bactrian] decide: cycle_req=false user=false emergency=false vm_exhausted=false -> Nursery
[bactrian] schedule Nursery (marking=false, mature_pages=921714, reserved=946812, immix=921714, los=21, nonmoving=0, nursery=4155, heap=2065294, sweep_pending=false, seeded=779, enq=27142669, traced=27142669, skipped_young=0, satb=9389060, satb_young_drop=4098050)
[bactrian] decide: cycle_req=false user=false emergency=false vm_exhausted=false -> Nursery
[bactrian] schedule Nursery (marking=false, mature_pages=925871, reserved=951314, immix=925871, los=21, nonmoving=0, nursery=4021, heap=2074608, sweep_pending=false, seeded=779, enq=27142669, traced=27142669, skipped_young=0, satb=9389060, satb_young_drop=4098050)
[bactrian] decide: cycle_req=false user=false emergency=false vm_exhausted=false -> Nursery
[bactrian] schedule Nursery (marking=false, mature_pages=930026, reserved=955412, immix=930026, los=21, nonmoving=0, nursery=4021, heap=2083919, sweep_pending=false, seeded=779, enq=27142669, traced=27142669, skipped_young=0, satb=9389060, satb_young_drop=4098050)
[bactrian] decide: cycle_req=false user=false emergency=false vm_exhausted=false -> Nursery
[bactrian] schedule Nursery (marking=false, mature_pages=934181, reserved=959510, immix=934181, los=21, nonmoving=0, nursery=4021, heap=2093229, sweep_pending=false, seeded=779, enq=27142669, traced=27142669, skipped_young=0, satb=9389060, satb_young_drop=4098050)
[bactrian] decide: cycle_req=false user=false emergency=false vm_exhausted=false -> Nursery
[bactrian] schedule Nursery (marking=false, mature_pages=938336, reserved=963741, immix=938336, los=21, nonmoving=0, nursery=4021, heap=2102537, sweep_pending=false, seeded=779, enq=27142669, traced=27142669, skipped_young=0, satb=9389060, satb_young_drop=4098050)
[bactrian] decide: cycle_req=false user=false emergency=false vm_exhausted=false -> Nursery
[bactrian] schedule Nursery (marking=false, mature_pages=942491, reserved=967973, immix=942491, los=21, nonmoving=0, nursery=4155, heap=2111848, sweep_pending=false, seeded=779, enq=27142669, traced=27142669, skipped_young=0, satb=9389060, satb_young_drop=4098050)
[bactrian] decide: cycle_req=false user=false emergency=false vm_exhausted=false -> Nursery
[bactrian] schedule Nursery (marking=false, mature_pages=946646, reserved=972339, immix=946646, los=21, nonmoving=0, nursery=4021, heap=2121158, sweep_pending=false, seeded=779, enq=27142669, traced=27142669, skipped_young=0, satb=9389060, satb_young_drop=4098050)
[bactrian] decide: cycle_req=false user=false emergency=false vm_exhausted=false -> Nursery
[bactrian] schedule Nursery (marking=false, mature_pages=950801, reserved=976437, immix=950801, los=21, nonmoving=0, nursery=4021, heap=2130469, sweep_pending=false, seeded=779, enq=27142669, traced=27142669, skipped_young=0, satb=9389060, satb_young_drop=4098050)
[bactrian] decide: cycle_req=false user=false emergency=false vm_exhausted=false -> Nursery
[bactrian] schedule Nursery (marking=false, mature_pages=954956, reserved=980669, immix=954956, los=21, nonmoving=0, nursery=4021, heap=2139779, sweep_pending=false, seeded=779, enq=27142669, traced=27142669, skipped_young=0, satb=9389060, satb_young_drop=4098050)
[bactrian] decide: cycle_req=false user=false emergency=false vm_exhausted=false -> Nursery
[bactrian] schedule Nursery (marking=false, mature_pages=959113, reserved=984902, immix=959113, los=21, nonmoving=0, nursery=4021, heap=2149092, sweep_pending=false, seeded=779, enq=27142669, traced=27142669, skipped_young=0, satb=9389060, satb_young_drop=4098050)
[bactrian] decide: cycle_req=false user=false emergency=false vm_exhausted=false -> Nursery
[bactrian] schedule Nursery (marking=false, mature_pages=963268, reserved=989268, immix=963268, los=21, nonmoving=0, nursery=4021, heap=2158402, sweep_pending=false, seeded=779, enq=27142669, traced=27142669, skipped_young=0, satb=9389060, satb_young_drop=4098050)
[bactrian] decide: cycle_req=false user=false emergency=false vm_exhausted=false -> Nursery
[bactrian] schedule Nursery (marking=false, mature_pages=967423, reserved=993366, immix=967423, los=21, nonmoving=0, nursery=4021, heap=2167712, sweep_pending=false, seeded=779, enq=27142669, traced=27142669, skipped_young=0, satb=9389060, satb_young_drop=4098050)
[bactrian] decide: cycle_req=false user=false emergency=false vm_exhausted=false -> Nursery
[bactrian] schedule Nursery (marking=false, mature_pages=971578, reserved=997732, immix=971578, los=21, nonmoving=0, nursery=4155, heap=2177023, sweep_pending=false, seeded=779, enq=27142669, traced=27142669, skipped_young=0, satb=9389060, satb_young_drop=4098050)
[bactrian] decide: cycle_req=false user=false emergency=false vm_exhausted=false -> Nursery
[bactrian] schedule Nursery (marking=false, mature_pages=975733, reserved=1001830, immix=975733, los=21, nonmoving=0, nursery=4021, heap=2186333, sweep_pending=false, seeded=779, enq=27142669, traced=27142669, skipped_young=0, satb=9389060, satb_young_drop=4098050)
[bactrian] decide: cycle_req=false user=false emergency=false vm_exhausted=false -> Nursery
[bactrian] schedule Nursery (marking=false, mature_pages=979888, reserved=1006061, immix=979888, los=21, nonmoving=0, nursery=4155, heap=2195641, sweep_pending=false, seeded=779, enq=27142669, traced=27142669, skipped_young=0, satb=9389060, satb_young_drop=4098050)
[bactrian] decide: cycle_req=false user=false emergency=false vm_exhausted=false -> Nursery
[bactrian] schedule Nursery (marking=false, mature_pages=984043, reserved=1010427, immix=984043, los=21, nonmoving=0, nursery=4021, heap=2204952, sweep_pending=false, seeded=779, enq=27142669, traced=27142669, skipped_young=0, satb=9389060, satb_young_drop=4098050)
[bactrian] decide: cycle_req=false user=false emergency=false vm_exhausted=false -> Nursery
[bactrian] schedule Nursery (marking=false, mature_pages=988198, reserved=1014659, immix=988198, los=21, nonmoving=0, nursery=4021, heap=2214262, sweep_pending=false, seeded=779, enq=27142669, traced=27142669, skipped_young=0, satb=9389060, satb_young_drop=4098050)
[bactrian] decide: cycle_req=false user=false emergency=false vm_exhausted=false -> Nursery
[bactrian] schedule Nursery (marking=false, mature_pages=992353, reserved=1018757, immix=992353, los=21, nonmoving=0, nursery=4155, heap=2223573, sweep_pending=false, seeded=779, enq=27142669, traced=27142669, skipped_young=0, satb=9389060, satb_young_drop=4098050)
[bactrian] decide: cycle_req=true user=false emergency=false vm_exhausted=false -> InitialMark
[bactrian] schedule InitialMark (marking=false, mature_pages=996510, reserved=1015219, immix=996510, los=21, nonmoving=0, nursery=135, heap=2232887, sweep_pending=false, seeded=779, enq=27142669, traced=27142669, skipped_young=0, satb=9389060, satb_young_drop=4098050)
[bactrian] schedule Nursery (marking=true, mature_pages=996526, reserved=1023141, immix=996526, los=21, nonmoving=0, nursery=4021, heap=2232923, sweep_pending=false, seeded=1579, enq=27143469, traced=27142669, skipped_young=0, satb=9390406, satb_young_drop=4213167)
[bactrian] schedule Nursery (marking=true, mature_pages=1000681, reserved=1027373, immix=1000681, los=21, nonmoving=0, nursery=4021, heap=2242233, sweep_pending=false, seeded=1579, enq=27258912, traced=27205642, skipped_young=0, satb=9391764, satb_young_drop=4328281)
[bactrian] schedule Nursery (marking=true, mature_pages=1004836, reserved=1031471, immix=1004836, los=21, nonmoving=0, nursery=4021, heap=2251543, sweep_pending=false, seeded=1579, enq=27328492, traced=27273422, skipped_young=0, satb=10188580, satb_young_drop=4350441)
[bactrian] schedule Nursery (marking=true, mature_pages=1005623, reserved=1032272, immix=1005623, los=21, nonmoving=0, nursery=4021, heap=2253306, sweep_pending=false, seeded=1579, enq=29748127, traced=28123116, skipped_young=0, satb=11152584, satb_young_drop=4354150)
[bactrian] schedule Nursery (marking=true, mature_pages=1005708, reserved=1032359, immix=1005708, los=21, nonmoving=0, nursery=4021, heap=2253497, sweep_pending=false, seeded=1579, enq=30324542, traced=29207815, skipped_young=0, satb=12116567, satb_young_drop=4357863)
[bactrian] schedule Nursery (marking=true, mature_pages=1005797, reserved=1032449, immix=1005797, los=21, nonmoving=0, nursery=4021, heap=2253695, sweep_pending=false, seeded=1579, enq=31997814, traced=30221359, skipped_young=0, satb=13080550, satb_young_drop=4361576)
[bactrian] schedule Nursery (marking=true, mature_pages=1005883, reserved=1032537, immix=1005883, los=21, nonmoving=0, nursery=4021, heap=2253889, sweep_pending=false, seeded=1579, enq=33518912, traced=31276330, skipped_young=0, satb=14044553, satb_young_drop=4365285)
[bactrian] schedule Nursery (marking=true, mature_pages=1005969, reserved=1032624, immix=1005969, los=21, nonmoving=0, nursery=4021, heap=2254080, sweep_pending=false, seeded=1579, enq=36385626, traced=32329903, skipped_young=0, satb=15008536, satb_young_drop=4368998)
[bactrian] schedule Nursery (marking=true, mature_pages=1006054, reserved=1032845, immix=1006054, los=21, nonmoving=0, nursery=4021, heap=2254271, sweep_pending=false, seeded=1579, enq=36834421, traced=33414333, skipped_young=0, satb=15972519, satb_young_drop=4372711)
[bactrian] schedule Nursery (marking=true, mature_pages=1006144, reserved=1032937, immix=1006144, los=21, nonmoving=0, nursery=4021, heap=2254474, sweep_pending=false, seeded=1579, enq=39732872, traced=34442984, skipped_young=0, satb=16936502, satb_young_drop=4376424)
[bactrian] schedule Nursery (marking=true, mature_pages=1006229, reserved=1032889, immix=1006229, los=21, nonmoving=0, nursery=4021, heap=2254663, sweep_pending=false, seeded=1579, enq=40271778, traced=35450974, skipped_young=0, satb=17900505, satb_young_drop=4380133)
[bactrian] schedule Nursery (marking=true, mature_pages=1006315, reserved=1033111, immix=1006315, los=21, nonmoving=0, nursery=4021, heap=2254857, sweep_pending=false, seeded=1579, enq=43184808, traced=36532183, skipped_young=0, satb=18733386, satb_young_drop=4397451)
[bactrian] schedule Nursery (marking=true, mature_pages=1006946, reserved=1033754, immix=1006946, los=21, nonmoving=0, nursery=4021, heap=2256271, sweep_pending=false, seeded=1579, enq=43664416, traced=37485819, skipped_young=0, satb=18734744, satb_young_drop=4512565)
[bactrian] schedule Nursery (marking=true, mature_pages=1011101, reserved=1037851, immix=1011101, los=21, nonmoving=0, nursery=4155, heap=2265579, sweep_pending=false, seeded=1579, enq=43725384, traced=37607047, skipped_young=0, satb=18736090, satb_young_drop=4627683)
[bactrian] schedule Nursery (marking=true, mature_pages=1015256, reserved=1042217, immix=1015256, los=21, nonmoving=0, nursery=4021, heap=2274890, sweep_pending=false, seeded=1579, enq=43786344, traced=37728247, skipped_young=0, satb=18737436, satb_young_drop=4742801)
[bactrian] schedule Nursery (marking=true, mature_pages=1019411, reserved=1046315, immix=1019411, los=21, nonmoving=0, nursery=4021, heap=2284200, sweep_pending=false, seeded=1579, enq=43843248, traced=37841395, skipped_young=0, satb=18738782, satb_young_drop=4857918)
[bactrian] schedule Nursery (marking=true, mature_pages=1023566, reserved=1050547, immix=1023566, los=21, nonmoving=0, nursery=4155, heap=2293511, sweep_pending=false, seeded=1579, enq=43904216, traced=37962623, skipped_young=0, satb=18740140, satb_young_drop=4973032)
[bactrian] schedule Nursery (marking=true, mature_pages=1027721, reserved=1054779, immix=1027721, los=21, nonmoving=0, nursery=4155, heap=2302821, sweep_pending=false, seeded=1579, enq=43965184, traced=38083851, skipped_young=0, satb=18741486, satb_young_drop=5088150)
[bactrian] schedule Nursery (marking=true, mature_pages=1031878, reserved=1059012, immix=1031878, los=21, nonmoving=0, nursery=4021, heap=2312134, sweep_pending=false, seeded=1579, enq=44026152, traced=38205079, skipped_young=0, satb=18742832, satb_young_drop=5203267)
[bactrian] schedule Nursery (marking=true, mature_pages=1036033, reserved=1063244, immix=1036033, los=21, nonmoving=0, nursery=4021, heap=2321444, sweep_pending=false, seeded=1579, enq=44105179, traced=38321804, skipped_young=0, satb=18744190, satb_young_drop=5318381)
[bactrian] schedule Nursery (marking=true, mature_pages=1040188, reserved=1067476, immix=1040188, los=21, nonmoving=0, nursery=4021, heap=2330754, sweep_pending=false, seeded=1579, enq=44287699, traced=38383244, skipped_young=0, satb=18745536, satb_young_drop=5433499)
[bactrian] schedule Nursery (marking=true, mature_pages=1044343, reserved=1071708, immix=1044343, los=21, nonmoving=0, nursery=4021, heap=2340065, sweep_pending=false, seeded=1579, enq=44470249, traced=38444684, skipped_young=0, satb=18746882, satb_young_drop=5548616)
[bactrian] schedule Nursery (marking=true, mature_pages=1048498, reserved=1075940, immix=1048498, los=21, nonmoving=0, nursery=4021, heap=2349375, sweep_pending=false, seeded=1579, enq=44640631, traced=38502028, skipped_young=0, satb=18748240, satb_young_drop=5663730)
[bactrian] schedule Nursery (marking=true, mature_pages=1052653, reserved=1080171, immix=1052653, los=21, nonmoving=0, nursery=4021, heap=2358683, sweep_pending=false, seeded=1579, enq=44811013, traced=38559372, skipped_young=0, satb=18749586, satb_young_drop=5778848)
[bactrian] schedule Nursery (marking=true, mature_pages=1056808, reserved=1084403, immix=1056808, los=21, nonmoving=0, nursery=4021, heap=2367994, sweep_pending=false, seeded=1579, enq=44993563, traced=38620812, skipped_young=0, satb=18750932, satb_young_drop=5893965)
[bactrian] schedule Nursery (marking=true, mature_pages=1060963, reserved=1088769, immix=1060963, los=21, nonmoving=0, nursery=4021, heap=2377304, sweep_pending=false, seeded=1579, enq=45176083, traced=38682252, skipped_young=0, satb=18752290, satb_young_drop=6009079)
[bactrian] schedule Nursery (marking=true, mature_pages=1065120, reserved=1093003, immix=1065120, los=21, nonmoving=0, nursery=4021, heap=2386619, sweep_pending=false, seeded=1579, enq=45358633, traced=38743692, skipped_young=0, satb=18753636, satb_young_drop=6124197)
[bactrian] schedule Nursery (marking=true, mature_pages=1069275, reserved=1097101, immix=1069275, los=21, nonmoving=0, nursery=4021, heap=2395929, sweep_pending=false, seeded=1579, enq=45529015, traced=38801036, skipped_young=0, satb=18754982, satb_young_drop=6239315)
[bactrian] schedule Nursery (marking=true, mature_pages=1073430, reserved=1101332, immix=1073430, los=21, nonmoving=0, nursery=4155, heap=2405238, sweep_pending=false, seeded=1579, enq=45687229, traced=38854284, skipped_young=0, satb=18756340, satb_young_drop=6354428)
[bactrian] schedule Nursery (marking=true, mature_pages=1077585, reserved=1105698, immix=1077585, los=21, nonmoving=0, nursery=4021, heap=2414548, sweep_pending=false, seeded=1579, enq=45845413, traced=38907532, skipped_young=0, satb=18757686, satb_young_drop=6469546)
[bactrian] schedule Nursery (marking=true, mature_pages=1081740, reserved=1109796, immix=1081740, los=21, nonmoving=0, nursery=4021, heap=2423858, sweep_pending=false, seeded=1579, enq=45991459, traced=38956684, skipped_young=0, satb=18759032, satb_young_drop=6584664)
[bactrian] schedule Nursery (marking=true, mature_pages=1085895, reserved=1114028, immix=1085895, los=21, nonmoving=0, nursery=4021, heap=2433169, sweep_pending=false, seeded=1579, enq=46149673, traced=39009932, skipped_young=0, satb=18760378, satb_young_drop=6699781)
[bactrian] schedule Nursery (marking=true, mature_pages=1090050, reserved=1118260, immix=1090050, los=21, nonmoving=0, nursery=4021, heap=2442479, sweep_pending=false, seeded=1579, enq=46295689, traced=39059084, skipped_young=0, satb=18761736, satb_young_drop=6814895)
[bactrian] schedule Nursery (marking=true, mature_pages=1094205, reserved=1122625, immix=1094205, los=21, nonmoving=0, nursery=4021, heap=2451787, sweep_pending=false, seeded=1579, enq=46441735, traced=39108236, skipped_young=0, satb=18763082, satb_young_drop=6930013)
[bactrian] schedule Nursery (marking=true, mature_pages=1098360, reserved=1126723, immix=1098360, los=21, nonmoving=0, nursery=4021, heap=2461098, sweep_pending=false, seeded=1579, enq=46587781, traced=39157388, skipped_young=0, satb=18764428, satb_young_drop=7045130)
[bactrian] schedule Nursery (marking=true, mature_pages=1102517, reserved=1131225, immix=1102517, los=21, nonmoving=0, nursery=4021, heap=2470413, sweep_pending=false, seeded=1579, enq=46733797, traced=39206540, skipped_young=0, satb=18765786, satb_young_drop=7160244)
[bactrian] schedule Nursery (marking=true, mature_pages=1106672, reserved=1135323, immix=1106672, los=21, nonmoving=0, nursery=4021, heap=2479723, sweep_pending=false, seeded=1579, enq=46892011, traced=39259788, skipped_young=0, satb=18767132, satb_young_drop=7275362)
[bactrian] schedule Nursery (marking=true, mature_pages=1110827, reserved=1139421, immix=1110827, los=21, nonmoving=0, nursery=4021, heap=2489033, sweep_pending=false, seeded=1579, enq=46946557, traced=39336206, skipped_young=0, satb=18768478, satb_young_drop=7390479)
[bactrian] schedule Nursery (marking=true, mature_pages=1114982, reserved=1143652, immix=1114982, los=21, nonmoving=0, nursery=4155, heap=2498342, sweep_pending=false, seeded=1579, enq=46947304, traced=39421558, skipped_young=0, satb=18769836, satb_young_drop=7505593)
[bactrian] schedule Nursery (marking=true, mature_pages=1119137, reserved=1148018, immix=1119137, los=21, nonmoving=0, nursery=4021, heap=2507652, sweep_pending=false, seeded=1579, enq=46948051, traced=39506910, skipped_young=0, satb=18771182, satb_young_drop=7620711)
[bactrian] schedule Nursery (marking=true, mature_pages=1123292, reserved=1152250, immix=1123292, los=21, nonmoving=0, nursery=4021, heap=2516962, sweep_pending=false, seeded=1579, enq=46948798, traced=39592262, skipped_young=0, satb=18772528, satb_young_drop=7735828)
[bactrian] schedule Nursery (marking=true, mature_pages=1127447, reserved=1156482, immix=1127447, los=21, nonmoving=0, nursery=4021, heap=2526273, sweep_pending=false, seeded=1579, enq=46949536, traced=39677622, skipped_young=0, satb=18773886, satb_young_drop=7850942)
[bactrian] schedule Nursery (marking=true, mature_pages=1131602, reserved=1160714, immix=1131602, los=21, nonmoving=0, nursery=4021, heap=2535583, sweep_pending=false, seeded=1579, enq=47010802, traced=39746870, skipped_young=0, satb=18775232, satb_young_drop=7966060)
[bactrian] schedule Nursery (marking=true, mature_pages=1135759, reserved=1164813, immix=1135759, los=21, nonmoving=0, nursery=4021, heap=2544896, sweep_pending=false, seeded=1579, enq=47156848, traced=39796022, skipped_young=0, satb=18776578, satb_young_drop=8081178)
[bactrian] schedule Nursery (marking=true, mature_pages=1139914, reserved=1169179, immix=1139914, los=21, nonmoving=0, nursery=4021, heap=2554206, sweep_pending=false, seeded=1579, enq=47302864, traced=39845174, skipped_young=0, satb=18777934, satb_young_drop=8196291)
[bactrian] schedule Nursery (marking=true, mature_pages=1144069, reserved=1173277, immix=1144069, los=21, nonmoving=0, nursery=4021, heap=2563517, sweep_pending=false, seeded=1579, enq=47448910, traced=39894326, skipped_young=0, satb=18779281, satb_young_drop=8311410)
[bactrian] schedule Nursery (marking=true, mature_pages=1148224, reserved=1177643, immix=1148224, los=21, nonmoving=0, nursery=4021, heap=2572827, sweep_pending=false, seeded=1579, enq=47594956, traced=39943478, skipped_young=0, satb=18780627, satb_young_drop=8426528)
[bactrian] schedule Nursery (marking=true, mature_pages=1152379, reserved=1181741, immix=1152379, los=21, nonmoving=0, nursery=4021, heap=2582137, sweep_pending=false, seeded=1579, enq=47740972, traced=39992630, skipped_young=0, satb=18781973, satb_young_drop=8541645)
[bactrian] schedule Nursery (marking=true, mature_pages=1156534, reserved=1186106, immix=1156534, los=21, nonmoving=0, nursery=4021, heap=2591446, sweep_pending=false, seeded=1579, enq=47887018, traced=40041782, skipped_young=0, satb=18783331, satb_young_drop=8656759)
[bactrian] schedule Nursery (marking=true, mature_pages=1160689, reserved=1190204, immix=1160689, los=21, nonmoving=0, nursery=4021, heap=2600756, sweep_pending=false, seeded=1579, enq=48020896, traced=40086838, skipped_young=0, satb=18784677, satb_young_drop=8771877)
[bactrian] schedule Nursery (marking=true, mature_pages=1164844, reserved=1194570, immix=1164844, los=21, nonmoving=0, nursery=4021, heap=2610066, sweep_pending=false, seeded=1579, enq=48166912, traced=40135990, skipped_young=0, satb=18786023, satb_young_drop=8886994)
[bactrian] schedule Nursery (marking=true, mature_pages=1168999, reserved=1198668, immix=1168999, los=21, nonmoving=0, nursery=4155, heap=2619377, sweep_pending=false, seeded=1579, enq=48300790, traced=40181046, skipped_young=0, satb=18787381, satb_young_drop=9002108)
[bactrian] schedule Nursery (marking=true, mature_pages=1173156, reserved=1202902, immix=1173156, los=21, nonmoving=0, nursery=4021, heap=2628692, sweep_pending=false, seeded=1579, enq=48446806, traced=40230198, skipped_young=0, satb=18788727, satb_young_drop=9117226)
[bactrian] schedule Nursery (marking=true, mature_pages=1177311, reserved=1207267, immix=1177311, los=21, nonmoving=0, nursery=4021, heap=2638000, sweep_pending=false, seeded=1579, enq=48592852, traced=40279350, skipped_young=0, satb=18790073, satb_young_drop=9232343)
[bactrian] schedule Nursery (marking=true, mature_pages=1181466, reserved=1211365, immix=1181466, los=21, nonmoving=0, nursery=4021, heap=2647310, sweep_pending=false, seeded=1579, enq=48738898, traced=40328502, skipped_young=0, satb=18791431, satb_young_drop=9347457)
[bactrian] schedule Nursery (marking=true, mature_pages=1185621, reserved=1215731, immix=1185621, los=21, nonmoving=0, nursery=4021, heap=2656621, sweep_pending=false, seeded=1579, enq=48872746, traced=40373558, skipped_young=0, satb=18792777, satb_young_drop=9462575)
[bactrian] schedule Nursery (marking=true, mature_pages=1189776, reserved=1219963, immix=1189776, los=21, nonmoving=0, nursery=4021, heap=2665931, sweep_pending=false, seeded=1579, enq=49006624, traced=40418614, skipped_young=0, satb=18794123, satb_young_drop=9577693)
[bactrian] schedule Nursery (marking=true, mature_pages=1193931, reserved=1224061, immix=1193931, los=21, nonmoving=0, nursery=4021, heap=2675241, sweep_pending=false, seeded=1579, enq=49140502, traced=40463670, skipped_young=0, satb=18795481, satb_young_drop=9692806)
[bactrian] schedule Nursery (marking=true, mature_pages=1198086, reserved=1228426, immix=1198086, los=21, nonmoving=0, nursery=4021, heap=2684550, sweep_pending=false, seeded=1579, enq=49274350, traced=40508726, skipped_young=0, satb=18796827, satb_young_drop=9807924)
[bactrian] schedule Nursery (marking=true, mature_pages=1202241, reserved=1232524, immix=1202241, los=21, nonmoving=0, nursery=4021, heap=2693860, sweep_pending=false, seeded=1579, enq=49420396, traced=40557878, skipped_young=0, satb=18798173, satb_young_drop=9923042)
[bactrian] schedule Nursery (marking=true, mature_pages=1206398, reserved=1236758, immix=1206398, los=21, nonmoving=0, nursery=4021, heap=2703175, sweep_pending=false, seeded=1579, enq=49566412, traced=40607030, skipped_young=0, satb=18799519, satb_young_drop=10038159)
[bactrian] schedule Nursery (marking=true, mature_pages=1210553, reserved=1240990, immix=1210553, los=21, nonmoving=0, nursery=4021, heap=2712485, sweep_pending=false, seeded=1579, enq=49700290, traced=40652086, skipped_young=0, satb=18800877, satb_young_drop=10153273)
[bactrian] schedule Nursery (marking=true, mature_pages=1214708, reserved=1245222, immix=1214708, los=21, nonmoving=0, nursery=4021, heap=2721796, sweep_pending=false, seeded=1579, enq=49814149, traced=40702565, skipped_young=0, satb=18802223, satb_young_drop=10268391)
[bactrian] schedule Nursery (marking=true, mature_pages=1218863, reserved=1249453, immix=1218863, los=21, nonmoving=0, nursery=4021, heap=2731104, sweep_pending=false, seeded=1579, enq=49858921, traced=40799603, skipped_young=0, satb=18803569, satb_young_drop=10383508)
[bactrian] schedule Nursery (marking=true, mature_pages=1223018, reserved=1253819, immix=1223018, los=21, nonmoving=0, nursery=4021, heap=2740414, sweep_pending=false, seeded=1579, enq=49911753, traced=40904643, skipped_young=0, satb=18804927, satb_young_drop=10498622)
[bactrian] schedule Nursery (marking=true, mature_pages=1227173, reserved=1257917, immix=1227173, los=21, nonmoving=0, nursery=4021, heap=2749725, sweep_pending=false, seeded=1579, enq=49964593, traced=41009711, skipped_young=0, satb=18806273, satb_young_drop=10613740)
[bactrian] schedule Nursery (marking=true, mature_pages=1231328, reserved=1262283, immix=1231328, los=21, nonmoving=0, nursery=4021, heap=2759035, sweep_pending=false, seeded=1579, enq=50017433, traced=41114779, skipped_young=0, satb=18807619, satb_young_drop=10728857)
[bactrian] schedule Nursery (marking=true, mature_pages=1235483, reserved=1266381, immix=1235483, los=21, nonmoving=0, nursery=4021, heap=2768345, sweep_pending=false, seeded=1579, enq=50066201, traced=41211739, skipped_young=0, satb=18808977, satb_young_drop=10843971)
[bactrian] schedule Nursery (marking=true, mature_pages=1239638, reserved=1270612, immix=1239638, los=21, nonmoving=0, nursery=4021, heap=2777654, sweep_pending=false, seeded=1579, enq=50114977, traced=41308727, skipped_young=0, satb=18810323, satb_young_drop=10959089)
[bactrian] schedule Nursery (marking=true, mature_pages=1243795, reserved=1274846, immix=1243795, los=21, nonmoving=0, nursery=4021, heap=2786968, sweep_pending=false, seeded=1579, enq=50163753, traced=41405715, skipped_young=0, satb=18811669, satb_young_drop=11074206)
[bactrian] schedule Nursery (marking=true, mature_pages=1247950, reserved=1279078, immix=1247950, los=21, nonmoving=0, nursery=4021, heap=2796279, sweep_pending=false, seeded=1579, enq=50212521, traced=41502675, skipped_young=0, satb=18813027, satb_young_drop=11189320)
[bactrian] schedule Nursery (marking=true, mature_pages=1252105, reserved=1283310, immix=1252105, los=21, nonmoving=0, nursery=4021, heap=2805589, sweep_pending=false, seeded=1579, enq=50261297, traced=41599663, skipped_young=0, satb=18814373, satb_young_drop=11304438)
[bactrian] schedule Nursery (marking=true, mature_pages=1256260, reserved=1287542, immix=1256260, los=21, nonmoving=0, nursery=4155, heap=2814900, sweep_pending=false, seeded=1579, enq=50310069, traced=41696643, skipped_young=0, satb=18815719, satb_young_drop=11419556)
[bactrian] schedule Nursery (marking=true, mature_pages=1260415, reserved=1291773, immix=1260415, los=21, nonmoving=0, nursery=4021, heap=2824208, sweep_pending=false, seeded=1579, enq=50358841, traced=41793611, skipped_young=0, satb=18817077, satb_young_drop=11534669)
[bactrian] schedule Nursery (marking=true, mature_pages=1264570, reserved=1296005, immix=1264570, los=21, nonmoving=0, nursery=4021, heap=2833518, sweep_pending=false, seeded=1579, enq=50407617, traced=41890599, skipped_young=0, satb=18818423, satb_young_drop=11649787)
[bactrian] schedule Nursery (marking=true, mature_pages=1268725, reserved=1300237, immix=1268725, los=21, nonmoving=0, nursery=4155, heap=2842829, sweep_pending=false, seeded=1579, enq=50456385, traced=41987559, skipped_young=0, satb=18819769, satb_young_drop=11764905)
[bactrian] schedule Nursery (marking=true, mature_pages=1272880, reserved=1304603, immix=1272880, los=21, nonmoving=0, nursery=4021, heap=2852139, sweep_pending=false, seeded=1579, enq=50505161, traced=42084547, skipped_young=0, satb=18821115, satb_young_drop=11880022)
[bactrian] schedule Nursery (marking=true, mature_pages=1277037, reserved=1308837, immix=1277037, los=21, nonmoving=0, nursery=4021, heap=2861454, sweep_pending=false, seeded=1579, enq=50553937, traced=42181535, skipped_young=0, satb=18822473, satb_young_drop=11995136)
[bactrian] schedule Nursery (marking=true, mature_pages=1281192, reserved=1313068, immix=1281192, los=21, nonmoving=0, nursery=4021, heap=2870762, sweep_pending=false, seeded=1579, enq=50602705, traced=42278495, skipped_young=0, satb=18823819, satb_young_drop=12110254)
[bactrian] schedule Nursery (marking=true, mature_pages=1285347, reserved=1317166, immix=1285347, los=21, nonmoving=0, nursery=4021, heap=2880072, sweep_pending=false, seeded=1579, enq=50651481, traced=42375483, skipped_young=0, satb=18825165, satb_young_drop=12225371)
[bactrian] schedule Nursery (marking=true, mature_pages=1289502, reserved=1321532, immix=1289502, los=21, nonmoving=0, nursery=4021, heap=2889383, sweep_pending=false, seeded=1579, enq=50700257, traced=42472471, skipped_young=0, satb=18826523, satb_young_drop=12340485)
[bactrian] schedule Nursery (marking=true, mature_pages=1293657, reserved=1325764, immix=1293657, los=21, nonmoving=0, nursery=4021, heap=2898693, sweep_pending=false, seeded=1579, enq=50749025, traced=42569431, skipped_young=0, satb=18827869, satb_young_drop=12455603)
[bactrian] schedule Nursery (marking=true, mature_pages=1297812, reserved=1329862, immix=1297812, los=21, nonmoving=0, nursery=4021, heap=2908004, sweep_pending=false, seeded=1579, enq=50819534, traced=42641225, skipped_young=0, satb=18829215, satb_young_drop=12570720)
[bactrian] schedule Nursery (marking=true, mature_pages=1301967, reserved=1334227, immix=1301967, los=21, nonmoving=0, nursery=4021, heap=2917312, sweep_pending=false, seeded=1579, enq=50965580, traced=42690377, skipped_young=0, satb=18830573, satb_young_drop=12685834)
[bactrian] schedule Nursery (marking=true, mature_pages=1306122, reserved=1338459, immix=1306122, los=21, nonmoving=0, nursery=4021, heap=2926622, sweep_pending=false, seeded=1579, enq=51111626, traced=42739529, skipped_young=0, satb=18831919, satb_young_drop=12800952)
[bactrian] schedule Nursery (marking=true, mature_pages=1310277, reserved=1342557, immix=1310277, los=21, nonmoving=0, nursery=4021, heap=2935933, sweep_pending=false, seeded=1579, enq=51257642, traced=42788681, skipped_young=0, satb=18833265, satb_young_drop=12916070)
[bactrian] schedule Nursery (marking=true, mature_pages=1314434, reserved=1347059, immix=1314434, los=21, nonmoving=0, nursery=4021, heap=2945247, sweep_pending=false, seeded=1579, enq=51391520, traced=42833737, skipped_young=0, satb=18834623, satb_young_drop=13031183)
[bactrian] schedule Nursery (marking=true, mature_pages=1318589, reserved=1351157, immix=1318589, los=21, nonmoving=0, nursery=4021, heap=2954558, sweep_pending=false, seeded=1579, enq=51537566, traced=42882889, skipped_young=0, satb=18835969, satb_young_drop=13146301)
[bactrian] schedule Nursery (marking=true, mature_pages=1322744, reserved=1355254, immix=1322744, los=21, nonmoving=0, nursery=4021, heap=2963866, sweep_pending=false, seeded=1579, enq=51671414, traced=42927945, skipped_young=0, satb=18837315, satb_young_drop=13261419)
[bactrian] schedule Nursery (marking=true, mature_pages=1326899, reserved=1359486, immix=1326899, los=21, nonmoving=0, nursery=4021, heap=2973176, sweep_pending=false, seeded=1579, enq=51805292, traced=42973001, skipped_young=0, satb=18838661, satb_young_drop=13376536)
[bactrian] schedule Nursery (marking=true, mature_pages=1331054, reserved=1363986, immix=1331054, los=21, nonmoving=0, nursery=4021, heap=2982487, sweep_pending=false, seeded=1579, enq=51951308, traced=43022153, skipped_young=0, satb=18840019, satb_young_drop=13491650)
[bactrian] schedule Nursery (marking=true, mature_pages=1335209, reserved=1367950, immix=1335209, los=21, nonmoving=0, nursery=4021, heap=2991797, sweep_pending=false, seeded=1579, enq=52085186, traced=43067209, skipped_young=0, satb=18841365, satb_young_drop=13606768)
[bactrian] schedule Nursery (marking=true, mature_pages=1339364, reserved=1372316, immix=1339364, los=21, nonmoving=0, nursery=4021, heap=3001108, sweep_pending=false, seeded=1579, enq=52219064, traced=43112265, skipped_young=0, satb=19779238, satb_young_drop=13612722)
[bactrian] schedule Nursery (marking=true, mature_pages=1339547, reserved=1372502, immix=1339547, los=21, nonmoving=0, nursery=4155, heap=3001517, sweep_pending=false, seeded=1579, enq=53661984, traced=44092156, skipped_young=0, satb=20743221, satb_young_drop=13616435)
[bactrian] schedule Nursery (marking=true, mature_pages=1339633, reserved=1372456, immix=1339633, los=21, nonmoving=0, nursery=4021, heap=3001710, sweep_pending=false, seeded=1579, enq=56562876, traced=45103781, skipped_young=0, satb=21707224, satb_young_drop=13620144)
[bactrian] schedule Nursery (marking=true, mature_pages=1339719, reserved=1372543, immix=1339719, los=21, nonmoving=0, nursery=4021, heap=3001902, sweep_pending=false, seeded=1579, enq=57094799, traced=46161423, skipped_young=0, satb=22671207, satb_young_drop=13623857)
[bactrian] schedule Nursery (marking=true, mature_pages=1339808, reserved=1372768, immix=1339808, los=21, nonmoving=0, nursery=4155, heap=3002102, sweep_pending=false, seeded=1579, enq=57883933, traced=47167736, skipped_young=0, satb=23635190, satb_young_drop=13627570)
[bactrian] schedule Nursery (marking=true, mature_pages=1339893, reserved=1372720, immix=1339893, los=21, nonmoving=0, nursery=4021, heap=3002291, sweep_pending=false, seeded=1579, enq=59486201, traced=48202865, skipped_young=0, satb=24599193, satb_young_drop=13631279)
[bactrian] schedule Nursery (marking=true, mature_pages=1339980, reserved=1372809, immix=1339980, los=21, nonmoving=0, nursery=4021, heap=3002487, sweep_pending=false, seeded=1579, enq=59745944, traced=49260868, skipped_young=0, satb=25563176, satb_young_drop=13634992)
[bactrian] schedule Nursery (marking=true, mature_pages=1340065, reserved=1372896, immix=1340065, los=21, nonmoving=0, nursery=4021, heap=3002678, sweep_pending=false, seeded=1579, enq=60289313, traced=50307790, skipped_young=0, satb=26527159, satb_young_drop=13638705)
[bactrian] schedule Nursery (marking=true, mature_pages=1340154, reserved=1373120, immix=1340154, los=21, nonmoving=0, nursery=4021, heap=3002876, sweep_pending=false, seeded=1579, enq=60845457, traced=51354493, skipped_young=0, satb=27491162, satb_young_drop=13642414)
[bactrian] schedule Nursery (marking=true, mature_pages=1340240, reserved=1373208, immix=1340240, los=21, nonmoving=0, nursery=4021, heap=3003070, sweep_pending=false, seeded=1579, enq=61392392, traced=52402761, skipped_young=0, satb=28182846, satb_young_drop=13676086)
[bactrian] schedule Nursery (marking=true, mature_pages=1341470, reserved=1374326, immix=1341470, los=21, nonmoving=0, nursery=4021, heap=3005824, sweep_pending=false, seeded=1579, enq=61548252, traced=53165465, skipped_young=0, satb=28184192, satb_young_drop=13791204)
[bactrian] schedule Nursery (marking=true, mature_pages=1345625, reserved=1378692, immix=1345625, los=21, nonmoving=0, nursery=4021, heap=3015135, sweep_pending=false, seeded=1579, enq=61551379, traced=53239983, skipped_young=0, satb=28185538, satb_young_drop=13906321)
[bactrian] schedule Nursery (marking=true, mature_pages=1349782, reserved=1382926, immix=1349782, los=21, nonmoving=0, nursery=4021, heap=3024450, sweep_pending=false, seeded=1579, enq=61556914, traced=53311771, skipped_young=0, satb=28186896, satb_young_drop=14021435)
[bactrian] schedule Nursery (marking=true, mature_pages=1353937, reserved=1387158, immix=1353937, los=21, nonmoving=0, nursery=4021, heap=3033760, sweep_pending=false, seeded=1579, enq=61560019, traced=53386277, skipped_young=0, satb=28188242, satb_young_drop=14136553)
[bactrian] schedule Nursery (marking=true, mature_pages=1358092, reserved=1391390, immix=1358092, los=21, nonmoving=0, nursery=4021, heap=3043070, sweep_pending=false, seeded=1579, enq=61565549, traced=53454005, skipped_young=0, satb=28189588, satb_young_drop=14251670)
[bactrian] schedule Nursery (marking=true, mature_pages=1362247, reserved=1395487, immix=1362247, los=21, nonmoving=0, nursery=4021, heap=3052379, sweep_pending=false, seeded=1579, enq=61568618, traced=53524447, skipped_young=0, satb=28190946, satb_young_drop=14366784)
[bactrian] schedule Nursery (marking=true, mature_pages=1366402, reserved=1399853, immix=1366402, los=21, nonmoving=0, nursery=4155, heap=3061689, sweep_pending=false, seeded=1579, enq=61571709, traced=53594901, skipped_young=0, satb=28192292, satb_young_drop=14481902)
[bactrian] schedule Nursery (marking=true, mature_pages=1370557, reserved=1403951, immix=1370557, los=21, nonmoving=0, nursery=4021, heap=3070999, sweep_pending=false, seeded=1579, enq=61601331, traced=53675990, skipped_young=0, satb=28193638, satb_young_drop=14597020)
[bactrian] schedule Nursery (marking=true, mature_pages=1374712, reserved=1408317, immix=1374712, los=21, nonmoving=0, nursery=4021, heap=3080310, sweep_pending=false, seeded=1579, enq=61648488, traced=53766170, skipped_young=0, satb=28194996, satb_young_drop=14712133)
[bactrian] schedule Nursery (marking=true, mature_pages=1378867, reserved=1412415, immix=1378867, los=21, nonmoving=0, nursery=4021, heap=3089620, sweep_pending=false, seeded=1579, enq=61693157, traced=53854992, skipped_young=0, satb=28196342, satb_young_drop=14827251)
[bactrian] schedule Nursery (marking=true, mature_pages=1383024, reserved=1416648, immix=1383024, los=21, nonmoving=0, nursery=4021, heap=3098933, sweep_pending=false, seeded=1579, enq=61736223, traced=53937058, skipped_young=0, satb=28197688, satb_young_drop=14942369)
[bactrian] schedule Nursery (marking=true, mature_pages=1387179, reserved=1420880, immix=1387179, los=21, nonmoving=0, nursery=4021, heap=3108243, sweep_pending=false, seeded=1579, enq=61779298, traced=54019154, skipped_young=0, satb=28199034, satb_young_drop=15057486)
[bactrian] schedule Nursery (marking=true, mature_pages=1391334, reserved=1425112, immix=1391334, los=21, nonmoving=0, nursery=4021, heap=3117554, sweep_pending=false, seeded=1579, enq=61822386, traced=54101232, skipped_young=0, satb=28200392, satb_young_drop=15172600)
[bactrian] schedule Nursery (marking=true, mature_pages=1395489, reserved=1429344, immix=1395489, los=21, nonmoving=0, nursery=4021, heap=3126864, sweep_pending=false, seeded=1579, enq=61869521, traced=54191400, skipped_young=0, satb=28201738, satb_young_drop=15287718)
[bactrian] schedule Nursery (marking=true, mature_pages=1399644, reserved=1433576, immix=1399644, los=21, nonmoving=0, nursery=4021, heap=3136174, sweep_pending=false, seeded=1579, enq=61916647, traced=54281538, skipped_young=0, satb=28203084, satb_young_drop=15402835)
[bactrian] schedule Nursery (marking=true, mature_pages=1403799, reserved=1437807, immix=1403799, los=21, nonmoving=0, nursery=4021, heap=3145483, sweep_pending=false, seeded=1579, enq=61963593, traced=54371706, skipped_young=0, satb=28204442, satb_young_drop=15517949)
[bactrian] schedule Nursery (marking=true, mature_pages=1407954, reserved=1442039, immix=1407954, los=21, nonmoving=0, nursery=4021, heap=3154793, sweep_pending=false, seeded=1579, enq=62009620, traced=54461886, skipped_young=0, satb=28205788, satb_young_drop=15633067)
[bactrian] schedule Nursery (marking=true, mature_pages=1412109, reserved=1446405, immix=1412109, los=21, nonmoving=0, nursery=4021, heap=3164103, sweep_pending=false, seeded=1579, enq=62055626, traced=54552024, skipped_young=0, satb=28207134, satb_young_drop=15748184)
[bactrian] schedule Nursery (marking=true, mature_pages=1416264, reserved=1450637, immix=1416264, los=21, nonmoving=0, nursery=4021, heap=3173414, sweep_pending=false, seeded=1579, enq=62174203, traced=54694694, skipped_young=0, satb=28208492, satb_young_drop=15863298)
[bactrian] schedule Nursery (marking=true, mature_pages=1420421, reserved=1454737, immix=1420421, los=21, nonmoving=0, nursery=4021, heap=3182729, sweep_pending=false, seeded=1579, enq=62403579, traced=54924070, skipped_young=0, satb=28209838, satb_young_drop=15978416)
[bactrian] schedule Nursery (marking=true, mature_pages=1424576, reserved=1458968, immix=1424576, los=21, nonmoving=0, nursery=4021, heap=3192037, sweep_pending=false, seeded=1579, enq=62620667, traced=55141158, skipped_young=0, satb=28211184, satb_young_drop=16093533)
[bactrian] schedule Nursery (marking=true, mature_pages=1428731, reserved=1463200, immix=1428731, los=21, nonmoving=0, nursery=4155, heap=3201347, sweep_pending=false, seeded=1579, enq=62845947, traced=55366438, skipped_young=0, satb=28212542, satb_young_drop=16208647)
[bactrian] schedule Nursery (marking=true, mature_pages=1432886, reserved=1467432, immix=1432886, los=21, nonmoving=0, nursery=4155, heap=3210658, sweep_pending=false, seeded=1579, enq=63030048, traced=55562575, skipped_young=0, satb=28213888, satb_young_drop=16323765)
[bactrian] schedule Nursery (marking=true, mature_pages=1437041, reserved=1471664, immix=1437041, los=21, nonmoving=0, nursery=4021, heap=3219968, sweep_pending=false, seeded=1579, enq=63074708, traced=55651367, skipped_young=0, satb=28215234, satb_young_drop=16438883)
[bactrian] schedule Nursery (marking=true, mature_pages=1441196, reserved=1476030, immix=1441196, los=21, nonmoving=0, nursery=4021, heap=3229278, sweep_pending=false, seeded=1579, enq=63115317, traced=55732117, skipped_young=0, satb=28216580, satb_young_drop=16554000)
[bactrian] schedule Nursery (marking=true, mature_pages=1445351, reserved=1480127, immix=1445351, los=21, nonmoving=0, nursery=4021, heap=3238587, sweep_pending=false, seeded=1579, enq=63155917, traced=55812837, skipped_young=0, satb=28217938, satb_young_drop=16669114)
[bactrian] schedule Nursery (marking=true, mature_pages=1449506, reserved=1484359, immix=1449506, los=21, nonmoving=0, nursery=4021, heap=3247897, sweep_pending=false, seeded=1579, enq=63200586, traced=55901659, skipped_young=0, satb=28219284, satb_young_drop=16784232)
[bactrian] schedule Nursery (marking=true, mature_pages=1453661, reserved=1488591, immix=1453661, los=21, nonmoving=0, nursery=4021, heap=3257207, sweep_pending=false, seeded=1579, enq=63245255, traced=55990481, skipped_young=0, satb=28220630, satb_young_drop=16899349)
[bactrian] schedule Nursery (marking=true, mature_pages=1457818, reserved=1492959, immix=1457818, los=21, nonmoving=0, nursery=4021, heap=3266522, sweep_pending=false, seeded=1579, enq=63289915, traced=56079273, skipped_young=0, satb=28221988, satb_young_drop=17014463)
[bactrian] schedule Nursery (marking=true, mature_pages=1461973, reserved=1497191, immix=1461973, los=21, nonmoving=0, nursery=4155, heap=3275833, sweep_pending=false, seeded=1579, enq=63330524, traced=56160023, skipped_young=0, satb=28223334, satb_young_drop=17129581)
[bactrian] schedule Nursery (marking=true, mature_pages=1466128, reserved=1501422, immix=1466128, los=21, nonmoving=0, nursery=4021, heap=3285141, sweep_pending=false, seeded=1579, enq=63375184, traced=56248815, skipped_young=0, satb=28224680, satb_young_drop=17244698)
[bactrian] schedule Nursery (marking=true, mature_pages=1470283, reserved=1505520, immix=1470283, los=21, nonmoving=0, nursery=4155, heap=3294451, sweep_pending=false, seeded=1579, enq=63415793, traced=56329565, skipped_young=0, satb=28226038, satb_young_drop=17359812)
[bactrian] schedule Nursery (marking=true, mature_pages=1474438, reserved=1509886, immix=1474438, los=21, nonmoving=0, nursery=4021, heap=3303762, sweep_pending=false, seeded=1579, enq=63456393, traced=56410285, skipped_young=0, satb=28227384, satb_young_drop=17474930)
[bactrian] schedule Nursery (marking=true, mature_pages=1478593, reserved=1514118, immix=1478593, los=21, nonmoving=0, nursery=4021, heap=3313072, sweep_pending=false, seeded=1579, enq=63495125, traced=56488006, skipped_young=0, satb=28228730, satb_young_drop=17590047)
[bactrian] schedule Nursery (marking=true, mature_pages=1482748, reserved=1518216, immix=1482748, los=21, nonmoving=0, nursery=4021, heap=3322382, sweep_pending=false, seeded=1579, enq=63630530, traced=56635792, skipped_young=0, satb=28230088, satb_young_drop=17705161)
[bactrian] schedule Nursery (marking=true, mature_pages=1486903, reserved=1522581, immix=1486903, los=21, nonmoving=0, nursery=4155, heap=3331691, sweep_pending=false, seeded=1579, enq=63847618, traced=56852880, skipped_young=0, satb=28231434, satb_young_drop=17820279)
[bactrian] schedule Nursery (marking=true, mature_pages=1491060, reserved=1526681, immix=1491060, los=21, nonmoving=0, nursery=4155, heap=3341005, sweep_pending=false, seeded=1579, enq=64060610, traced=57065872, skipped_young=0, satb=28232780, satb_young_drop=17935397)
[bactrian] schedule Nursery (marking=true, mature_pages=1495215, reserved=1530913, immix=1495215, los=21, nonmoving=0, nursery=4021, heap=3350316, sweep_pending=false, seeded=1579, enq=64281794, traced=57287056, skipped_young=0, satb=28234138, satb_young_drop=18050510)
[bactrian] schedule Nursery (marking=true, mature_pages=1499370, reserved=1535145, immix=1499370, los=21, nonmoving=0, nursery=4021, heap=3359626, sweep_pending=false, seeded=1579, enq=64466709, traced=57477591, skipped_young=0, satb=28235484, satb_young_drop=18165628)
[bactrian] schedule Nursery (marking=true, mature_pages=1503525, reserved=1539377, immix=1503525, los=21, nonmoving=0, nursery=4155, heap=3368937, sweep_pending=false, seeded=1579, enq=64501058, traced=57547578, skipped_young=0, satb=28236830, satb_young_drop=18280746)
[bactrian] schedule Nursery (marking=true, mature_pages=1507680, reserved=1543742, immix=1507680, los=21, nonmoving=0, nursery=4021, heap=3378245, sweep_pending=false, seeded=1579, enq=64545674, traced=57636282, skipped_young=0, satb=28238176, satb_young_drop=18395863)
[bactrian] schedule Nursery (marking=true, mature_pages=1511835, reserved=1547840, immix=1511835, los=21, nonmoving=0, nursery=4021, heap=3387555, sweep_pending=false, seeded=1579, enq=64590300, traced=57725018, skipped_young=0, satb=28239534, satb_young_drop=18510977)
[bactrian] schedule Nursery (marking=true, mature_pages=1515990, reserved=1552072, immix=1515990, los=21, nonmoving=0, nursery=4155, heap=3396866, sweep_pending=false, seeded=1579, enq=64634926, traced=57813754, skipped_young=0, satb=28240880, satb_young_drop=18626095)
[bactrian] schedule Nursery (marking=true, mature_pages=1520145, reserved=1556304, immix=1520145, los=21, nonmoving=0, nursery=4021, heap=3406176, sweep_pending=false, seeded=1579, enq=64675486, traced=57894394, skipped_young=0, satb=28242226, satb_young_drop=18741212)
[bactrian] schedule Nursery (marking=true, mature_pages=1524300, reserved=1560670, immix=1524300, los=21, nonmoving=0, nursery=4021, heap=3415486, sweep_pending=false, seeded=1579, enq=64716056, traced=57975066, skipped_young=0, satb=28243584, satb_young_drop=18856326)
[bactrian] schedule Nursery (marking=true, mature_pages=1528457, reserved=1564769, immix=1528457, los=21, nonmoving=0, nursery=4021, heap=3424799, sweep_pending=false, seeded=1579, enq=64756616, traced=58055706, skipped_young=0, satb=28244930, satb_young_drop=18971444)
[bactrian] schedule Nursery (marking=true, mature_pages=1532612, reserved=1569135, immix=1532612, los=21, nonmoving=0, nursery=4021, heap=3434109, sweep_pending=false, seeded=1579, enq=64797186, traced=58136378, skipped_young=0, satb=28246276, satb_young_drop=19086561)
[bactrian] schedule Nursery (marking=true, mature_pages=1536767, reserved=1573367, immix=1536767, los=21, nonmoving=0, nursery=4021, heap=3443420, sweep_pending=false, seeded=1579, enq=64841802, traced=58225082, skipped_young=0, satb=28247634, satb_young_drop=19201675)
[bactrian] schedule Nursery (marking=true, mature_pages=1540922, reserved=1577465, immix=1540922, los=21, nonmoving=0, nursery=4021, heap=3452730, sweep_pending=false, seeded=1579, enq=64882372, traced=58305754, skipped_young=0, satb=28248980, satb_young_drop=19316793)
[bactrian] schedule Nursery (marking=true, mature_pages=1545077, reserved=1581697, immix=1545077, los=21, nonmoving=0, nursery=4021, heap=3462041, sweep_pending=false, seeded=1579, enq=64922932, traced=58386394, skipped_young=0, satb=28250326, satb_young_drop=19431910)
[bactrian] schedule Nursery (marking=true, mature_pages=1549232, reserved=1585928, immix=1549232, los=21, nonmoving=0, nursery=4021, heap=3471349, sweep_pending=false, seeded=1579, enq=64963502, traced=58467066, skipped_young=0, satb=28251684, satb_young_drop=19547024)
[bactrian] schedule Nursery (marking=true, mature_pages=1553387, reserved=1590294, immix=1553387, los=21, nonmoving=0, nursery=4021, heap=3480659, sweep_pending=false, seeded=1579, enq=65004062, traced=58547706, skipped_young=0, satb=28253030, satb_young_drop=19662142)
[bactrian] schedule Nursery (marking=true, mature_pages=1557542, reserved=1594392, immix=1557542, los=21, nonmoving=0, nursery=4021, heap=3489970, sweep_pending=false, seeded=1579, enq=65044632, traced=58628378, skipped_young=0, satb=28254376, satb_young_drop=19777260)
[bactrian] schedule Nursery (marking=true, mature_pages=1561699, reserved=1598760, immix=1561699, los=21, nonmoving=0, nursery=4021, heap=3499284, sweep_pending=false, seeded=1579, enq=65085202, traced=58709050, skipped_young=0, satb=28255722, satb_young_drop=19892377)
[bactrian] schedule Nursery (marking=true, mature_pages=1565854, reserved=1602992, immix=1565854, los=21, nonmoving=0, nursery=4021, heap=3508595, sweep_pending=false, seeded=1579, enq=65125762, traced=58789690, skipped_young=0, satb=28257080, satb_young_drop=20007491)
[bactrian] schedule Nursery (marking=true, mature_pages=1570009, reserved=1607089, immix=1570009, los=21, nonmoving=0, nursery=4021, heap=3517903, sweep_pending=false, seeded=1579, enq=65166332, traced=58870362, skipped_young=0, satb=28258426, satb_young_drop=20122609)
[bactrian] schedule Nursery (marking=true, mature_pages=1574164, reserved=1611321, immix=1574164, los=21, nonmoving=0, nursery=4021, heap=3527213, sweep_pending=false, seeded=1579, enq=65206892, traced=58951002, skipped_young=0, satb=28259772, satb_young_drop=20237726)
[bactrian] schedule Nursery (marking=true, mature_pages=1578319, reserved=1615687, immix=1578319, los=21, nonmoving=0, nursery=4021, heap=3536524, sweep_pending=false, seeded=1579, enq=65247462, traced=59031674, skipped_young=0, satb=28261130, satb_young_drop=20352840)
[bactrian] schedule Nursery (marking=true, mature_pages=1582474, reserved=1619785, immix=1582474, los=21, nonmoving=0, nursery=4021, heap=3545834, sweep_pending=false, seeded=1579, enq=65288022, traced=59112314, skipped_young=0, satb=28262476, satb_young_drop=20467958)
[bactrian] schedule Nursery (marking=true, mature_pages=1586629, reserved=1624151, immix=1586629, los=21, nonmoving=0, nursery=4021, heap=3555145, sweep_pending=false, seeded=1579, enq=65324536, traced=59184922, skipped_young=0, satb=28263822, satb_young_drop=20583075)
[bactrian] schedule Nursery (marking=true, mature_pages=1590784, reserved=1628516, immix=1590784, los=21, nonmoving=0, nursery=4021, heap=3564453, sweep_pending=false, seeded=1579, enq=65365096, traced=59265562, skipped_young=0, satb=28265180, satb_young_drop=20698189)
[bactrian] schedule Nursery (marking=true, mature_pages=1594939, reserved=1632480, immix=1594939, los=21, nonmoving=0, nursery=4021, heap=3573763, sweep_pending=false, seeded=1579, enq=65405666, traced=59346234, skipped_young=0, satb=28266526, satb_young_drop=20813307)
[bactrian] schedule Nursery (marking=true, mature_pages=1599096, reserved=1636848, immix=1599096, los=21, nonmoving=0, nursery=4021, heap=3583078, sweep_pending=false, seeded=1579, enq=65468371, traced=59442456, skipped_young=0, satb=28267872, satb_young_drop=20928424)
[bactrian] schedule Nursery (marking=true, mature_pages=1603251, reserved=1640946, immix=1603251, los=21, nonmoving=0, nursery=4021, heap=3592388, sweep_pending=false, seeded=1579, enq=65669075, traced=59643160, skipped_young=0, satb=28269230, satb_young_drop=21043538)
[bactrian] schedule Nursery (marking=true, mature_pages=1607406, reserved=1645178, immix=1607406, los=21, nonmoving=0, nursery=4021, heap=3601699, sweep_pending=false, seeded=1579, enq=65873875, traced=59847960, skipped_young=0, satb=28270576, satb_young_drop=21158656)
[bactrian] schedule Nursery (marking=true, mature_pages=1611561, reserved=1649543, immix=1611561, los=21, nonmoving=0, nursery=4155, heap=3611007, sweep_pending=false, seeded=1579, enq=66070483, traced=60044568, skipped_young=0, satb=28271922, satb_young_drop=21273774)
[bactrian] schedule Nursery (marking=true, mature_pages=1615716, reserved=1653775, immix=1615716, los=21, nonmoving=0, nursery=4155, heap=3620317, sweep_pending=false, seeded=1579, enq=66254803, traced=60228888, skipped_young=0, satb=28273280, satb_young_drop=21388887)
[bactrian] schedule Nursery (marking=true, mature_pages=1619871, reserved=1657873, immix=1619871, los=21, nonmoving=0, nursery=4021, heap=3629628, sweep_pending=false, seeded=1579, enq=66395645, traced=60385844, skipped_young=0, satb=28274626, satb_young_drop=21504005)
[bactrian] schedule Nursery (marking=true, mature_pages=1624026, reserved=1662239, immix=1624026, los=21, nonmoving=0, nursery=4021, heap=3638938, sweep_pending=false, seeded=1579, enq=66396185, traced=60446744, skipped_young=0, satb=28275972, satb_young_drop=21619123)
[bactrian] schedule Nursery (marking=true, mature_pages=1628181, reserved=1666337, immix=1628181, los=21, nonmoving=0, nursery=4021, heap=3648249, sweep_pending=false, seeded=1579, enq=66396716, traced=60507653, skipped_young=0, satb=28277318, satb_young_drop=21734240)
[bactrian] schedule Nursery (marking=true, mature_pages=1632338, reserved=1670570, immix=1632338, los=21, nonmoving=0, nursery=4021, heap=3657561, sweep_pending=false, seeded=1579, enq=66397247, traced=60568562, skipped_young=0, satb=28278676, satb_young_drop=21849354)
[bactrian] schedule Nursery (marking=true, mature_pages=1636493, reserved=1674802, immix=1636493, los=21, nonmoving=0, nursery=4021, heap=3666872, sweep_pending=false, seeded=1579, enq=66397778, traced=60629471, skipped_young=0, satb=28280022, satb_young_drop=21964472)
[bactrian] schedule Nursery (marking=true, mature_pages=1640648, reserved=1679168, immix=1640648, los=21, nonmoving=0, nursery=4021, heap=3676182, sweep_pending=false, seeded=1579, enq=66398309, traced=60690380, skipped_young=0, satb=28281368, satb_young_drop=22079589)
[bactrian] schedule Nursery (marking=true, mature_pages=1644803, reserved=1683400, immix=1644803, los=21, nonmoving=0, nursery=4021, heap=3685492, sweep_pending=false, seeded=1579, enq=66398849, traced=60751280, skipped_young=0, satb=28282726, satb_young_drop=22194703)
[bactrian] schedule Nursery (marking=true, mature_pages=1648958, reserved=1687632, immix=1648958, los=21, nonmoving=0, nursery=4021, heap=3694803, sweep_pending=false, seeded=1579, enq=66399380, traced=60812189, skipped_young=0, satb=28284072, satb_young_drop=22309821)
[bactrian] schedule Nursery (marking=true, mature_pages=1653113, reserved=1691729, immix=1653113, los=21, nonmoving=0, nursery=4021, heap=3704111, sweep_pending=false, seeded=1579, enq=66399911, traced=60873098, skipped_young=0, satb=28285418, satb_young_drop=22424938)
[bactrian] schedule Nursery (marking=true, mature_pages=1657268, reserved=1695961, immix=1657268, los=21, nonmoving=0, nursery=4021, heap=3713421, sweep_pending=false, seeded=1579, enq=66506659, traced=61008014, skipped_young=0, satb=28286776, satb_young_drop=22540052)
[bactrian] schedule Nursery (marking=true, mature_pages=1661423, reserved=1700327, immix=1661423, los=21, nonmoving=0, nursery=4021, heap=3722732, sweep_pending=false, seeded=1579, enq=66703267, traced=61204622, skipped_young=0, satb=28288122, satb_young_drop=22655170)
[bactrian] schedule Nursery (marking=true, mature_pages=1665578, reserved=1704559, immix=1665578, los=21, nonmoving=0, nursery=4021, heap=3732042, sweep_pending=false, seeded=1579, enq=66891683, traced=61393038, skipped_young=0, satb=28289468, satb_young_drop=22770287)
[bactrian] schedule Nursery (marking=true, mature_pages=1669735, reserved=1708659, immix=1669735, los=21, nonmoving=0, nursery=4021, heap=3741357, sweep_pending=false, seeded=1579, enq=67088291, traced=61589646, skipped_young=0, satb=28406683, satb_young_drop=22870512)
[bactrian] schedule Nursery (marking=true, mature_pages=1673397, reserved=1712388, immix=1673397, los=21, nonmoving=0, nursery=4021, heap=3749561, sweep_pending=false, seeded=1579, enq=67364209, traced=61873630, skipped_young=0, satb=29370667, satb_young_drop=22874225)
[bactrian] schedule Nursery (marking=true, mature_pages=1673483, reserved=1712610, immix=1673483, los=21, nonmoving=0, nursery=4021, heap=3749754, sweep_pending=false, seeded=1579, enq=67997648, traced=63031467, skipped_young=0, satb=30334651, satb_young_drop=22877938)
[bactrian] schedule Nursery (marking=true, mature_pages=1673569, reserved=1712564, immix=1673569, los=21, nonmoving=0, nursery=4021, heap=3749948, sweep_pending=false, seeded=1579, enq=68749895, traced=64072378, skipped_young=0, satb=31298655, satb_young_drop=22881649)
[bactrian] schedule Nursery (marking=true, mature_pages=1673654, reserved=1712918, immix=1673654, los=21, nonmoving=0, nursery=4021, heap=3750137, sweep_pending=false, seeded=1579, enq=69736437, traced=65215397, skipped_young=0, satb=32262638, satb_young_drop=22885362)
[bactrian] schedule Nursery (marking=true, mature_pages=1673744, reserved=1712876, immix=1673744, los=21, nonmoving=0, nursery=4021, heap=3750340, sweep_pending=false, seeded=1579, enq=70648493, traced=66366945, skipped_young=0, satb=33226622, satb_young_drop=22889075)
[bactrian] schedule Nursery (marking=true, mature_pages=1673829, reserved=1712828, immix=1673829, los=21, nonmoving=0, nursery=4021, heap=3750529, sweep_pending=false, seeded=1579, enq=71287227, traced=67524929, skipped_young=0, satb=34190605, satb_young_drop=22892788)
[bactrian] schedule Nursery (marking=true, mature_pages=1673915, reserved=1712916, immix=1673915, los=21, nonmoving=0, nursery=4021, heap=3750722, sweep_pending=false, seeded=1579, enq=71832110, traced=68543486, skipped_young=0, satb=35154608, satb_young_drop=22896497)
[bactrian] schedule Nursery (marking=true, mature_pages=1674000, reserved=1713271, immix=1674000, los=21, nonmoving=0, nursery=4021, heap=3750914, sweep_pending=false, seeded=1579, enq=72798201, traced=69595017, skipped_young=0, satb=36118591, satb_young_drop=22900210)
[bactrian] schedule Nursery (marking=true, mature_pages=1674090, reserved=1713094, immix=1674090, los=21, nonmoving=0, nursery=4021, heap=3751114, sweep_pending=false, seeded=1579, enq=73480877, traced=70757125, skipped_young=0, satb=37082574, satb_young_drop=22903923)
[bactrian] schedule Nursery (marking=true, mature_pages=1674175, reserved=1713181, immix=1674175, los=21, nonmoving=0, nursery=4021, heap=3751305, sweep_pending=false, seeded=1579, enq=73575081, traced=71778680, skipped_young=0, satb=37633071, satb_young_drop=22953949)
[bactrian] schedule Nursery (marking=true, mature_pages=1676001, reserved=1715040, immix=1676001, los=21, nonmoving=0, nursery=4021, heap=3755395, sweep_pending=false, seeded=1579, enq=73637740, traced=72392187, skipped_young=0, satb=37634429, satb_young_drop=23069063)
[bactrian] schedule Nursery (marking=true, mature_pages=1680156, reserved=1719272, immix=1680156, los=21, nonmoving=0, nursery=4021, heap=3764706, sweep_pending=false, seeded=1579, enq=73639581, traced=72450327, skipped_young=0, satb=37635774, satb_young_drop=23184181)
[bactrian] schedule Nursery (marking=true, mature_pages=1684311, reserved=1723638, immix=1684311, los=21, nonmoving=0, nursery=4155, heap=3774016, sweep_pending=false, seeded=1579, enq=73641479, traced=72512525, skipped_young=0, satb=37637120, satb_young_drop=23299299)
[bactrian] schedule Nursery (marking=true, mature_pages=1688466, reserved=1727736, immix=1688466, los=21, nonmoving=0, nursery=4021, heap=3783326, sweep_pending=false, seeded=1579, enq=73644666, traced=72572011, skipped_young=0, satb=37638466, satb_young_drop=23414416)
[bactrian] schedule Nursery (marking=true, mature_pages=1692621, reserved=1731968, immix=1692621, los=21, nonmoving=0, nursery=4021, heap=3792637, sweep_pending=false, seeded=1579, enq=73646507, traced=72630151, skipped_young=0, satb=37639824, satb_young_drop=23529530)
[bactrian] schedule Nursery (marking=true, mature_pages=1696776, reserved=1736333, immix=1696776, los=21, nonmoving=0, nursery=4155, heap=3801945, sweep_pending=false, seeded=1579, enq=73649706, traced=72689649, skipped_young=0, satb=37641170, satb_young_drop=23644648)
[bactrian] schedule Nursery (marking=true, mature_pages=1700931, reserved=1740431, immix=1700931, los=21, nonmoving=0, nursery=4021, heap=3811255, sweep_pending=false, seeded=1579, enq=73651583, traced=72751845, skipped_young=0, satb=37642516, satb_young_drop=23759765)
[bactrian] schedule Nursery (marking=true, mature_pages=1705088, reserved=1744665, immix=1705088, los=21, nonmoving=0, nursery=4155, heap=3820570, sweep_pending=false, seeded=1579, enq=73654791, traced=72811333, skipped_young=0, satb=37643874, satb_young_drop=23874879)
[bactrian] schedule Nursery (marking=true, mature_pages=1709243, reserved=1749031, immix=1709243, los=21, nonmoving=0, nursery=4021, heap=3829881, sweep_pending=false, seeded=1579, enq=73656668, traced=72873529, skipped_young=0, satb=37645220, satb_young_drop=23989997)
[bactrian] schedule Nursery (marking=true, mature_pages=1713398, reserved=1753263, immix=1713398, los=21, nonmoving=0, nursery=4021, heap=3839191, sweep_pending=false, seeded=1579, enq=73659867, traced=72933027, skipped_young=0, satb=37646566, satb_young_drop=24105114)
[bactrian] schedule Nursery (marking=true, mature_pages=1717553, reserved=1757494, immix=1717553, los=21, nonmoving=0, nursery=4021, heap=3848499, sweep_pending=false, seeded=1579, enq=73755780, traced=73052039, skipped_young=0, satb=37647924, satb_young_drop=24220228)
[bactrian] schedule Nursery (marking=true, mature_pages=1721708, reserved=1761592, immix=1721708, los=21, nonmoving=0, nursery=4021, heap=3857810, sweep_pending=false, seeded=1579, enq=73934477, traced=73230757, skipped_young=0, satb=37649270, satb_young_drop=24335346)
[bactrian] schedule Nursery (marking=true, mature_pages=1725863, reserved=1765824, immix=1725863, los=21, nonmoving=0, nursery=4021, heap=3867120, sweep_pending=false, seeded=1579, enq=74110605, traced=73406885, skipped_young=0, satb=37650616, satb_young_drop=24450464)
[bactrian] schedule Nursery (marking=true, mature_pages=1730018, reserved=1770056, immix=1730018, los=21, nonmoving=0, nursery=4021, heap=3876430, sweep_pending=false, seeded=1579, enq=74294925, traced=73591205, skipped_young=0, satb=37651974, satb_young_drop=24565577)
[bactrian] schedule Nursery (marking=true, mature_pages=1734173, reserved=1774422, immix=1734173, los=21, nonmoving=0, nursery=4155, heap=3885741, sweep_pending=false, seeded=1579, enq=74483341, traced=73779621, skipped_young=0, satb=37653320, satb_young_drop=24680695)
[bactrian] schedule Nursery (marking=true, mature_pages=1738330, reserved=1778521, immix=1738330, los=21, nonmoving=0, nursery=4155, heap=3895053, sweep_pending=false, seeded=1579, enq=74663565, traced=73959845, skipped_young=0, satb=37654666, satb_young_drop=24795813)
[bactrian] schedule Nursery (marking=true, mature_pages=1742485, reserved=1782887, immix=1742485, los=21, nonmoving=0, nursery=4021, heap=3904364, sweep_pending=false, seeded=1579, enq=74770005, traced=74083778, skipped_young=0, satb=37656012, satb_young_drop=24910930)
[bactrian] schedule Nursery (marking=true, mature_pages=1746640, reserved=1786985, immix=1746640, los=21, nonmoving=0, nursery=4021, heap=3913674, sweep_pending=false, seeded=1579, enq=74770500, traced=74140572, skipped_young=0, satb=37657370, satb_young_drop=25026044)
[bactrian] schedule Nursery (marking=true, mature_pages=1750795, reserved=1791217, immix=1750795, los=21, nonmoving=0, nursery=4021, heap=3922985, sweep_pending=false, seeded=1579, enq=74779160, traced=74201492, skipped_young=0, satb=37658716, satb_young_drop=25141162)
[bactrian] schedule Nursery (marking=true, mature_pages=1754950, reserved=1795449, immix=1754950, los=21, nonmoving=0, nursery=4021, heap=3932295, sweep_pending=false, seeded=1579, enq=74955288, traced=74377620, skipped_young=0, satb=37660062, satb_young_drop=25256279)
[bactrian] schedule Nursery (marking=true, mature_pages=1759105, reserved=1799680, immix=1759105, los=21, nonmoving=0, nursery=4021, heap=3941603, sweep_pending=false, seeded=1579, enq=75143704, traced=74566036, skipped_young=0, satb=37661420, satb_young_drop=25371393)
[bactrian] schedule Nursery (marking=true, mature_pages=1763260, reserved=1803912, immix=1763260, los=21, nonmoving=0, nursery=4021, heap=3950914, sweep_pending=false, seeded=1579, enq=75332120, traced=74754452, skipped_young=0, satb=37662766, satb_young_drop=25486511)
[bactrian] schedule Nursery (marking=true, mature_pages=1767415, reserved=1808144, immix=1767415, los=21, nonmoving=0, nursery=4021, heap=3960224, sweep_pending=false, seeded=1579, enq=75504152, traced=74926484, skipped_young=0, satb=37664112, satb_young_drop=25601628)
[bactrian] schedule Nursery (marking=true, mature_pages=1771570, reserved=1812376, immix=1771570, los=21, nonmoving=0, nursery=4021, heap=3969534, sweep_pending=false, seeded=1579, enq=75676184, traced=75098516, skipped_young=0, satb=37665470, satb_young_drop=25716742)
[bactrian] schedule Nursery (marking=true, mature_pages=1775727, reserved=1816610, immix=1775727, los=21, nonmoving=0, nursery=4021, heap=3978849, sweep_pending=false, seeded=1579, enq=75735267, traced=75193798, skipped_young=0, satb=37666816, satb_young_drop=25831860)
[bactrian] schedule Nursery (marking=true, mature_pages=1779882, reserved=1820841, immix=1779882, los=21, nonmoving=0, nursery=4021, heap=3988157, sweep_pending=false, seeded=1579, enq=75735762, traced=75250592, skipped_young=0, satb=37668162, satb_young_drop=25946977)
[bactrian] schedule Nursery (marking=true, mature_pages=1784037, reserved=1825073, immix=1784037, los=21, nonmoving=0, nursery=4021, heap=3997468, sweep_pending=false, seeded=1579, enq=75736230, traced=75303320, skipped_young=0, satb=37669520, satb_young_drop=26062091)
[bactrian] schedule Nursery (marking=true, mature_pages=1788192, reserved=1829305, immix=1788192, los=21, nonmoving=0, nursery=4021, heap=4006778, sweep_pending=false, seeded=1579, enq=75736725, traced=75360114, skipped_young=0, satb=37670866, satb_young_drop=26177209)
[bactrian] schedule Nursery (marking=true, mature_pages=1792347, reserved=1833537, immix=1792347, los=21, nonmoving=0, nursery=4021, heap=4016089, sweep_pending=false, seeded=1579, enq=75737184, traced=75412852, skipped_young=0, satb=37672212, satb_young_drop=26292327)
[bactrian] schedule Nursery (marking=true, mature_pages=1796502, reserved=1837769, immix=1796502, los=21, nonmoving=0, nursery=4021, heap=4025399, sweep_pending=false, seeded=1579, enq=75794852, traced=75506700, skipped_young=0, satb=37673570, satb_young_drop=26407440)
[bactrian] schedule Nursery (marking=true, mature_pages=1800657, reserved=1842134, immix=1800657, los=21, nonmoving=0, nursery=4021, heap=4034707, sweep_pending=false, seeded=1579, enq=75962788, traced=75674636, skipped_young=0, satb=37674916, satb_young_drop=26522558)
[bactrian] schedule Nursery (marking=true, mature_pages=1804812, reserved=1846232, immix=1804812, los=21, nonmoving=0, nursery=4021, heap=4044018, sweep_pending=false, seeded=1579, enq=76130724, traced=75842572, skipped_young=0, satb=37676262, satb_young_drop=26637676)
[bactrian] schedule Nursery (marking=true, mature_pages=1808969, reserved=1850466, immix=1808969, los=21, nonmoving=0, nursery=4021, heap=4053332, sweep_pending=false, seeded=1579, enq=76298660, traced=76010508, skipped_young=0, satb=37677608, satb_young_drop=26752793)
[bactrian] schedule Nursery (marking=true, mature_pages=1813124, reserved=1854698, immix=1813124, los=21, nonmoving=0, nursery=4021, heap=4062643, sweep_pending=false, seeded=1579, enq=76478884, traced=76190732, skipped_young=0, satb=37678966, satb_young_drop=26867907)
[bactrian] schedule Nursery (marking=true, mature_pages=1817279, reserved=1859064, immix=1817279, los=21, nonmoving=0, nursery=4155, heap=4071953, sweep_pending=false, seeded=1579, enq=76659108, traced=76370956, skipped_young=0, satb=37680312, satb_young_drop=26983025)
[bactrian] schedule Nursery (marking=true, mature_pages=1821434, reserved=1863295, immix=1821434, los=21, nonmoving=0, nursery=4155, heap=4081261, sweep_pending=false, seeded=1579, enq=76701863, traced=76453930, skipped_young=0, satb=37681658, satb_young_drop=27098142)
[bactrian] schedule Nursery (marking=true, mature_pages=1825589, reserved=1867393, immix=1825589, los=21, nonmoving=0, nursery=4021, heap=4090572, sweep_pending=false, seeded=1579, enq=76702358, traced=76510724, skipped_young=0, satb=37683016, satb_young_drop=27213256)
[bactrian] schedule Nursery (marking=true, mature_pages=1829744, reserved=1871625, immix=1829744, los=21, nonmoving=0, nursery=4021, heap=4099882, sweep_pending=false, seeded=1579, enq=76702798, traced=76567436, skipped_young=0, satb=37684362, satb_young_drop=27328374)
[bactrian] schedule Nursery (marking=true, mature_pages=1833899, reserved=1875857, immix=1833899, los=21, nonmoving=0, nursery=4021, heap=4109193, sweep_pending=false, seeded=1579, enq=76871372, traced=76740446, skipped_young=0, satb=37685708, satb_young_drop=27443491)
[bactrian] schedule Nursery (marking=true, mature_pages=1838054, reserved=1880089, immix=1838054, los=21, nonmoving=0, nursery=4021, heap=4118503, sweep_pending=false, seeded=1579, enq=77035212, traced=76904286, skipped_young=0, satb=37687066, satb_young_drop=27558605)
[bactrian] schedule Nursery (marking=true, mature_pages=1842209, reserved=1884320, immix=1842209, los=21, nonmoving=0, nursery=4021, heap=4127811, sweep_pending=false, seeded=1579, enq=77211340, traced=77080414, skipped_young=0, satb=37688412, satb_young_drop=27673723)
[bactrian] schedule Nursery (marking=true, mature_pages=1846366, reserved=1888688, immix=1846366, los=21, nonmoving=0, nursery=4021, heap=4137126, sweep_pending=false, seeded=1579, enq=77391564, traced=77260638, skipped_young=0, satb=37689758, satb_young_drop=27788841)
[bactrian] schedule Nursery (marking=true, mature_pages=1850521, reserved=1892920, immix=1850521, los=21, nonmoving=0, nursery=4021, heap=4146436, sweep_pending=false, seeded=1579, enq=77567692, traced=77436766, skipped_young=0, satb=37691116, satb_young_drop=27903954)
[bactrian] schedule Nursery (marking=true, mature_pages=1854676, reserved=1897018, immix=1854676, los=21, nonmoving=0, nursery=4021, heap=4155747, sweep_pending=false, seeded=1579, enq=77727261, traced=77599234, skipped_young=0, satb=37692462, satb_young_drop=28019072)
[bactrian] schedule Nursery (marking=true, mature_pages=1858831, reserved=1901250, immix=1858831, los=21, nonmoving=0, nursery=4021, heap=4165057, sweep_pending=false, seeded=1579, enq=77903389, traced=77775362, skipped_young=0, satb=37693808, satb_young_drop=28134190)
[bactrian] schedule Nursery (marking=true, mature_pages=1862986, reserved=1905615, immix=1862986, los=21, nonmoving=0, nursery=4021, heap=4174365, sweep_pending=false, seeded=1579, enq=78079517, traced=77951490, skipped_young=0, satb=37695154, satb_young_drop=28249307)
[bactrian] schedule Nursery (marking=true, mature_pages=1867141, reserved=1909713, immix=1867141, los=21, nonmoving=0, nursery=4021, heap=4183676, sweep_pending=false, seeded=1579, enq=78239261, traced=78111234, skipped_young=0, satb=37696512, satb_young_drop=28364421)
[bactrian] schedule Nursery (marking=true, mature_pages=1871296, reserved=1913945, immix=1871296, los=21, nonmoving=0, nursery=4021, heap=4192986, sweep_pending=false, seeded=1579, enq=78407197, traced=78279170, skipped_young=0, satb=37697858, satb_young_drop=28479539)
[bactrian] schedule Nursery (marking=true, mature_pages=1875451, reserved=1918177, immix=1875451, los=21, nonmoving=0, nursery=4021, heap=4202297, sweep_pending=false, seeded=1579, enq=78575133, traced=78447106, skipped_young=0, satb=37699204, satb_young_drop=28594656)
[bactrian] schedule Nursery (marking=true, mature_pages=1879608, reserved=1922411, immix=1879608, los=21, nonmoving=0, nursery=4021, heap=4211611, sweep_pending=false, seeded=1579, enq=78692161, traced=78565649, skipped_young=0, satb=37700562, satb_young_drop=28709770)
[bactrian] schedule Nursery (marking=true, mature_pages=1883763, reserved=1926642, immix=1883763, los=21, nonmoving=0, nursery=4021, heap=4220920, sweep_pending=false, seeded=1579, enq=78864193, traced=78737681, skipped_young=0, satb=37701908, satb_young_drop=28824888)
[bactrian] schedule Nursery (marking=true, mature_pages=1887918, reserved=1930874, immix=1887918, los=21, nonmoving=0, nursery=4021, heap=4230230, sweep_pending=false, seeded=1579, enq=79040321, traced=78913809, skipped_young=0, satb=37703254, satb_young_drop=28940005)
[bactrian] schedule Nursery (marking=true, mature_pages=1892073, reserved=1935106, immix=1892073, los=21, nonmoving=0, nursery=4021, heap=4239540, sweep_pending=false, seeded=1579, enq=79212353, traced=79085841, skipped_young=0, satb=37704612, satb_young_drop=29055119)
[bactrian] schedule Nursery (marking=true, mature_pages=1896228, reserved=1939338, immix=1896228, los=21, nonmoving=0, nursery=4155, heap=4248851, sweep_pending=false, seeded=1579, enq=79372097, traced=79245585, skipped_young=0, satb=37705958, satb_young_drop=29170237)
[bactrian] schedule Nursery (marking=true, mature_pages=1900383, reserved=1943704, immix=1900383, los=21, nonmoving=0, nursery=4021, heap=4258161, sweep_pending=false, seeded=1579, enq=79535937, traced=79409425, skipped_young=0, satb=37707304, satb_young_drop=29285354)
[bactrian] schedule Nursery (marking=true, mature_pages=1904538, reserved=1947935, immix=1904538, los=21, nonmoving=0, nursery=4021, heap=4267469, sweep_pending=false, seeded=1579, enq=79632120, traced=79507844, skipped_young=0, satb=37708662, satb_young_drop=29400468)
[bactrian] schedule Nursery (marking=true, mature_pages=1908693, reserved=1952301, immix=1908693, los=21, nonmoving=0, nursery=4021, heap=4276780, sweep_pending=false, seeded=1579, enq=79808248, traced=79683972, skipped_young=0, satb=37710008, satb_young_drop=29515586)
[bactrian] schedule Nursery (marking=true, mature_pages=1912848, reserved=1956265, immix=1912848, los=21, nonmoving=0, nursery=4021, heap=4286090, sweep_pending=false, seeded=1579, enq=79980280, traced=79856004, skipped_young=0, satb=37711354, satb_young_drop=29630704)
[bactrian] schedule Nursery (marking=true, mature_pages=1917005, reserved=1960499, immix=1917005, los=21, nonmoving=0, nursery=4155, heap=4295405, sweep_pending=false, seeded=1579, enq=80152312, traced=80028036, skipped_young=0, satb=37712712, satb_young_drop=29745817)
[bactrian] schedule Nursery (marking=true, mature_pages=1921160, reserved=1964731, immix=1921160, los=21, nonmoving=0, nursery=4021, heap=4304715, sweep_pending=false, seeded=1579, enq=80295672, traced=80171396, skipped_young=0, satb=37714058, satb_young_drop=29860935)
[bactrian] schedule Nursery (marking=true, mature_pages=1925315, reserved=1968962, immix=1925315, los=21, nonmoving=0, nursery=4155, heap=4314024, sweep_pending=false, seeded=1579, enq=80451320, traced=80327044, skipped_young=0, satb=37715404, satb_young_drop=29976053)
[bactrian] schedule Nursery (marking=true, mature_pages=1929470, reserved=1973194, immix=1929470, los=21, nonmoving=0, nursery=4021, heap=4323334, sweep_pending=false, seeded=1579, enq=80610253, traced=80486223, skipped_young=0, satb=37716750, satb_young_drop=30091170)
[bactrian] schedule Nursery (marking=true, mature_pages=1933625, reserved=1977560, immix=1933625, los=21, nonmoving=0, nursery=4021, heap=4332644, sweep_pending=false, seeded=1579, enq=80774093, traced=80650063, skipped_young=0, satb=37718108, satb_young_drop=30206284)
[bactrian] schedule Nursery (marking=true, mature_pages=1937780, reserved=1981792, immix=1937780, los=21, nonmoving=0, nursery=4021, heap=4341955, sweep_pending=false, seeded=1579, enq=80929741, traced=80805711, skipped_young=0, satb=37719454, satb_young_drop=30321402)
[bactrian] schedule Nursery (marking=true, mature_pages=1941935, reserved=1985890, immix=1941935, los=21, nonmoving=0, nursery=4021, heap=4351265, sweep_pending=false, seeded=1579, enq=81093581, traced=80969551, skipped_young=0, satb=37720800, satb_young_drop=30436519)
[bactrian] schedule Nursery (marking=true, mature_pages=1946090, reserved=1990255, immix=1946090, los=21, nonmoving=0, nursery=4021, heap=4360573, sweep_pending=false, seeded=1579, enq=81265613, traced=81141583, skipped_young=0, satb=37722158, satb_young_drop=30551633)
[bactrian] schedule Nursery (marking=true, mature_pages=1950247, reserved=1994355, immix=1950247, los=21, nonmoving=0, nursery=4021, heap=4369888, sweep_pending=false, seeded=1579, enq=81429453, traced=81305423, skipped_young=0, satb=37723504, satb_young_drop=30666751)
[bactrian] schedule Nursery (marking=true, mature_pages=1954402, reserved=1998587, immix=1954402, los=21, nonmoving=0, nursery=4021, heap=4379199, sweep_pending=false, seeded=1579, enq=81553470, traced=81429998, skipped_young=0, satb=37724850, satb_young_drop=30781868)
[bactrian] schedule Nursery (marking=true, mature_pages=1958557, reserved=2002819, immix=1958557, los=21, nonmoving=0, nursery=4021, heap=4388509, sweep_pending=false, seeded=1579, enq=81677978, traced=81555346, skipped_young=0, satb=37726208, satb_young_drop=30896982)
[bactrian] schedule Nursery (marking=true, mature_pages=1962712, reserved=2007051, immix=1962712, los=21, nonmoving=0, nursery=4021, heap=4397819, sweep_pending=false, seeded=1579, enq=81833626, traced=81710994, skipped_young=0, satb=37727554, satb_young_drop=31012100)
[bactrian] schedule Nursery (marking=true, mature_pages=1966867, reserved=2011282, immix=1966867, los=21, nonmoving=0, nursery=4021, heap=4407128, sweep_pending=false, seeded=1579, enq=81985178, traced=81862546, skipped_young=0, satb=37728900, satb_young_drop=31127217)
[bactrian] schedule Nursery (marking=true, mature_pages=1971022, reserved=2015648, immix=1971022, los=21, nonmoving=0, nursery=4021, heap=4416438, sweep_pending=false, seeded=1579, enq=82144922, traced=82022290, skipped_young=0, satb=37730258, satb_young_drop=31242331)
[bactrian] schedule Nursery (marking=true, mature_pages=1975177, reserved=2019880, immix=1975177, los=21, nonmoving=0, nursery=4021, heap=4425748, sweep_pending=false, seeded=1579, enq=82300570, traced=82177938, skipped_young=0, satb=37731604, satb_young_drop=31357449)
[bactrian] schedule Nursery (marking=true, mature_pages=1979332, reserved=2024112, immix=1979332, los=21, nonmoving=0, nursery=4021, heap=4435059, sweep_pending=false, seeded=1579, enq=82464410, traced=82341778, skipped_young=0, satb=37732950, satb_young_drop=31472567)
[bactrian] schedule Nursery (marking=true, mature_pages=1983487, reserved=2028344, immix=1983487, los=21, nonmoving=0, nursery=4155, heap=4444369, sweep_pending=false, seeded=1579, enq=82537441, traced=82418067, skipped_young=0, satb=37734296, satb_young_drop=31587684)
[bactrian] schedule Nursery (marking=true, mature_pages=1987644, reserved=2032443, immix=1987644, los=21, nonmoving=0, nursery=4155, heap=4453682, sweep_pending=false, seeded=1579, enq=82632413, traced=82516241, skipped_young=0, satb=37735654, satb_young_drop=31702798)
[bactrian] schedule Nursery (marking=true, mature_pages=1991799, reserved=2036809, immix=1991799, los=21, nonmoving=0, nursery=4021, heap=4462992, sweep_pending=false, seeded=1579, enq=82783965, traced=82667793, skipped_young=0, satb=37737000, satb_young_drop=31817916)
[bactrian] schedule Nursery (marking=true, mature_pages=1995954, reserved=2040907, immix=1995954, los=21, nonmoving=0, nursery=4021, heap=4472303, sweep_pending=false, seeded=1579, enq=82947805, traced=82831633, skipped_young=0, satb=37738346, satb_young_drop=31933033)
[bactrian] schedule Nursery (marking=true, mature_pages=2000109, reserved=2045139, immix=2000109, los=21, nonmoving=0, nursery=4021, heap=4481613, sweep_pending=false, seeded=1579, enq=83099357, traced=82983185, skipped_young=0, satb=37739704, satb_young_drop=32048147)
[bactrian] schedule Nursery (marking=true, mature_pages=2004264, reserved=2049371, immix=2004264, los=21, nonmoving=0, nursery=4021, heap=4490923, sweep_pending=false, seeded=1579, enq=83139707, traced=83061721, skipped_young=0, satb=37997943, satb_young_drop=32132175)
[bactrian] schedule Nursery (marking=true, mature_pages=2007327, reserved=2052624, immix=2007327, los=21, nonmoving=0, nursery=4021, heap=4497785, sweep_pending=false, seeded=1579, enq=83464528, traced=83455559, skipped_young=0, satb=38961948, satb_young_drop=32135884)
[bactrian] schedule Nursery (marking=true, mature_pages=2007416, reserved=2052581, immix=2007416, los=21, nonmoving=0, nursery=4021, heap=4497985, sweep_pending=false, seeded=1579, enq=84468271, traced=84468266, skipped_young=0, satb=39925931, satb_young_drop=32139597)
[bactrian] schedule Nursery (marking=true, mature_pages=2007501, reserved=2052668, immix=2007501, los=21, nonmoving=0, nursery=4021, heap=4498177, sweep_pending=false, seeded=1579, enq=85456109, traced=85456104, skipped_young=0, satb=40889914, satb_young_drop=32143310)
[bactrian] schedule FinalMark (marking=true, mature_pages=2007588, reserved=2044714, immix=2007588, los=21, nonmoving=0, nursery=0, heap=4498370, sweep_pending=false, seeded=1579, enq=86421786, traced=86421786, skipped_young=0, satb=40889914, satb_young_drop=32143310)
[bactrian] schedule Nursery (marking=false, mature_pages=1998308, reserved=2043305, immix=1998308, los=21, nonmoving=0, nursery=4021, heap=4498370, sweep_pending=true, seeded=1579, enq=86421786, traced=86421786, skipped_young=0, satb=40889914, satb_young_drop=32143310)
[bactrian] schedule Nursery (marking=false, mature_pages=1990552, reserved=2035405, immix=1990552, los=21, nonmoving=0, nursery=4021, heap=4460198, sweep_pending=true, seeded=1579, enq=86421786, traced=86421786, skipped_young=0, satb=40889914, satb_young_drop=32143310)
[bactrian] schedule Nursery (marking=false, mature_pages=1983902, reserved=2028632, immix=1983902, los=21, nonmoving=0, nursery=4021, heap=4460198, sweep_pending=true, seeded=1579, enq=86421786, traced=86421786, skipped_young=0, satb=40889914, satb_young_drop=32143310)
[bactrian] schedule Nursery (marking=false, mature_pages=1977270, reserved=2021878, immix=1977270, los=21, nonmoving=0, nursery=4021, heap=4460198, sweep_pending=true, seeded=1579, enq=86421786, traced=86421786, skipped_young=0, satb=40889914, satb_young_drop=32143310)
[bactrian] schedule Nursery (marking=false, mature_pages=1969604, reserved=2014070, immix=1969604, los=21, nonmoving=0, nursery=4021, heap=4460198, sweep_pending=true, seeded=1579, enq=86421786, traced=86421786, skipped_young=0, satb=40889914, satb_young_drop=32143310)
[bactrian] schedule Nursery (marking=false, mature_pages=1963041, reserved=2007386, immix=1963041, los=21, nonmoving=0, nursery=4021, heap=4460198, sweep_pending=true, seeded=1579, enq=86421786, traced=86421786, skipped_young=0, satb=40889914, satb_young_drop=32143310)
[bactrian] schedule Nursery (marking=false, mature_pages=1955371, reserved=1999574, immix=1955371, los=21, nonmoving=0, nursery=4021, heap=4460198, sweep_pending=true, seeded=1579, enq=86421786, traced=86421786, skipped_young=0, satb=40889914, satb_young_drop=32143310)
[bactrian] schedule Nursery (marking=false, mature_pages=1947829, reserved=1992027, immix=1947829, los=21, nonmoving=0, nursery=4021, heap=4460198, sweep_pending=true, seeded=1579, enq=86421786, traced=86421786, skipped_young=0, satb=40889914, satb_young_drop=32143310)
[bactrian] schedule Nursery (marking=false, mature_pages=1942012, reserved=1986102, immix=1942012, los=21, nonmoving=0, nursery=4021, heap=4460198, sweep_pending=true, seeded=1579, enq=86421786, traced=86421786, skipped_young=0, satb=40889914, satb_young_drop=32143310)
[bactrian] schedule Nursery (marking=false, mature_pages=1935087, reserved=1979049, immix=1935087, los=21, nonmoving=0, nursery=4021, heap=4460198, sweep_pending=true, seeded=1579, enq=86421786, traced=86421786, skipped_young=0, satb=40889914, satb_young_drop=32143310)
[bactrian] schedule Nursery (marking=false, mature_pages=1928162, reserved=1971862, immix=1928162, los=21, nonmoving=0, nursery=4155, heap=4460198, sweep_pending=true, seeded=1579, enq=86421786, traced=86421786, skipped_young=0, satb=40889914, satb_young_drop=32143310)
[bactrian] schedule Nursery (marking=false, mature_pages=1922345, reserved=1966072, immix=1922345, los=21, nonmoving=0, nursery=4021, heap=4460198, sweep_pending=true, seeded=1579, enq=86421786, traced=86421786, skipped_young=0, satb=40889914, satb_young_drop=32143310)
[bactrian] schedule Nursery (marking=false, mature_pages=1916528, reserved=1960013, immix=1916528, los=21, nonmoving=0, nursery=4021, heap=4460198, sweep_pending=true, seeded=1579, enq=86421786, traced=86421786, skipped_young=0, satb=40889914, satb_young_drop=32143310)
[bactrian] schedule Nursery (marking=false, mature_pages=1910709, reserved=1954221, immix=1910709, los=21, nonmoving=0, nursery=4021, heap=4460198, sweep_pending=true, seeded=1579, enq=86421786, traced=86421786, skipped_young=0, satb=40889914, satb_young_drop=32143310)
[bactrian] schedule Nursery (marking=false, mature_pages=1904892, reserved=1948162, immix=1904892, los=21, nonmoving=0, nursery=4155, heap=4460198, sweep_pending=true, seeded=1579, enq=86421786, traced=86421786, skipped_young=0, satb=40889914, satb_young_drop=32143310)
[bactrian] schedule Nursery (marking=false, mature_pages=1899075, reserved=1942238, immix=1899075, los=21, nonmoving=0, nursery=4155, heap=4460198, sweep_pending=true, seeded=1579, enq=86421786, traced=86421786, skipped_young=0, satb=40889914, satb_young_drop=32143310)
[bactrian] schedule Nursery (marking=false, mature_pages=1893258, reserved=1936313, immix=1893258, los=21, nonmoving=0, nursery=4021, heap=4460198, sweep_pending=true, seeded=1579, enq=86421786, traced=86421786, skipped_young=0, satb=40889914, satb_young_drop=32143310)
[bactrian] schedule Nursery (marking=false, mature_pages=1887441, reserved=1930388, immix=1887441, los=21, nonmoving=0, nursery=4021, heap=4460198, sweep_pending=true, seeded=1579, enq=86421786, traced=86421786, skipped_young=0, satb=40889914, satb_young_drop=32143310)
[bactrian] schedule Nursery (marking=false, mature_pages=1881624, reserved=1924464, immix=1881624, los=21, nonmoving=0, nursery=4155, heap=4460198, sweep_pending=true, seeded=1579, enq=86421786, traced=86421786, skipped_young=0, satb=40889914, satb_young_drop=32143310)
[bactrian] schedule Nursery (marking=false, mature_pages=1875805, reserved=1918537, immix=1875805, los=21, nonmoving=0, nursery=4021, heap=4460198, sweep_pending=true, seeded=1579, enq=86421786, traced=86421786, skipped_young=0, satb=40889914, satb_young_drop=32143310)
[bactrian] schedule Nursery (marking=false, mature_pages=1869988, reserved=1912747, immix=1869988, los=21, nonmoving=0, nursery=4021, heap=4460198, sweep_pending=true, seeded=1579, enq=86421786, traced=86421786, skipped_young=0, satb=40889914, satb_young_drop=32143310)
[bactrian] schedule Nursery (marking=false, mature_pages=1864171, reserved=1906822, immix=1864171, los=21, nonmoving=0, nursery=4021, heap=4460198, sweep_pending=true, seeded=1579, enq=86421786, traced=86421786, skipped_young=0, satb=40889914, satb_young_drop=32143310)
[bactrian] schedule Nursery (marking=false, mature_pages=1859462, reserved=1902026, immix=1859462, los=21, nonmoving=0, nursery=4021, heap=4460198, sweep_pending=true, seeded=1579, enq=86421786, traced=86421786, skipped_young=0, satb=40889914, satb_young_drop=32143310)
[bactrian] schedule Nursery (marking=false, mature_pages=1853645, reserved=1896102, immix=1853645, los=21, nonmoving=0, nursery=4021, heap=4460198, sweep_pending=true, seeded=1579, enq=86421786, traced=86421786, skipped_young=0, satb=40889914, satb_young_drop=32143310)
[bactrian] schedule Nursery (marking=false, mature_pages=1847828, reserved=1890177, immix=1847828, los=21, nonmoving=0, nursery=4021, heap=4460198, sweep_pending=true, seeded=1579, enq=86421786, traced=86421786, skipped_young=0, satb=40889914, satb_young_drop=32143310)
[bactrian] schedule Nursery (marking=false, mature_pages=1842009, reserved=1884117, immix=1842009, los=21, nonmoving=0, nursery=4021, heap=4460198, sweep_pending=true, seeded=1579, enq=86421786, traced=86421786, skipped_young=0, satb=40889914, satb_young_drop=32143310)
[bactrian] schedule Nursery (marking=false, mature_pages=1836192, reserved=1878326, immix=1836192, los=21, nonmoving=0, nursery=4021, heap=4460198, sweep_pending=true, seeded=1579, enq=86421786, traced=86421786, skipped_young=0, satb=40889914, satb_young_drop=32143310)
[bactrian] schedule Nursery (marking=false, mature_pages=1830375, reserved=1872402, immix=1830375, los=21, nonmoving=0, nursery=4021, heap=4460198, sweep_pending=true, seeded=1579, enq=86421786, traced=86421786, skipped_young=0, satb=40889914, satb_young_drop=32143310)
[bactrian] schedule Nursery (marking=false, mature_pages=1824558, reserved=1866343, immix=1824558, los=21, nonmoving=0, nursery=4021, heap=4460198, sweep_pending=true, seeded=1579, enq=86421786, traced=86421786, skipped_young=0, satb=40889914, satb_young_drop=32143310)
[bactrian] schedule Nursery (marking=false, mature_pages=1818741, reserved=1860419, immix=1818741, los=21, nonmoving=0, nursery=4155, heap=4460198, sweep_pending=true, seeded=1579, enq=86421786, traced=86421786, skipped_young=0, satb=40889914, satb_young_drop=32143310)
[bactrian] schedule Nursery (marking=false, mature_pages=1814032, reserved=1855757, immix=1814032, los=21, nonmoving=0, nursery=4021, heap=4460198, sweep_pending=true, seeded=1579, enq=86421786, traced=86421786, skipped_young=0, satb=40889914, satb_young_drop=32143310)
[bactrian] schedule Nursery (marking=false, mature_pages=1809323, reserved=1850961, immix=1809323, los=21, nonmoving=0, nursery=4021, heap=4460198, sweep_pending=true, seeded=1579, enq=86421786, traced=86421786, skipped_young=0, satb=40889914, satb_young_drop=32143310)
[bactrian] schedule Nursery (marking=false, mature_pages=1803504, reserved=1844900, immix=1803504, los=21, nonmoving=0, nursery=4155, heap=4460198, sweep_pending=true, seeded=1579, enq=86421786, traced=86421786, skipped_young=0, satb=40889914, satb_young_drop=32143310)
[bactrian] schedule Nursery (marking=false, mature_pages=1797687, reserved=1838976, immix=1797687, los=21, nonmoving=0, nursery=4021, heap=4460198, sweep_pending=true, seeded=1579, enq=86421786, traced=86421786, skipped_young=0, satb=40889914, satb_young_drop=32143310)
[bactrian] schedule Nursery (marking=false, mature_pages=1791870, reserved=1833185, immix=1791870, los=21, nonmoving=0, nursery=4021, heap=4460198, sweep_pending=true, seeded=1579, enq=86421786, traced=86421786, skipped_young=0, satb=40889914, satb_young_drop=32143310)
[bactrian] schedule Nursery (marking=false, mature_pages=1786053, reserved=1827127, immix=1786053, los=21, nonmoving=0, nursery=4021, heap=4460198, sweep_pending=true, seeded=1579, enq=86421786, traced=86421786, skipped_young=0, satb=40889914, satb_young_drop=32143310)
[bactrian] schedule Nursery (marking=false, mature_pages=1780236, reserved=1821202, immix=1780236, los=21, nonmoving=0, nursery=4021, heap=4460198, sweep_pending=true, seeded=1579, enq=86421786, traced=86421786, skipped_young=0, satb=40889914, satb_young_drop=32143310)
[bactrian] schedule Nursery (marking=false, mature_pages=1776635, reserved=1817534, immix=1776635, los=21, nonmoving=0, nursery=4021, heap=4460198, sweep_pending=true, seeded=1579, enq=86421786, traced=86421786, skipped_young=0, satb=40889914, satb_young_drop=32143310)
[bactrian] schedule Nursery (marking=false, mature_pages=1773034, reserved=1813867, immix=1773034, los=21, nonmoving=0, nursery=4021, heap=4460198, sweep_pending=true, seeded=1579, enq=86421786, traced=86421786, skipped_young=0, satb=40889914, satb_young_drop=32143310)
[bactrian] schedule Nursery (marking=false, mature_pages=1769431, reserved=1810331, immix=1769431, los=21, nonmoving=0, nursery=4021, heap=4460198, sweep_pending=true, seeded=1579, enq=86421786, traced=86421786, skipped_young=0, satb=40889914, satb_young_drop=32143310)
[bactrian] schedule Nursery (marking=false, mature_pages=1765830, reserved=1806530, immix=1765830, los=21, nonmoving=0, nursery=4021, heap=4460198, sweep_pending=true, seeded=1579, enq=86421786, traced=86421786, skipped_young=0, satb=40889914, satb_young_drop=32143310)
[bactrian] schedule Nursery (marking=false, mature_pages=1762229, reserved=1802996, immix=1762229, los=21, nonmoving=0, nursery=4021, heap=4460198, sweep_pending=true, seeded=1579, enq=86421786, traced=86421786, skipped_young=0, satb=40889914, satb_young_drop=32143310)
[bactrian] schedule Nursery (marking=false, mature_pages=1758628, reserved=1799195, immix=1758628, los=21, nonmoving=0, nursery=4155, heap=4460198, sweep_pending=true, seeded=1579, enq=86421786, traced=86421786, skipped_young=0, satb=40889914, satb_young_drop=32143310)
[bactrian] schedule Nursery (marking=false, mature_pages=1755027, reserved=1795661, immix=1755027, los=21, nonmoving=0, nursery=4021, heap=4460198, sweep_pending=true, seeded=1579, enq=86421786, traced=86421786, skipped_young=0, satb=40889914, satb_young_drop=32143310)
[bactrian] schedule Nursery (marking=false, mature_pages=1751426, reserved=1791994, immix=1751426, los=21, nonmoving=0, nursery=4155, heap=4460198, sweep_pending=true, seeded=1579, enq=86421786, traced=86421786, skipped_young=0, satb=40889914, satb_young_drop=32143310)
[bactrian] schedule Nursery (marking=false, mature_pages=1747825, reserved=1788192, immix=1747825, los=21, nonmoving=0, nursery=4021, heap=4460198, sweep_pending=true, seeded=1579, enq=86421786, traced=86421786, skipped_young=0, satb=40889914, satb_young_drop=32143310)
[bactrian] schedule Nursery (marking=false, mature_pages=1744224, reserved=1784524, immix=1744224, los=21, nonmoving=0, nursery=4021, heap=4460198, sweep_pending=true, seeded=1579, enq=86421786, traced=86421786, skipped_young=0, satb=40889914, satb_young_drop=32143310)
[bactrian] schedule Nursery (marking=false, mature_pages=1740623, reserved=1780991, immix=1740623, los=21, nonmoving=0, nursery=4021, heap=4460198, sweep_pending=true, seeded=1579, enq=86421786, traced=86421786, skipped_young=0, satb=40889914, satb_young_drop=32143310)
[bactrian] schedule Nursery (marking=false, mature_pages=1737020, reserved=1777187, immix=1737020, los=21, nonmoving=0, nursery=4021, heap=4460198, sweep_pending=true, seeded=1579, enq=86421786, traced=86421786, skipped_young=0, satb=40889914, satb_young_drop=32143310)
[bactrian] schedule Nursery (marking=false, mature_pages=1733419, reserved=1773654, immix=1733419, los=21, nonmoving=0, nursery=4021, heap=4460198, sweep_pending=true, seeded=1579, enq=86421786, traced=86421786, skipped_young=0, satb=40889914, satb_young_drop=32143310)
[bactrian] schedule Nursery (marking=false, mature_pages=1729818, reserved=1769986, immix=1729818, los=21, nonmoving=0, nursery=4155, heap=4460198, sweep_pending=true, seeded=1579, enq=86421786, traced=86421786, skipped_young=0, satb=40889914, satb_young_drop=32143310)
[bactrian] schedule Nursery (marking=false, mature_pages=1726217, reserved=1766319, immix=1726217, los=21, nonmoving=0, nursery=4021, heap=4460198, sweep_pending=true, seeded=1579, enq=86421786, traced=86421786, skipped_young=0, satb=40889914, satb_young_drop=32143310)
[bactrian] schedule Nursery (marking=false, mature_pages=1722616, reserved=1762651, immix=1722616, los=21, nonmoving=0, nursery=4021, heap=4460198, sweep_pending=true, seeded=1579, enq=86421786, traced=86421786, skipped_young=0, satb=40889914, satb_young_drop=32143310)
[bactrian] schedule Nursery (marking=false, mature_pages=1719015, reserved=1758850, immix=1719015, los=21, nonmoving=0, nursery=4021, heap=4460198, sweep_pending=true, seeded=1579, enq=86421786, traced=86421786, skipped_young=0, satb=40889914, satb_young_drop=32143310)
[bactrian] schedule Nursery (marking=false, mature_pages=1715414, reserved=1755316, immix=1715414, los=21, nonmoving=0, nursery=4021, heap=4460198, sweep_pending=true, seeded=1579, enq=86421786, traced=86421786, skipped_young=0, satb=40889914, satb_young_drop=32143310)
[bactrian] schedule Nursery (marking=false, mature_pages=1711813, reserved=1751514, immix=1711813, los=21, nonmoving=0, nursery=4021, heap=4460198, sweep_pending=true, seeded=1579, enq=86421786, traced=86421786, skipped_young=0, satb=40889914, satb_young_drop=32143310)
[bactrian] schedule Nursery (marking=false, mature_pages=1708212, reserved=1747847, immix=1708212, los=21, nonmoving=0, nursery=4021, heap=4460198, sweep_pending=true, seeded=1579, enq=86421786, traced=86421786, skipped_young=0, satb=40889914, satb_young_drop=32143310)
[bactrian] schedule Nursery (marking=false, mature_pages=1704611, reserved=1744313, immix=1704611, los=21, nonmoving=0, nursery=4155, heap=4460198, sweep_pending=true, seeded=1579, enq=86421786, traced=86421786, skipped_young=0, satb=40889914, satb_young_drop=32143310)
[bactrian] schedule Nursery (marking=false, mature_pages=1701008, reserved=1740510, immix=1701008, los=21, nonmoving=0, nursery=4155, heap=4460198, sweep_pending=true, seeded=1579, enq=86421786, traced=86421786, skipped_young=0, satb=40889914, satb_young_drop=32143310)
[bactrian] schedule Nursery (marking=false, mature_pages=1697407, reserved=1736842, immix=1697407, los=21, nonmoving=0, nursery=4155, heap=4460198, sweep_pending=true, seeded=1579, enq=86421786, traced=86421786, skipped_young=0, satb=40889914, satb_young_drop=32143310)
[bactrian] schedule Nursery (marking=false, mature_pages=1693806, reserved=1733175, immix=1693806, los=21, nonmoving=0, nursery=4155, heap=4460198, sweep_pending=true, seeded=1579, enq=86421786, traced=86421786, skipped_young=0, satb=40889914, satb_young_drop=32143310)
[bactrian] schedule Nursery (marking=false, mature_pages=1690205, reserved=1729507, immix=1690205, los=21, nonmoving=0, nursery=4021, heap=4460198, sweep_pending=true, seeded=1579, enq=86421786, traced=86421786, skipped_young=0, satb=40889914, satb_young_drop=32143310)
[bactrian] schedule Nursery (marking=false, mature_pages=1686604, reserved=1725973, immix=1686604, los=21, nonmoving=0, nursery=4021, heap=4460198, sweep_pending=true, seeded=1579, enq=86421786, traced=86421786, skipped_young=0, satb=40889914, satb_young_drop=32143310)
[bactrian] schedule Nursery (marking=false, mature_pages=1683003, reserved=1722172, immix=1683003, los=21, nonmoving=0, nursery=4155, heap=4460198, sweep_pending=true, seeded=1579, enq=86421786, traced=86421786, skipped_young=0, satb=40889914, satb_young_drop=32143310)
[bactrian] schedule Nursery (marking=false, mature_pages=1679402, reserved=1718638, immix=1679402, los=21, nonmoving=0, nursery=4021, heap=4460198, sweep_pending=true, seeded=1579, enq=86421786, traced=86421786, skipped_young=0, satb=40889914, satb_young_drop=32143310)
[bactrian] schedule Nursery (marking=false, mature_pages=1675801, reserved=1714837, immix=1675801, los=21, nonmoving=0, nursery=4021, heap=4460198, sweep_pending=true, seeded=1579, enq=86421786, traced=86421786, skipped_young=0, satb=40889914, satb_young_drop=32143310)
[bactrian] schedule Nursery (marking=false, mature_pages=1672200, reserved=1711169, immix=1672200, los=21, nonmoving=0, nursery=4021, heap=4460198, sweep_pending=true, seeded=1579, enq=86421786, traced=86421786, skipped_young=0, satb=40889914, satb_young_drop=32143310)
[bactrian] schedule Nursery (marking=false, mature_pages=1668599, reserved=1707502, immix=1668599, los=21, nonmoving=0, nursery=4021, heap=4460198, sweep_pending=true, seeded=1579, enq=86421786, traced=86421786, skipped_young=0, satb=40889914, satb_young_drop=32143310)
[bactrian] schedule Nursery (marking=false, mature_pages=1664996, reserved=1703832, immix=1664996, los=21, nonmoving=0, nursery=4155, heap=4460198, sweep_pending=true, seeded=1579, enq=86421786, traced=86421786, skipped_young=0, satb=40889914, satb_young_drop=32143310)
[bactrian] schedule Nursery (marking=false, mature_pages=1661395, reserved=1700165, immix=1661395, los=21, nonmoving=0, nursery=4021, heap=4460198, sweep_pending=true, seeded=1579, enq=86421786, traced=86421786, skipped_young=0, satb=40889914, satb_young_drop=32143310)
[bactrian] schedule Nursery (marking=false, mature_pages=1657794, reserved=1696631, immix=1657794, los=21, nonmoving=0, nursery=4021, heap=4460198, sweep_pending=true, seeded=1579, enq=86421786, traced=86421786, skipped_young=0, satb=40889914, satb_young_drop=32143310)
[bactrian] schedule Nursery (marking=false, mature_pages=1654193, reserved=1692963, immix=1654193, los=21, nonmoving=0, nursery=4021, heap=4460198, sweep_pending=true, seeded=1579, enq=86421786, traced=86421786, skipped_young=0, satb=40889914, satb_young_drop=32143310)
[bactrian] schedule Nursery (marking=false, mature_pages=1650592, reserved=1689162, immix=1650592, los=21, nonmoving=0, nursery=4155, heap=4460198, sweep_pending=true, seeded=1579, enq=86421786, traced=86421786, skipped_young=0, satb=40889914, satb_young_drop=32143310)
[bactrian] schedule Nursery (marking=false, mature_pages=1646991, reserved=1685628, immix=1646991, los=21, nonmoving=0, nursery=4021, heap=4460198, sweep_pending=true, seeded=1579, enq=86421786, traced=86421786, skipped_young=0, satb=40889914, satb_young_drop=32143310)
[bactrian] schedule Nursery (marking=false, mature_pages=1643390, reserved=1681827, immix=1643390, los=21, nonmoving=0, nursery=4155, heap=4460198, sweep_pending=true, seeded=1579, enq=86421786, traced=86421786, skipped_young=0, satb=40889914, satb_young_drop=32143310)
[bactrian] schedule Nursery (marking=false, mature_pages=1639789, reserved=1678293, immix=1639789, los=21, nonmoving=0, nursery=4021, heap=4460198, sweep_pending=true, seeded=1579, enq=86421786, traced=86421786, skipped_young=0, satb=40889914, satb_young_drop=32143310)
[bactrian] schedule Nursery (marking=false, mature_pages=1636449, reserved=1674891, immix=1636449, los=21, nonmoving=0, nursery=4021, heap=4460198, sweep_pending=true, seeded=1579, enq=86421786, traced=86421786, skipped_young=0, satb=40889914, satb_young_drop=32143310)
[bactrian] schedule Nursery (marking=false, mature_pages=1634864, reserved=1673277, immix=1634864, los=21, nonmoving=0, nursery=4021, heap=4460198, sweep_pending=true, seeded=1579, enq=86421786, traced=86421786, skipped_young=0, satb=40889914, satb_young_drop=32143310)
[bactrian] schedule Nursery (marking=false, mature_pages=1639019, reserved=1677509, immix=1639019, los=21, nonmoving=0, nursery=4021, heap=4460198, sweep_pending=true, seeded=1579, enq=86421786, traced=86421786, skipped_young=0, satb=40889914, satb_young_drop=32143310)
[bactrian] schedule Nursery (marking=false, mature_pages=1643174, reserved=1681741, immix=1643174, los=21, nonmoving=0, nursery=4021, heap=4460198, sweep_pending=true, seeded=1579, enq=86421786, traced=86421786, skipped_young=0, satb=40889914, satb_young_drop=32143310)
[bactrian] schedule Nursery (marking=false, mature_pages=1647329, reserved=1685839, immix=1647329, los=21, nonmoving=0, nursery=4021, heap=4460198, sweep_pending=true, seeded=1579, enq=86421786, traced=86421786, skipped_young=0, satb=40889914, satb_young_drop=32143310)
[bactrian] schedule Nursery (marking=false, mature_pages=1651484, reserved=1690070, immix=1651484, los=21, nonmoving=0, nursery=4021, heap=4460198, sweep_pending=true, seeded=1579, enq=86421786, traced=86421786, skipped_young=0, satb=40889914, satb_young_drop=32143310)
[bactrian] schedule Nursery (marking=false, mature_pages=1655639, reserved=1694436, immix=1655639, los=21, nonmoving=0, nursery=4021, heap=4460198, sweep_pending=true, seeded=1579, enq=86421786, traced=86421786, skipped_young=0, satb=40889914, satb_young_drop=32143310)
[bactrian] schedule Nursery (marking=false, mature_pages=1659794, reserved=1698668, immix=1659794, los=21, nonmoving=0, nursery=4021, heap=4460198, sweep_pending=true, seeded=1579, enq=86421786, traced=86421786, skipped_young=0, satb=40889914, satb_young_drop=32143310)
[bactrian] schedule Nursery (marking=false, mature_pages=1663949, reserved=1702900, immix=1663949, los=21, nonmoving=0, nursery=4155, heap=4460198, sweep_pending=true, seeded=1579, enq=86421786, traced=86421786, skipped_young=0, satb=40889914, satb_young_drop=32143310)
[bactrian] schedule Nursery (marking=false, mature_pages=1668106, reserved=1707134, immix=1668106, los=21, nonmoving=0, nursery=4021, heap=4460198, sweep_pending=true, seeded=1579, enq=86421786, traced=86421786, skipped_young=0, satb=40889914, satb_young_drop=32143310)
[bactrian] schedule Nursery (marking=false, mature_pages=1672261, reserved=1711231, immix=1672261, los=21, nonmoving=0, nursery=4021, heap=4460198, sweep_pending=true, seeded=1579, enq=86421786, traced=86421786, skipped_young=0, satb=40889914, satb_young_drop=32143310)
[bactrian] schedule Nursery (marking=false, mature_pages=1674729, reserved=1713745, immix=1674729, los=21, nonmoving=0, nursery=4155, heap=4460198, sweep_pending=true, seeded=1579, enq=86421786, traced=86421786, skipped_young=0, satb=40889914, satb_young_drop=32143310)
[bactrian] schedule Nursery (marking=false, mature_pages=1674815, reserved=1713833, immix=1674815, los=21, nonmoving=0, nursery=4155, heap=4460198, sweep_pending=true, seeded=1579, enq=86421786, traced=86421786, skipped_young=0, satb=40889914, satb_young_drop=32143310)
[bactrian] schedule Nursery (marking=false, mature_pages=1674901, reserved=1713920, immix=1674901, los=21, nonmoving=0, nursery=4021, heap=4460198, sweep_pending=true, seeded=1579, enq=86421786, traced=86421786, skipped_young=0, satb=40889914, satb_young_drop=32143310)
[bactrian] schedule Nursery (marking=false, mature_pages=1674990, reserved=1714011, immix=1674990, los=21, nonmoving=0, nursery=4021, heap=4460198, sweep_pending=true, seeded=1579, enq=86421786, traced=86421786, skipped_young=0, satb=40889914, satb_young_drop=32143310)
[bactrian] schedule Nursery (marking=false, mature_pages=1675075, reserved=1714365, immix=1675075, los=21, nonmoving=0, nursery=4021, heap=4460198, sweep_pending=true, seeded=1579, enq=86421786, traced=86421786, skipped_young=0, satb=40889914, satb_young_drop=32143310)
[bactrian] schedule Nursery (marking=false, mature_pages=1675162, reserved=1714186, immix=1675162, los=21, nonmoving=0, nursery=4021, heap=4460198, sweep_pending=true, seeded=1579, enq=86421786, traced=86421786, skipped_young=0, satb=40889914, satb_young_drop=32143310)
[bactrian] schedule Nursery (marking=false, mature_pages=1675247, reserved=1714273, immix=1675247, los=21, nonmoving=0, nursery=4021, heap=4460198, sweep_pending=true, seeded=1579, enq=86421786, traced=86421786, skipped_young=0, satb=40889914, satb_young_drop=32143310)
[bactrian] schedule Nursery (marking=false, mature_pages=1675336, reserved=1714363, immix=1675336, los=21, nonmoving=0, nursery=4021, heap=4460198, sweep_pending=true, seeded=1579, enq=86421786, traced=86421786, skipped_young=0, satb=40889914, satb_young_drop=32143310)
[bactrian] schedule Nursery (marking=false, mature_pages=1675422, reserved=1714451, immix=1675422, los=21, nonmoving=0, nursery=4021, heap=4460198, sweep_pending=true, seeded=1579, enq=86421786, traced=86421786, skipped_young=0, satb=40889914, satb_young_drop=32143310)
[bactrian] schedule Nursery (marking=false, mature_pages=1675508, reserved=1714538, immix=1675508, los=21, nonmoving=0, nursery=4155, heap=4460198, sweep_pending=true, seeded=1579, enq=86421786, traced=86421786, skipped_young=0, satb=40889914, satb_young_drop=32143310)
[bactrian] schedule Nursery (marking=false, mature_pages=1678538, reserved=1717758, immix=1678538, los=21, nonmoving=0, nursery=4021, heap=4460198, sweep_pending=true, seeded=1579, enq=86421786, traced=86421786, skipped_young=0, satb=40889914, satb_young_drop=32143310)
[bactrian] schedule Nursery (marking=false, mature_pages=1682693, reserved=1721856, immix=1682693, los=21, nonmoving=0, nursery=4021, heap=4460198, sweep_pending=true, seeded=1579, enq=86421786, traced=86421786, skipped_young=0, satb=40889914, satb_young_drop=32143310)
[bactrian] schedule Nursery (marking=false, mature_pages=1686848, reserved=1726088, immix=1686848, los=21, nonmoving=0, nursery=4021, heap=4460198, sweep_pending=true, seeded=1579, enq=86421786, traced=86421786, skipped_young=0, satb=40889914, satb_young_drop=32143310)
[bactrian] schedule Nursery (marking=false, mature_pages=1691003, reserved=1730320, immix=1691003, los=21, nonmoving=0, nursery=4021, heap=4460198, sweep_pending=true, seeded=1579, enq=86421786, traced=86421786, skipped_young=0, satb=40889914, satb_young_drop=32143310)
[bactrian] schedule Nursery (marking=false, mature_pages=1695158, reserved=1734686, immix=1695158, los=21, nonmoving=0, nursery=4021, heap=4460198, sweep_pending=true, seeded=1579, enq=86421786, traced=86421786, skipped_young=0, satb=40889914, satb_young_drop=32143310)
[bactrian] schedule Nursery (marking=false, mature_pages=1699313, reserved=1738783, immix=1699313, los=21, nonmoving=0, nursery=4021, heap=4460198, sweep_pending=true, seeded=1579, enq=86421786, traced=86421786, skipped_young=0, satb=40889914, satb_young_drop=32143310)
[bactrian] schedule Nursery (marking=false, mature_pages=1703470, reserved=1743017, immix=1703470, los=21, nonmoving=0, nursery=4021, heap=4460198, sweep_pending=true, seeded=1579, enq=86421786, traced=86421786, skipped_young=0, satb=40889914, satb_young_drop=32143310)
[bactrian] schedule Nursery (marking=false, mature_pages=1707625, reserved=1747249, immix=1707625, los=21, nonmoving=0, nursery=4021, heap=4460198, sweep_pending=true, seeded=1579, enq=86421786, traced=86421786, skipped_young=0, satb=40889914, satb_young_drop=32143310)
[bactrian] schedule Nursery (marking=false, mature_pages=1711780, reserved=1751481, immix=1711780, los=21, nonmoving=0, nursery=4021, heap=4460198, sweep_pending=true, seeded=1579, enq=86421786, traced=86421786, skipped_young=0, satb=40889914, satb_young_drop=32143310)
[bactrian] schedule Nursery (marking=false, mature_pages=1715935, reserved=1755847, immix=1715935, los=21, nonmoving=0, nursery=4021, heap=4460198, sweep_pending=true, seeded=1579, enq=86421786, traced=86421786, skipped_young=0, satb=40889914, satb_young_drop=32143310)
[bactrian] schedule Nursery (marking=false, mature_pages=1720090, reserved=1760078, immix=1720090, los=21, nonmoving=0, nursery=4021, heap=4460198, sweep_pending=true, seeded=1579, enq=86421786, traced=86421786, skipped_young=0, satb=40889914, satb_young_drop=32143310)
[bactrian] schedule Nursery (marking=false, mature_pages=1724245, reserved=1764310, immix=1724245, los=21, nonmoving=0, nursery=4021, heap=4460198, sweep_pending=true, seeded=1579, enq=86421786, traced=86421786, skipped_young=0, satb=40889914, satb_young_drop=32143310)
[bactrian] schedule Nursery (marking=false, mature_pages=1728400, reserved=1768542, immix=1728400, los=21, nonmoving=0, nursery=4021, heap=4460198, sweep_pending=true, seeded=1579, enq=86421786, traced=86421786, skipped_young=0, satb=40889914, satb_young_drop=32143310)
[bactrian] schedule Nursery (marking=false, mature_pages=1732555, reserved=1772774, immix=1732555, los=21, nonmoving=0, nursery=4021, heap=4460198, sweep_pending=true, seeded=1579, enq=86421786, traced=86421786, skipped_young=0, satb=40889914, satb_young_drop=32143310)
[bactrian] schedule Nursery (marking=false, mature_pages=1736710, reserved=1777006, immix=1736710, los=21, nonmoving=0, nursery=4021, heap=4460198, sweep_pending=true, seeded=1579, enq=86421786, traced=86421786, skipped_young=0, satb=40889914, satb_young_drop=32143310)
[bactrian] schedule Nursery (marking=false, mature_pages=1740867, reserved=1781105, immix=1740867, los=21, nonmoving=0, nursery=4021, heap=4460198, sweep_pending=true, seeded=1579, enq=86421786, traced=86421786, skipped_young=0, satb=40889914, satb_young_drop=32143310)
[bactrian] schedule Nursery (marking=false, mature_pages=1745022, reserved=1785337, immix=1745022, los=21, nonmoving=0, nursery=4021, heap=4460198, sweep_pending=true, seeded=1579, enq=86421786, traced=86421786, skipped_young=0, satb=40889914, satb_young_drop=32143310)
[bactrian] schedule Nursery (marking=false, mature_pages=1749177, reserved=1789703, immix=1749177, los=21, nonmoving=0, nursery=4021, heap=4460198, sweep_pending=true, seeded=1579, enq=86421786, traced=86421786, skipped_young=0, satb=40889914, satb_young_drop=32143310)
[bactrian] schedule Nursery (marking=false, mature_pages=1753332, reserved=1793801, immix=1753332, los=21, nonmoving=0, nursery=4021, heap=4460198, sweep_pending=true, seeded=1579, enq=86421786, traced=86421786, skipped_young=0, satb=40889914, satb_young_drop=32143310)
[bactrian] schedule Nursery (marking=false, mature_pages=1757487, reserved=1798033, immix=1757487, los=21, nonmoving=0, nursery=4021, heap=4460198, sweep_pending=true, seeded=1579, enq=86421786, traced=86421786, skipped_young=0, satb=40889914, satb_young_drop=32143310)
[bactrian] schedule Nursery (marking=false, mature_pages=1761642, reserved=1802398, immix=1761642, los=21, nonmoving=0, nursery=4021, heap=4460198, sweep_pending=true, seeded=1579, enq=86421786, traced=86421786, skipped_young=0, satb=40889914, satb_young_drop=32143310)
[bactrian] schedule Nursery (marking=false, mature_pages=1765797, reserved=1806496, immix=1765797, los=21, nonmoving=0, nursery=4021, heap=4460198, sweep_pending=true, seeded=1579, enq=86421786, traced=86421786, skipped_young=0, satb=40889914, satb_young_drop=32143310)
[bactrian] schedule Nursery (marking=false, mature_pages=1769952, reserved=1810862, immix=1769952, los=21, nonmoving=0, nursery=4021, heap=4460198, sweep_pending=true, seeded=1579, enq=86421786, traced=86421786, skipped_young=0, satb=40889914, satb_young_drop=32143310)
[bactrian] schedule Nursery (marking=false, mature_pages=1774109, reserved=1815096, immix=1774109, los=21, nonmoving=0, nursery=4021, heap=4460198, sweep_pending=true, seeded=1579, enq=86421786, traced=86421786, skipped_young=0, satb=40889914, satb_young_drop=32143310)
[bactrian] schedule Nursery (marking=false, mature_pages=1778264, reserved=1819328, immix=1778264, los=21, nonmoving=0, nursery=4021, heap=4460198, sweep_pending=true, seeded=1579, enq=86421786, traced=86421786, skipped_young=0, satb=40889914, satb_young_drop=32143310)
[bactrian] schedule Nursery (marking=false, mature_pages=1782419, reserved=1823425, immix=1782419, los=21, nonmoving=0, nursery=4155, heap=4460198, sweep_pending=true, seeded=1579, enq=86421786, traced=86421786, skipped_young=0, satb=40889914, satb_young_drop=32143310)
[bactrian] schedule Nursery (marking=false, mature_pages=1786574, reserved=1827657, immix=1786574, los=21, nonmoving=0, nursery=4021, heap=4460198, sweep_pending=true, seeded=1579, enq=86421786, traced=86421786, skipped_young=0, satb=40889914, satb_young_drop=32143310)
[bactrian] schedule Nursery (marking=false, mature_pages=1790729, reserved=1831889, immix=1790729, los=21, nonmoving=0, nursery=4155, heap=4460198, sweep_pending=true, seeded=1579, enq=86421786, traced=86421786, skipped_young=0, satb=40889914, satb_young_drop=32143310)
[bactrian] schedule Nursery (marking=false, mature_pages=1794884, reserved=1836255, immix=1794884, los=21, nonmoving=0, nursery=4021, heap=4460198, sweep_pending=true, seeded=1579, enq=86421786, traced=86421786, skipped_young=0, satb=40889914, satb_young_drop=32143310)
[bactrian] schedule Nursery (marking=false, mature_pages=1799039, reserved=1840353, immix=1799039, los=21, nonmoving=0, nursery=4021, heap=4460198, sweep_pending=true, seeded=1579, enq=86421786, traced=86421786, skipped_young=0, satb=40889914, satb_young_drop=32143310)
[bactrian] schedule Nursery (marking=false, mature_pages=1803194, reserved=1844718, immix=1803194, los=21, nonmoving=0, nursery=4021, heap=4460198, sweep_pending=true, seeded=1579, enq=86421786, traced=86421786, skipped_young=0, satb=40889914, satb_young_drop=32143310)
[bactrian] schedule Nursery (marking=false, mature_pages=1807349, reserved=1848950, immix=1807349, los=21, nonmoving=0, nursery=4021, heap=4460198, sweep_pending=true, seeded=1579, enq=86421786, traced=86421786, skipped_young=0, satb=40889914, satb_young_drop=32143310)
[bactrian] schedule Nursery (marking=false, mature_pages=1811506, reserved=1853050, immix=1811506, los=21, nonmoving=0, nursery=4021, heap=4460198, sweep_pending=true, seeded=1579, enq=86421786, traced=86421786, skipped_young=0, satb=40889914, satb_young_drop=32143310)
[bactrian] schedule Nursery (marking=false, mature_pages=1815661, reserved=1857282, immix=1815661, los=21, nonmoving=0, nursery=4155, heap=4460198, sweep_pending=true, seeded=1579, enq=86421786, traced=86421786, skipped_young=0, satb=40889914, satb_young_drop=32143310)
[bactrian] schedule Nursery (marking=false, mature_pages=1819816, reserved=1861514, immix=1819816, los=21, nonmoving=0, nursery=4021, heap=4460198, sweep_pending=true, seeded=1579, enq=86421786, traced=86421786, skipped_young=0, satb=40889914, satb_young_drop=32143310)
[bactrian] schedule Nursery (marking=false, mature_pages=1823971, reserved=1865745, immix=1823971, los=21, nonmoving=0, nursery=4021, heap=4460198, sweep_pending=true, seeded=1579, enq=86421786, traced=86421786, skipped_young=0, satb=40889914, satb_young_drop=32143310)
[bactrian] schedule Nursery (marking=false, mature_pages=1828126, reserved=1870111, immix=1828126, los=21, nonmoving=0, nursery=4021, heap=4460198, sweep_pending=true, seeded=1579, enq=86421786, traced=86421786, skipped_young=0, satb=40889914, satb_young_drop=32143310)
[bactrian] schedule Nursery (marking=false, mature_pages=1832281, reserved=1874209, immix=1832281, los=21, nonmoving=0, nursery=4155, heap=4460198, sweep_pending=true, seeded=1579, enq=86421786, traced=86421786, skipped_young=0, satb=40889914, satb_young_drop=32143310)
[bactrian] schedule Nursery (marking=false, mature_pages=1836436, reserved=1878441, immix=1836436, los=21, nonmoving=0, nursery=4021, heap=4460198, sweep_pending=true, seeded=1579, enq=86421786, traced=86421786, skipped_young=0, satb=40889914, satb_young_drop=32143310)
[bactrian] schedule Nursery (marking=false, mature_pages=1840591, reserved=1882807, immix=1840591, los=21, nonmoving=0, nursery=4021, heap=4460198, sweep_pending=true, seeded=1579, enq=86421786, traced=86421786, skipped_young=0, satb=40889914, satb_young_drop=32143310)
[bactrian] schedule Nursery (marking=false, mature_pages=1844748, reserved=1887040, immix=1844748, los=21, nonmoving=0, nursery=4155, heap=4460198, sweep_pending=true, seeded=1579, enq=86421786, traced=86421786, skipped_young=0, satb=40889914, satb_young_drop=32143310)
[bactrian] schedule Nursery (marking=false, mature_pages=1848903, reserved=1891138, immix=1848903, los=21, nonmoving=0, nursery=4021, heap=4460198, sweep_pending=true, seeded=1579, enq=86421786, traced=86421786, skipped_young=0, satb=40889914, satb_young_drop=32143310)
[bactrian] schedule Nursery (marking=false, mature_pages=1853058, reserved=1895504, immix=1853058, los=21, nonmoving=0, nursery=4021, heap=4460198, sweep_pending=true, seeded=1579, enq=86421786, traced=86421786, skipped_young=0, satb=40889914, satb_young_drop=32143310)
[bactrian] schedule Nursery (marking=false, mature_pages=1857213, reserved=1899602, immix=1857213, los=21, nonmoving=0, nursery=4155, heap=4460198, sweep_pending=true, seeded=1579, enq=86421786, traced=86421786, skipped_young=0, satb=40889914, satb_young_drop=32143310)
[bactrian] schedule Nursery (marking=false, mature_pages=1861368, reserved=1903968, immix=1861368, los=21, nonmoving=0, nursery=4021, heap=4460198, sweep_pending=true, seeded=1579, enq=86421786, traced=86421786, skipped_young=0, satb=40889914, satb_young_drop=32143310)
[bactrian] schedule Nursery (marking=false, mature_pages=1865523, reserved=1908065, immix=1865523, los=21, nonmoving=0, nursery=4021, heap=4460198, sweep_pending=true, seeded=1579, enq=86421786, traced=86421786, skipped_young=0, satb=40889914, satb_young_drop=32143310)
[bactrian] schedule Nursery (marking=false, mature_pages=1869678, reserved=1912297, immix=1869678, los=21, nonmoving=0, nursery=4021, heap=4460198, sweep_pending=true, seeded=1579, enq=86421786, traced=86421786, skipped_young=0, satb=40889914, satb_young_drop=32143310)
[bactrian] schedule Nursery (marking=false, mature_pages=1873833, reserved=1916663, immix=1873833, los=21, nonmoving=0, nursery=4155, heap=4460198, sweep_pending=true, seeded=1579, enq=86421786, traced=86421786, skipped_young=0, satb=40889914, satb_young_drop=32143310)
[bactrian] schedule Nursery (marking=false, mature_pages=1877988, reserved=1920895, immix=1877988, los=21, nonmoving=0, nursery=4021, heap=4460198, sweep_pending=true, seeded=1579, enq=86421786, traced=86421786, skipped_young=0, satb=40889914, satb_young_drop=32143310)
[bactrian] decide: cycle_req=false user=false emergency=false vm_exhausted=false -> Nursery
[bactrian] schedule Nursery (marking=false, mature_pages=1882145, reserved=1924995, immix=1882145, los=21, nonmoving=0, nursery=4021, heap=4460198, sweep_pending=false, seeded=1579, enq=86421786, traced=86421786, skipped_young=0, satb=40889914, satb_young_drop=32143310)
[bactrian] decide: cycle_req=false user=false emergency=false vm_exhausted=false -> Nursery
[bactrian] schedule Nursery (marking=false, mature_pages=1885494, reserved=1928405, immix=1885494, los=21, nonmoving=0, nursery=4021, heap=4460198, sweep_pending=false, seeded=1579, enq=86421786, traced=86421786, skipped_young=0, satb=40889914, satb_young_drop=32143310)
[bactrian] decide: cycle_req=false user=false emergency=false vm_exhausted=false -> Nursery
[bactrian] schedule Nursery (marking=false, mature_pages=1889649, reserved=1932637, immix=1889649, los=21, nonmoving=0, nursery=4155, heap=4460198, sweep_pending=false, seeded=1579, enq=86421786, traced=86421786, skipped_young=0, satb=40889914, satb_young_drop=32143310)
[bactrian] decide: cycle_req=false user=false emergency=false vm_exhausted=false -> Nursery
[bactrian] schedule Nursery (marking=false, mature_pages=1893804, reserved=1937003, immix=1893804, los=21, nonmoving=0, nursery=4021, heap=4460198, sweep_pending=false, seeded=1579, enq=86421786, traced=86421786, skipped_young=0, satb=40889914, satb_young_drop=32143310)
[bactrian] decide: cycle_req=false user=false emergency=false vm_exhausted=false -> Nursery
[bactrian] schedule Nursery (marking=false, mature_pages=1897959, reserved=1941101, immix=1897959, los=21, nonmoving=0, nursery=4021, heap=4460198, sweep_pending=false, seeded=1579, enq=86421786, traced=86421786, skipped_young=0, satb=40889914, satb_young_drop=32143310)
[bactrian] decide: cycle_req=false user=false emergency=false vm_exhausted=false -> Nursery
[bactrian] schedule Nursery (marking=false, mature_pages=1902114, reserved=1945333, immix=1902114, los=21, nonmoving=0, nursery=4021, heap=4460198, sweep_pending=false, seeded=1579, enq=86421786, traced=86421786, skipped_young=0, satb=40889914, satb_young_drop=32143310)
[bactrian] decide: cycle_req=false user=false emergency=false vm_exhausted=false -> Nursery
[bactrian] schedule Nursery (marking=false, mature_pages=1906269, reserved=1949564, immix=1906269, los=21, nonmoving=0, nursery=4021, heap=4460198, sweep_pending=false, seeded=1579, enq=86421786, traced=86421786, skipped_young=0, satb=40889914, satb_young_drop=32143310)
[bactrian] decide: cycle_req=false user=false emergency=false vm_exhausted=false -> Nursery
[bactrian] schedule Nursery (marking=false, mature_pages=1910424, reserved=1953796, immix=1910424, los=21, nonmoving=0, nursery=4021, heap=4460198, sweep_pending=false, seeded=1579, enq=86421786, traced=86421786, skipped_young=0, satb=40889914, satb_young_drop=32143310)
[bactrian] decide: cycle_req=false user=false emergency=false vm_exhausted=false -> Nursery
[bactrian] schedule Nursery (marking=false, mature_pages=1914579, reserved=1958028, immix=1914579, los=21, nonmoving=0, nursery=4155, heap=4460198, sweep_pending=false, seeded=1579, enq=86421786, traced=86421786, skipped_young=0, satb=40889914, satb_young_drop=32143310)
[bactrian] decide: cycle_req=false user=false emergency=false vm_exhausted=false -> Nursery
[bactrian] schedule Nursery (marking=false, mature_pages=1918736, reserved=1962262, immix=1918736, los=21, nonmoving=0, nursery=4021, heap=4460198, sweep_pending=false, seeded=1579, enq=86421786, traced=86421786, skipped_young=0, satb=40889914, satb_young_drop=32143310)
[bactrian] decide: cycle_req=false user=false emergency=false vm_exhausted=false -> Nursery
[bactrian] schedule Nursery (marking=false, mature_pages=1922891, reserved=1966628, immix=1922891, los=21, nonmoving=0, nursery=4021, heap=4460198, sweep_pending=false, seeded=1579, enq=86421786, traced=86421786, skipped_young=0, satb=40889914, satb_young_drop=32143310)
[bactrian] decide: cycle_req=false user=false emergency=false vm_exhausted=false -> Nursery
[bactrian] schedule Nursery (marking=false, mature_pages=1927046, reserved=1970725, immix=1927046, los=21, nonmoving=0, nursery=4021, heap=4460198, sweep_pending=false, seeded=1579, enq=86421786, traced=86421786, skipped_young=0, satb=40889914, satb_young_drop=32143310)
[bactrian] decide: cycle_req=false user=false emergency=false vm_exhausted=false -> Nursery
[bactrian] schedule Nursery (marking=false, mature_pages=1931201, reserved=1975091, immix=1931201, los=21, nonmoving=0, nursery=4021, heap=4460198, sweep_pending=false, seeded=1579, enq=86421786, traced=86421786, skipped_young=0, satb=40889914, satb_young_drop=32143310)
[bactrian] decide: cycle_req=false user=false emergency=false vm_exhausted=false -> Nursery
[bactrian] schedule Nursery (marking=false, mature_pages=1935356, reserved=1979189, immix=1935356, los=21, nonmoving=0, nursery=4155, heap=4460198, sweep_pending=false, seeded=1579, enq=86421786, traced=86421786, skipped_young=0, satb=40889914, satb_young_drop=32143310)
[bactrian] decide: cycle_req=false user=false emergency=false vm_exhausted=false -> Nursery
[bactrian] schedule Nursery (marking=false, mature_pages=1939511, reserved=1983421, immix=1939511, los=21, nonmoving=0, nursery=4155, heap=4460198, sweep_pending=false, seeded=1579, enq=86421786, traced=86421786, skipped_young=0, satb=40889914, satb_young_drop=32143310)
[bactrian] decide: cycle_req=false user=false emergency=false vm_exhausted=false -> Nursery
[bactrian] schedule Nursery (marking=false, mature_pages=1943666, reserved=1987653, immix=1943666, los=21, nonmoving=0, nursery=4021, heap=4460198, sweep_pending=false, seeded=1579, enq=86421786, traced=86421786, skipped_young=0, satb=40889914, satb_young_drop=32143310)
[bactrian] decide: cycle_req=false user=false emergency=false vm_exhausted=false -> Nursery
[bactrian] schedule Nursery (marking=false, mature_pages=1947821, reserved=1992018, immix=1947821, los=21, nonmoving=0, nursery=4021, heap=4460198, sweep_pending=false, seeded=1579, enq=86421786, traced=86421786, skipped_young=0, satb=40889914, satb_young_drop=32143310)
[bactrian] decide: cycle_req=false user=false emergency=false vm_exhausted=false -> Nursery
[bactrian] schedule Nursery (marking=false, mature_pages=1951978, reserved=1996118, immix=1951978, los=21, nonmoving=0, nursery=4155, heap=4460198, sweep_pending=false, seeded=1579, enq=86421786, traced=86421786, skipped_young=0, satb=40889914, satb_young_drop=32143310)
[bactrian] decide: cycle_req=false user=false emergency=false vm_exhausted=false -> Nursery
[bactrian] schedule Nursery (marking=false, mature_pages=1956133, reserved=2000350, immix=1956133, los=21, nonmoving=0, nursery=4021, heap=4460198, sweep_pending=false, seeded=1579, enq=86421786, traced=86421786, skipped_young=0, satb=40889914, satb_young_drop=32143310)
[bactrian] decide: cycle_req=false user=false emergency=false vm_exhausted=false -> Nursery
[bactrian] schedule Nursery (marking=false, mature_pages=1960288, reserved=2004716, immix=1960288, los=21, nonmoving=0, nursery=4021, heap=4460198, sweep_pending=false, seeded=1579, enq=86421786, traced=86421786, skipped_young=0, satb=40889914, satb_young_drop=32143310)
[bactrian] decide: cycle_req=false user=false emergency=false vm_exhausted=false -> Nursery
[bactrian] schedule Nursery (marking=false, mature_pages=1964443, reserved=2008948, immix=1964443, los=21, nonmoving=0, nursery=4021, heap=4460198, sweep_pending=false, seeded=1579, enq=86421786, traced=86421786, skipped_young=0, satb=40889914, satb_young_drop=32143310)
[bactrian] decide: cycle_req=false user=false emergency=false vm_exhausted=false -> Nursery
[bactrian] schedule Nursery (marking=false, mature_pages=1968598, reserved=2013179, immix=1968598, los=21, nonmoving=0, nursery=4021, heap=4460198, sweep_pending=false, seeded=1579, enq=86421786, traced=86421786, skipped_young=0, satb=40889914, satb_young_drop=32143310)
[bactrian] decide: cycle_req=false user=false emergency=false vm_exhausted=false -> Nursery
[bactrian] schedule Nursery (marking=false, mature_pages=1972753, reserved=2017411, immix=1972753, los=21, nonmoving=0, nursery=4021, heap=4460198, sweep_pending=false, seeded=1579, enq=86421786, traced=86421786, skipped_young=0, satb=40889914, satb_young_drop=32143310)
[bactrian] decide: cycle_req=false user=false emergency=false vm_exhausted=false -> Nursery
[bactrian] schedule Nursery (marking=false, mature_pages=1976908, reserved=2021509, immix=1976908, los=21, nonmoving=0, nursery=4155, heap=4460198, sweep_pending=false, seeded=1579, enq=86421786, traced=86421786, skipped_young=0, satb=40889914, satb_young_drop=32143310)
[bactrian] decide: cycle_req=false user=false emergency=false vm_exhausted=false -> Nursery
[bactrian] schedule Nursery (marking=false, mature_pages=1981063, reserved=2025741, immix=1981063, los=21, nonmoving=0, nursery=4021, heap=4460198, sweep_pending=false, seeded=1579, enq=86421786, traced=86421786, skipped_young=0, satb=40889914, satb_young_drop=32143310)
[bactrian] decide: cycle_req=false user=false emergency=false vm_exhausted=false -> Nursery
[bactrian] schedule Nursery (marking=false, mature_pages=1985218, reserved=2029973, immix=1985218, los=21, nonmoving=0, nursery=4021, heap=4460198, sweep_pending=false, seeded=1579, enq=86421786, traced=86421786, skipped_young=0, satb=40889914, satb_young_drop=32143310)
[bactrian] decide: cycle_req=false user=false emergency=false vm_exhausted=false -> Nursery
[bactrian] schedule Nursery (marking=false, mature_pages=1989375, reserved=2034340, immix=1989375, los=21, nonmoving=0, nursery=4021, heap=4460198, sweep_pending=false, seeded=1579, enq=86421786, traced=86421786, skipped_young=0, satb=40889914, satb_young_drop=32143310)
[bactrian] decide: cycle_req=false user=false emergency=false vm_exhausted=false -> Nursery
[bactrian] schedule Nursery (marking=false, mature_pages=1993530, reserved=2038572, immix=1993530, los=21, nonmoving=0, nursery=4021, heap=4466871, sweep_pending=false, seeded=1579, enq=86421786, traced=86421786, skipped_young=0, satb=40889914, satb_young_drop=32143310)
[bactrian] decide: cycle_req=false user=false emergency=false vm_exhausted=false -> Nursery
[bactrian] schedule Nursery (marking=false, mature_pages=1997685, reserved=2042670, immix=1997685, los=21, nonmoving=0, nursery=4021, heap=4476181, sweep_pending=false, seeded=1579, enq=86421786, traced=86421786, skipped_young=0, satb=40889914, satb_young_drop=32143310)
[bactrian] decide: cycle_req=false user=false emergency=false vm_exhausted=false -> Nursery
[bactrian] schedule Nursery (marking=false, mature_pages=2001840, reserved=2047036, immix=2001840, los=21, nonmoving=0, nursery=4021, heap=4485492, sweep_pending=false, seeded=1579, enq=86421786, traced=86421786, skipped_young=0, satb=40889914, satb_young_drop=32143310)
[bactrian] decide: cycle_req=false user=false emergency=false vm_exhausted=false -> Nursery
[bactrian] schedule Nursery (marking=false, mature_pages=2005995, reserved=2051268, immix=2005995, los=21, nonmoving=0, nursery=4021, heap=4494802, sweep_pending=false, seeded=1579, enq=86421786, traced=86421786, skipped_young=0, satb=40889914, satb_young_drop=32143310)
[bactrian] decide: cycle_req=false user=false emergency=false vm_exhausted=false -> Nursery
[bactrian] schedule Nursery (marking=false, mature_pages=2007865, reserved=2053306, immix=2007865, los=21, nonmoving=0, nursery=4021, heap=4498991, sweep_pending=false, seeded=1579, enq=86421786, traced=86421786, skipped_young=0, satb=40889914, satb_young_drop=32143310)
[bactrian] decide: cycle_req=false user=false emergency=false vm_exhausted=false -> Nursery
[bactrian] schedule Nursery (marking=false, mature_pages=2007950, reserved=2053125, immix=2007950, los=21, nonmoving=0, nursery=4155, heap=4499182, sweep_pending=false, seeded=1579, enq=86421786, traced=86421786, skipped_young=0, satb=40889914, satb_young_drop=32143310)
[bactrian] decide: cycle_req=false user=false emergency=false vm_exhausted=false -> Nursery
[bactrian] schedule Nursery (marking=false, mature_pages=2008039, reserved=2053215, immix=2008039, los=21, nonmoving=0, nursery=4021, heap=4499380, sweep_pending=false, seeded=1579, enq=86421786, traced=86421786, skipped_young=0, satb=40889914, satb_young_drop=32143310)
[bactrian] decide: cycle_req=false user=false emergency=false vm_exhausted=false -> Nursery
[bactrian] schedule Nursery (marking=false, mature_pages=2008125, reserved=2053571, immix=2008125, los=21, nonmoving=0, nursery=4021, heap=4499574, sweep_pending=false, seeded=1579, enq=86421786, traced=86421786, skipped_young=0, satb=40889914, satb_young_drop=32143310)
[bactrian] decide: cycle_req=false user=false emergency=false vm_exhausted=false -> Nursery
[bactrian] schedule Nursery (marking=false, mature_pages=2008211, reserved=2053391, immix=2008211, los=21, nonmoving=0, nursery=4021, heap=4499767, sweep_pending=false, seeded=1579, enq=86421786, traced=86421786, skipped_young=0, satb=40889914, satb_young_drop=32143310)
[bactrian] decide: cycle_req=false user=false emergency=false vm_exhausted=false -> Nursery
[bactrian] schedule Nursery (marking=false, mature_pages=2008296, reserved=2053477, immix=2008296, los=21, nonmoving=0, nursery=4155, heap=4499957, sweep_pending=false, seeded=1579, enq=86421786, traced=86421786, skipped_young=0, satb=40889914, satb_young_drop=32143310)
[bactrian] decide: cycle_req=false user=false emergency=false vm_exhausted=false -> Nursery
[bactrian] schedule Nursery (marking=false, mature_pages=2008386, reserved=2053569, immix=2008386, los=21, nonmoving=0, nursery=4155, heap=4500159, sweep_pending=false, seeded=1579, enq=86421786, traced=86421786, skipped_young=0, satb=40889914, satb_young_drop=32143310)
[bactrian] decide: cycle_req=false user=false emergency=false vm_exhausted=false -> Nursery
[bactrian] schedule Nursery (marking=false, mature_pages=2008471, reserved=2053655, immix=2008471, los=21, nonmoving=0, nursery=4155, heap=4500348, sweep_pending=false, seeded=1579, enq=86421786, traced=86421786, skipped_young=0, satb=40889914, satb_young_drop=32143310)
[bactrian] decide: cycle_req=false user=false emergency=false vm_exhausted=false -> Nursery
[bactrian] schedule Nursery (marking=false, mature_pages=2008557, reserved=2053743, immix=2008557, los=21, nonmoving=0, nursery=4021, heap=4500542, sweep_pending=false, seeded=1579, enq=86421786, traced=86421786, skipped_young=0, satb=40889914, satb_young_drop=32143310)
[bactrian] decide: cycle_req=false user=false emergency=false vm_exhausted=false -> Nursery
[bactrian] schedule Nursery (marking=false, mature_pages=2008642, reserved=2053964, immix=2008642, los=21, nonmoving=0, nursery=4021, heap=4500733, sweep_pending=false, seeded=1579, enq=86421786, traced=86421786, skipped_young=0, satb=40889914, satb_young_drop=32143310)
[bactrian] decide: cycle_req=false user=false emergency=false vm_exhausted=false -> Nursery
[bactrian] schedule Nursery (marking=false, mature_pages=2012272, reserved=2057661, immix=2012272, los=21, nonmoving=0, nursery=4021, heap=4508867, sweep_pending=false, seeded=1579, enq=86421786, traced=86421786, skipped_young=0, satb=40889914, satb_young_drop=32143310)
[bactrian] decide: cycle_req=false user=false emergency=false vm_exhausted=false -> Nursery
[bactrian] schedule Nursery (marking=false, mature_pages=2016427, reserved=2061758, immix=2016427, los=21, nonmoving=0, nursery=4021, heap=4518175, sweep_pending=false, seeded=1579, enq=86421786, traced=86421786, skipped_young=0, satb=40889914, satb_young_drop=32143310)
[bactrian] decide: cycle_req=false user=false emergency=false vm_exhausted=false -> Nursery
[bactrian] schedule Nursery (marking=false, mature_pages=2020582, reserved=2066124, immix=2020582, los=21, nonmoving=0, nursery=4021, heap=4527485, sweep_pending=false, seeded=1579, enq=86421786, traced=86421786, skipped_young=0, satb=40889914, satb_young_drop=32143310)
[bactrian] decide: cycle_req=false user=false emergency=false vm_exhausted=false -> Nursery
[bactrian] schedule Nursery (marking=false, mature_pages=2024739, reserved=2070358, immix=2024739, los=21, nonmoving=0, nursery=4021, heap=4536800, sweep_pending=false, seeded=1579, enq=86421786, traced=86421786, skipped_young=0, satb=40889914, satb_young_drop=32143310)
[bactrian] decide: cycle_req=false user=false emergency=false vm_exhausted=false -> Nursery
[bactrian] schedule Nursery (marking=false, mature_pages=2028894, reserved=2074590, immix=2028894, los=21, nonmoving=0, nursery=4021, heap=4546110, sweep_pending=false, seeded=1579, enq=86421786, traced=86421786, skipped_young=0, satb=40889914, satb_young_drop=32143310)
[bactrian] decide: cycle_req=false user=false emergency=false vm_exhausted=false -> Nursery
[bactrian] schedule Nursery (marking=false, mature_pages=2033049, reserved=2078688, immix=2033049, los=21, nonmoving=0, nursery=4021, heap=4555421, sweep_pending=false, seeded=1579, enq=86421786, traced=86421786, skipped_young=0, satb=40889914, satb_young_drop=32143310)
[bactrian] decide: cycle_req=false user=false emergency=false vm_exhausted=false -> Nursery
[bactrian] schedule Nursery (marking=false, mature_pages=2037204, reserved=2083053, immix=2037204, los=21, nonmoving=0, nursery=4021, heap=4564729, sweep_pending=false, seeded=1579, enq=86421786, traced=86421786, skipped_young=0, satb=40889914, satb_young_drop=32143310)
[bactrian] decide: cycle_req=false user=false emergency=false vm_exhausted=false -> Nursery
[bactrian] schedule Nursery (marking=false, mature_pages=2041359, reserved=2087151, immix=2041359, los=21, nonmoving=0, nursery=4155, heap=4574039, sweep_pending=false, seeded=1579, enq=86421786, traced=86421786, skipped_young=0, satb=40889914, satb_young_drop=32143310)
[bactrian] decide: cycle_req=false user=false emergency=false vm_exhausted=false -> Nursery
[bactrian] schedule Nursery (marking=false, mature_pages=2045514, reserved=2091517, immix=2045514, los=21, nonmoving=0, nursery=4021, heap=4583350, sweep_pending=false, seeded=1579, enq=86421786, traced=86421786, skipped_young=0, satb=40889914, satb_young_drop=32143310)
[bactrian] decide: cycle_req=false user=false emergency=false vm_exhausted=false -> Nursery
[bactrian] schedule Nursery (marking=false, mature_pages=2049669, reserved=2095615, immix=2049669, los=21, nonmoving=0, nursery=4021, heap=4592660, sweep_pending=false, seeded=1579, enq=86421786, traced=86421786, skipped_young=0, satb=40889914, satb_young_drop=32143310)
[bactrian] decide: cycle_req=false user=false emergency=false vm_exhausted=false -> Nursery
[bactrian] schedule Nursery (marking=false, mature_pages=2053824, reserved=2099981, immix=2053824, los=21, nonmoving=0, nursery=4021, heap=4601971, sweep_pending=false, seeded=1579, enq=86421786, traced=86421786, skipped_young=0, satb=40889914, satb_young_drop=32143310)
[bactrian] decide: cycle_req=false user=false emergency=false vm_exhausted=false -> Nursery
[bactrian] schedule Nursery (marking=false, mature_pages=2057981, reserved=2104080, immix=2057981, los=21, nonmoving=0, nursery=4155, heap=4611283, sweep_pending=false, seeded=1579, enq=86421786, traced=86421786, skipped_young=0, satb=40889914, satb_young_drop=32143310)
[bactrian] decide: cycle_req=false user=false emergency=false vm_exhausted=false -> Nursery
[bactrian] schedule Nursery (marking=false, mature_pages=2062136, reserved=2108312, immix=2062136, los=21, nonmoving=0, nursery=4021, heap=4620594, sweep_pending=false, seeded=1579, enq=86421786, traced=86421786, skipped_young=0, satb=40889914, satb_young_drop=32143310)
[bactrian] decide: cycle_req=false user=false emergency=false vm_exhausted=false -> Nursery
[bactrian] schedule Nursery (marking=false, mature_pages=2066291, reserved=2112544, immix=2066291, los=21, nonmoving=0, nursery=4155, heap=4629904, sweep_pending=false, seeded=1579, enq=86421786, traced=86421786, skipped_young=0, satb=40889914, satb_young_drop=32143310)
[bactrian] decide: cycle_req=false user=false emergency=false vm_exhausted=false -> Nursery
[bactrian] schedule Nursery (marking=false, mature_pages=2070446, reserved=2116910, immix=2070446, los=21, nonmoving=0, nursery=4155, heap=4639214, sweep_pending=false, seeded=1579, enq=86421786, traced=86421786, skipped_young=0, satb=40889914, satb_young_drop=32143310)
[bactrian] decide: cycle_req=false user=false emergency=false vm_exhausted=false -> Nursery
[bactrian] schedule Nursery (marking=false, mature_pages=2074601, reserved=2121008, immix=2074601, los=21, nonmoving=0, nursery=4021, heap=4648525, sweep_pending=false, seeded=1579, enq=86421786, traced=86421786, skipped_young=0, satb=40889914, satb_young_drop=32143310)
[bactrian] decide: cycle_req=false user=false emergency=false vm_exhausted=false -> Nursery
[bactrian] schedule Nursery (marking=false, mature_pages=2078756, reserved=2125239, immix=2078756, los=21, nonmoving=0, nursery=4021, heap=4657833, sweep_pending=false, seeded=1579, enq=86421786, traced=86421786, skipped_young=0, satb=40889914, satb_young_drop=32143310)
[bactrian] decide: cycle_req=false user=false emergency=false vm_exhausted=false -> Nursery
[bactrian] schedule Nursery (marking=false, mature_pages=2082911, reserved=2129471, immix=2082911, los=21, nonmoving=0, nursery=4155, heap=4667143, sweep_pending=false, seeded=1579, enq=86421786, traced=86421786, skipped_young=0, satb=40889914, satb_young_drop=32143310)
[bactrian] decide: cycle_req=false user=false emergency=false vm_exhausted=false -> Nursery
[bactrian] schedule Nursery (marking=false, mature_pages=2087066, reserved=2133703, immix=2087066, los=21, nonmoving=0, nursery=4021, heap=4676454, sweep_pending=false, seeded=1579, enq=86421786, traced=86421786, skipped_young=0, satb=40889914, satb_young_drop=32143310)
[bactrian] decide: cycle_req=false user=false emergency=false vm_exhausted=false -> Nursery
[bactrian] schedule Nursery (marking=false, mature_pages=2091221, reserved=2137935, immix=2091221, los=21, nonmoving=0, nursery=4021, heap=4685764, sweep_pending=false, seeded=1579, enq=86421786, traced=86421786, skipped_young=0, satb=40889914, satb_young_drop=32143310)
[bactrian] decide: cycle_req=false user=false emergency=false vm_exhausted=false -> Nursery
[bactrian] schedule Nursery (marking=false, mature_pages=2095378, reserved=2142303, immix=2095378, los=21, nonmoving=0, nursery=4021, heap=4695079, sweep_pending=false, seeded=1579, enq=86421786, traced=86421786, skipped_young=0, satb=40889914, satb_young_drop=32143310)
[bactrian] decide: cycle_req=false user=false emergency=false vm_exhausted=false -> Nursery
[bactrian] schedule Nursery (marking=false, mature_pages=2099533, reserved=2146400, immix=2099533, los=21, nonmoving=0, nursery=4021, heap=4704387, sweep_pending=false, seeded=1579, enq=86421786, traced=86421786, skipped_young=0, satb=40889914, satb_young_drop=32143310)
[bactrian] decide: cycle_req=false user=false emergency=false vm_exhausted=false -> Nursery
[bactrian] schedule Nursery (marking=false, mature_pages=2103688, reserved=2150632, immix=2103688, los=21, nonmoving=0, nursery=4021, heap=4713698, sweep_pending=false, seeded=1579, enq=86421786, traced=86421786, skipped_young=0, satb=40889914, satb_young_drop=32143310)
[bactrian] decide: cycle_req=false user=false emergency=false vm_exhausted=false -> Nursery
[bactrian] schedule Nursery (marking=false, mature_pages=2107843, reserved=2154864, immix=2107843, los=21, nonmoving=0, nursery=4021, heap=4723008, sweep_pending=false, seeded=1579, enq=86421786, traced=86421786, skipped_young=0, satb=40889914, satb_young_drop=32143310)
[bactrian] decide: cycle_req=false user=false emergency=false vm_exhausted=false -> Nursery
[bactrian] schedule Nursery (marking=false, mature_pages=2111998, reserved=2159230, immix=2111998, los=21, nonmoving=0, nursery=4021, heap=4732318, sweep_pending=false, seeded=1579, enq=86421786, traced=86421786, skipped_young=0, satb=40889914, satb_young_drop=32143310)
[bactrian] decide: cycle_req=false user=false emergency=false vm_exhausted=false -> Nursery
[bactrian] schedule Nursery (marking=false, mature_pages=2116153, reserved=2163328, immix=2116153, los=21, nonmoving=0, nursery=4021, heap=4741629, sweep_pending=false, seeded=1579, enq=86421786, traced=86421786, skipped_young=0, satb=40889914, satb_young_drop=32143310)
[bactrian] decide: cycle_req=false user=false emergency=false vm_exhausted=false -> Nursery
[bactrian] schedule Nursery (marking=false, mature_pages=2120308, reserved=2167559, immix=2120308, los=21, nonmoving=0, nursery=4021, heap=4750937, sweep_pending=false, seeded=1579, enq=86421786, traced=86421786, skipped_young=0, satb=40889914, satb_young_drop=32143310)
[bactrian] decide: cycle_req=false user=false emergency=false vm_exhausted=false -> Nursery
[bactrian] schedule Nursery (marking=false, mature_pages=2124463, reserved=2171925, immix=2124463, los=21, nonmoving=0, nursery=4021, heap=4760247, sweep_pending=false, seeded=1579, enq=86421786, traced=86421786, skipped_young=0, satb=40889914, satb_young_drop=32143310)
[bactrian] decide: cycle_req=false user=false emergency=false vm_exhausted=false -> Nursery
[bactrian] schedule Nursery (marking=false, mature_pages=2128620, reserved=2176159, immix=2128620, los=21, nonmoving=0, nursery=4021, heap=4769562, sweep_pending=false, seeded=1579, enq=86421786, traced=86421786, skipped_young=0, satb=40889914, satb_young_drop=32143310)
[bactrian] decide: cycle_req=false user=false emergency=false vm_exhausted=false -> Nursery
[bactrian] schedule Nursery (marking=false, mature_pages=2132775, reserved=2180391, immix=2132775, los=21, nonmoving=0, nursery=4021, heap=4778873, sweep_pending=false, seeded=1579, enq=86421786, traced=86421786, skipped_young=0, satb=40889914, satb_young_drop=32143310)
[bactrian] decide: cycle_req=false user=false emergency=false vm_exhausted=false -> Nursery
[bactrian] schedule Nursery (marking=false, mature_pages=2136930, reserved=2184623, immix=2136930, los=21, nonmoving=0, nursery=4021, heap=4788183, sweep_pending=false, seeded=1579, enq=86421786, traced=86421786, skipped_young=0, satb=40889914, satb_young_drop=32143310)
[bactrian] decide: cycle_req=false user=false emergency=false vm_exhausted=false -> Nursery
[bactrian] schedule Nursery (marking=false, mature_pages=2141085, reserved=2188854, immix=2141085, los=21, nonmoving=0, nursery=4021, heap=4797491, sweep_pending=false, seeded=1579, enq=86421786, traced=86421786, skipped_young=0, satb=40889914, satb_young_drop=32143310)
[bactrian] decide: cycle_req=false user=false emergency=false vm_exhausted=false -> Nursery
[bactrian] schedule Nursery (marking=false, mature_pages=2145240, reserved=2192952, immix=2145240, los=21, nonmoving=0, nursery=4021, heap=4806802, sweep_pending=false, seeded=1579, enq=86421786, traced=86421786, skipped_young=0, satb=40889914, satb_young_drop=32143310)
[bactrian] decide: cycle_req=false user=false emergency=false vm_exhausted=false -> Nursery
[bactrian] schedule Nursery (marking=false, mature_pages=2149395, reserved=2197318, immix=2149395, los=21, nonmoving=0, nursery=4021, heap=4816112, sweep_pending=false, seeded=1579, enq=86421786, traced=86421786, skipped_young=0, satb=40889914, satb_young_drop=32143310)
[bactrian] decide: cycle_req=false user=false emergency=false vm_exhausted=false -> Nursery
[bactrian] schedule Nursery (marking=false, mature_pages=2153550, reserved=2201416, immix=2153550, los=21, nonmoving=0, nursery=4021, heap=4825422, sweep_pending=false, seeded=1579, enq=86421786, traced=86421786, skipped_young=0, satb=40889914, satb_young_drop=32143310)
[bactrian] decide: cycle_req=false user=false emergency=false vm_exhausted=false -> Nursery
[bactrian] schedule Nursery (marking=false, mature_pages=2157705, reserved=2205782, immix=2157705, los=21, nonmoving=0, nursery=4021, heap=4834733, sweep_pending=false, seeded=1579, enq=86421786, traced=86421786, skipped_young=0, satb=40889914, satb_young_drop=32143310)
[bactrian] decide: cycle_req=false user=false emergency=false vm_exhausted=false -> Nursery
[bactrian] schedule Nursery (marking=false, mature_pages=2161860, reserved=2210013, immix=2161860, los=21, nonmoving=0, nursery=4021, heap=4844041, sweep_pending=false, seeded=1579, enq=86421786, traced=86421786, skipped_young=0, satb=40889914, satb_young_drop=32143310)
[bactrian] decide: cycle_req=false user=false emergency=false vm_exhausted=false -> Nursery
[bactrian] schedule Nursery (marking=false, mature_pages=2166017, reserved=2214247, immix=2166017, los=21, nonmoving=0, nursery=4021, heap=4853356, sweep_pending=false, seeded=1579, enq=86421786, traced=86421786, skipped_young=0, satb=40889914, satb_young_drop=32143310)
[bactrian] decide: cycle_req=false user=false emergency=false vm_exhausted=false -> Nursery
[bactrian] schedule Nursery (marking=false, mature_pages=2170172, reserved=2218479, immix=2170172, los=21, nonmoving=0, nursery=4021, heap=4862666, sweep_pending=false, seeded=1579, enq=86421786, traced=86421786, skipped_young=0, satb=40889914, satb_young_drop=32143310)
[bactrian] decide: cycle_req=false user=false emergency=false vm_exhausted=false -> Nursery
[bactrian] schedule Nursery (marking=false, mature_pages=2174327, reserved=2222711, immix=2174327, los=21, nonmoving=0, nursery=4021, heap=4871977, sweep_pending=false, seeded=1579, enq=86421786, traced=86421786, skipped_young=0, satb=40889914, satb_young_drop=32143310)
[bactrian] decide: cycle_req=false user=false emergency=false vm_exhausted=false -> Nursery
[bactrian] schedule Nursery (marking=false, mature_pages=2178482, reserved=2226809, immix=2178482, los=21, nonmoving=0, nursery=4021, heap=4881287, sweep_pending=false, seeded=1579, enq=86421786, traced=86421786, skipped_young=0, satb=40889914, satb_young_drop=32143310)
[bactrian] decide: cycle_req=false user=false emergency=false vm_exhausted=false -> Nursery
[bactrian] schedule Nursery (marking=false, mature_pages=2182637, reserved=2231174, immix=2182637, los=21, nonmoving=0, nursery=4021, heap=4890595, sweep_pending=false, seeded=1579, enq=86421786, traced=86421786, skipped_young=0, satb=40889914, satb_young_drop=32143310)
[bactrian] decide: cycle_req=false user=false emergency=false vm_exhausted=false -> Nursery
[bactrian] schedule Nursery (marking=false, mature_pages=2186792, reserved=2235272, immix=2186792, los=21, nonmoving=0, nursery=4021, heap=4899906, sweep_pending=false, seeded=1579, enq=86421786, traced=86421786, skipped_young=0, satb=40889914, satb_young_drop=32143310)
[bactrian] decide: cycle_req=false user=false emergency=false vm_exhausted=false -> Nursery
[bactrian] schedule Nursery (marking=false, mature_pages=2190947, reserved=2239504, immix=2190947, los=21, nonmoving=0, nursery=4021, heap=4909216, sweep_pending=false, seeded=1579, enq=86421786, traced=86421786, skipped_young=0, satb=40889914, satb_young_drop=32143310)
[bactrian] decide: cycle_req=false user=false emergency=false vm_exhausted=false -> Nursery
[bactrian] schedule Nursery (marking=false, mature_pages=2195102, reserved=2243870, immix=2195102, los=21, nonmoving=0, nursery=4021, heap=4918526, sweep_pending=false, seeded=1579, enq=86421786, traced=86421786, skipped_young=0, satb=40889914, satb_young_drop=32143310)
[bactrian] decide: cycle_req=false user=false emergency=false vm_exhausted=false -> Nursery
[bactrian] schedule Nursery (marking=false, mature_pages=2199259, reserved=2248104, immix=2199259, los=21, nonmoving=0, nursery=4021, heap=4927841, sweep_pending=false, seeded=1579, enq=86421786, traced=86421786, skipped_young=0, satb=40889914, satb_young_drop=32143310)
[bactrian] decide: cycle_req=false user=false emergency=false vm_exhausted=false -> Nursery
[bactrian] schedule Nursery (marking=false, mature_pages=2203414, reserved=2252335, immix=2203414, los=21, nonmoving=0, nursery=4021, heap=4937149, sweep_pending=false, seeded=1579, enq=86421786, traced=86421786, skipped_young=0, satb=40889914, satb_young_drop=32143310)
[bactrian] decide: cycle_req=false user=false emergency=false vm_exhausted=false -> Nursery
[bactrian] schedule Nursery (marking=false, mature_pages=2207569, reserved=2256567, immix=2207569, los=21, nonmoving=0, nursery=4021, heap=4946460, sweep_pending=false, seeded=1579, enq=86421786, traced=86421786, skipped_young=0, satb=40889914, satb_young_drop=32143310)
[bactrian] decide: cycle_req=false user=false emergency=false vm_exhausted=false -> Nursery
[bactrian] schedule Nursery (marking=false, mature_pages=2211724, reserved=2260799, immix=2211724, los=21, nonmoving=0, nursery=4021, heap=4955770, sweep_pending=false, seeded=1579, enq=86421786, traced=86421786, skipped_young=0, satb=40889914, satb_young_drop=32143310)
[bactrian] decide: cycle_req=false user=false emergency=false vm_exhausted=false -> Nursery
[bactrian] schedule Nursery (marking=false, mature_pages=2215879, reserved=2265031, immix=2215879, los=21, nonmoving=0, nursery=4021, heap=4965081, sweep_pending=false, seeded=1579, enq=86421786, traced=86421786, skipped_young=0, satb=40889914, satb_young_drop=32143310)
[bactrian] decide: cycle_req=false user=false emergency=false vm_exhausted=false -> Nursery
[bactrian] schedule Nursery (marking=false, mature_pages=2220034, reserved=2269263, immix=2220034, los=21, nonmoving=0, nursery=4021, heap=4974391, sweep_pending=false, seeded=1579, enq=86421786, traced=86421786, skipped_young=0, satb=40889914, satb_young_drop=32143310)
[bactrian] decide: cycle_req=false user=false emergency=false vm_exhausted=false -> Nursery
[bactrian] schedule Nursery (marking=false, mature_pages=2224189, reserved=2273360, immix=2224189, los=21, nonmoving=0, nursery=4021, heap=4983699, sweep_pending=false, seeded=1579, enq=86421786, traced=86421786, skipped_young=0, satb=40889914, satb_young_drop=32143310)
[bactrian] decide: cycle_req=false user=false emergency=false vm_exhausted=false -> Nursery
[bactrian] schedule Nursery (marking=false, mature_pages=2228344, reserved=2277592, immix=2228344, los=21, nonmoving=0, nursery=4021, heap=4993010, sweep_pending=false, seeded=1579, enq=86421786, traced=86421786, skipped_young=0, satb=40889914, satb_young_drop=32143310)
[bactrian] decide: cycle_req=false user=false emergency=false vm_exhausted=false -> Nursery
[bactrian] schedule Nursery (marking=false, mature_pages=2232499, reserved=2281824, immix=2232499, los=21, nonmoving=0, nursery=4021, heap=5002320, sweep_pending=false, seeded=1579, enq=86421786, traced=86421786, skipped_young=0, satb=40889914, satb_young_drop=32143310)
[bactrian] decide: cycle_req=false user=false emergency=false vm_exhausted=false -> Nursery
[bactrian] schedule Nursery (marking=false, mature_pages=2236656, reserved=2286058, immix=2236656, los=21, nonmoving=0, nursery=4021, heap=5011635, sweep_pending=false, seeded=1579, enq=86421786, traced=86421786, skipped_young=0, satb=40889914, satb_young_drop=32143310)
[bactrian] decide: cycle_req=false user=false emergency=false vm_exhausted=false -> Nursery
[bactrian] schedule Nursery (marking=false, mature_pages=2240811, reserved=2290290, immix=2240811, los=21, nonmoving=0, nursery=4021, heap=5020945, sweep_pending=false, seeded=1579, enq=86421786, traced=86421786, skipped_young=0, satb=40889914, satb_young_drop=32143310)
[bactrian] decide: cycle_req=false user=false emergency=false vm_exhausted=false -> Nursery
[bactrian] schedule Nursery (marking=false, mature_pages=2244966, reserved=2294521, immix=2244966, los=21, nonmoving=0, nursery=4155, heap=5030253, sweep_pending=false, seeded=1579, enq=86421786, traced=86421786, skipped_young=0, satb=40889914, satb_young_drop=32143310)
[bactrian] decide: cycle_req=false user=false emergency=false vm_exhausted=false -> Nursery
[bactrian] schedule Nursery (marking=false, mature_pages=2249121, reserved=2298753, immix=2249121, los=21, nonmoving=0, nursery=4155, heap=5039564, sweep_pending=false, seeded=1579, enq=86421786, traced=86421786, skipped_young=0, satb=40889914, satb_young_drop=32143310)
[bactrian] decide: cycle_req=false user=false emergency=false vm_exhausted=false -> Nursery
[bactrian] schedule Nursery (marking=false, mature_pages=2253276, reserved=2302985, immix=2253276, los=21, nonmoving=0, nursery=4021, heap=5048874, sweep_pending=false, seeded=1579, enq=86421786, traced=86421786, skipped_young=0, satb=40889914, satb_young_drop=32143310)
[bactrian] decide: cycle_req=false user=false emergency=false vm_exhausted=false -> Nursery
[bactrian] schedule Nursery (marking=false, mature_pages=2257431, reserved=2307217, immix=2257431, los=21, nonmoving=0, nursery=4155, heap=5058185, sweep_pending=false, seeded=1579, enq=86421786, traced=86421786, skipped_young=0, satb=40889914, satb_young_drop=32143310)
[bactrian] decide: cycle_req=false user=false emergency=false vm_exhausted=false -> Nursery
[bactrian] schedule Nursery (marking=false, mature_pages=2261586, reserved=2311449, immix=2261586, los=21, nonmoving=0, nursery=4021, heap=5067495, sweep_pending=false, seeded=1579, enq=86421786, traced=86421786, skipped_young=0, satb=40889914, satb_young_drop=32143310)
[bactrian] decide: cycle_req=false user=false emergency=false vm_exhausted=false -> Nursery
[bactrian] schedule Nursery (marking=false, mature_pages=2265741, reserved=2315680, immix=2265741, los=21, nonmoving=0, nursery=4021, heap=5076803, sweep_pending=false, seeded=1579, enq=86421786, traced=86421786, skipped_young=0, satb=40889914, satb_young_drop=32143310)
[bactrian] decide: cycle_req=false user=false emergency=false vm_exhausted=false -> Nursery
[bactrian] schedule Nursery (marking=false, mature_pages=2269898, reserved=2320048, immix=2269898, los=21, nonmoving=0, nursery=4021, heap=5086118, sweep_pending=false, seeded=1579, enq=86421786, traced=86421786, skipped_young=0, satb=40889914, satb_young_drop=32143310)
[bactrian] decide: cycle_req=false user=false emergency=false vm_exhausted=false -> Nursery
[bactrian] schedule Nursery (marking=false, mature_pages=2274053, reserved=2324280, immix=2274053, los=21, nonmoving=0, nursery=4021, heap=5095428, sweep_pending=false, seeded=1579, enq=86421786, traced=86421786, skipped_young=0, satb=40889914, satb_young_drop=32143310)
[bactrian] decide: cycle_req=false user=false emergency=false vm_exhausted=false -> Nursery
[bactrian] schedule Nursery (marking=false, mature_pages=2278208, reserved=2328512, immix=2278208, los=21, nonmoving=0, nursery=4021, heap=5104739, sweep_pending=false, seeded=1579, enq=86421786, traced=86421786, skipped_young=0, satb=40889914, satb_young_drop=32143310)
[bactrian] decide: cycle_req=false user=false emergency=false vm_exhausted=false -> Nursery
[bactrian] schedule Nursery (marking=false, mature_pages=2282363, reserved=2332610, immix=2282363, los=21, nonmoving=0, nursery=4155, heap=5114049, sweep_pending=false, seeded=1579, enq=86421786, traced=86421786, skipped_young=0, satb=40889914, satb_young_drop=32143310)
[bactrian] decide: cycle_req=false user=false emergency=false vm_exhausted=false -> Nursery
[bactrian] schedule Nursery (marking=false, mature_pages=2286518, reserved=2336975, immix=2286518, los=21, nonmoving=0, nursery=4021, heap=5123357, sweep_pending=false, seeded=1579, enq=86421786, traced=86421786, skipped_young=0, satb=40889914, satb_young_drop=32143310)
[bactrian] decide: cycle_req=false user=false emergency=false vm_exhausted=false -> Nursery
[bactrian] schedule Nursery (marking=false, mature_pages=2290673, reserved=2341207, immix=2290673, los=21, nonmoving=0, nursery=4021, heap=5132668, sweep_pending=false, seeded=1579, enq=86421786, traced=86421786, skipped_young=0, satb=40889914, satb_young_drop=32143310)
[bactrian] decide: cycle_req=false user=false emergency=false vm_exhausted=false -> Nursery
[bactrian] schedule Nursery (marking=false, mature_pages=2294828, reserved=2345305, immix=2294828, los=21, nonmoving=0, nursery=4021, heap=5141978, sweep_pending=false, seeded=1579, enq=86421786, traced=86421786, skipped_young=0, satb=40889914, satb_young_drop=32143310)
[bactrian] decide: cycle_req=false user=false emergency=false vm_exhausted=false -> Nursery
[bactrian] schedule Nursery (marking=false, mature_pages=2298983, reserved=2349671, immix=2298983, los=21, nonmoving=0, nursery=4021, heap=5151289, sweep_pending=false, seeded=1579, enq=86421786, traced=86421786, skipped_young=0, satb=40889914, satb_young_drop=32143310)
[bactrian] decide: cycle_req=false user=false emergency=false vm_exhausted=false -> Nursery
[bactrian] schedule Nursery (marking=false, mature_pages=2303138, reserved=2353903, immix=2303138, los=21, nonmoving=0, nursery=4021, heap=5160599, sweep_pending=false, seeded=1579, enq=86421786, traced=86421786, skipped_young=0, satb=40889914, satb_young_drop=32143310)
[bactrian] decide: cycle_req=false user=false emergency=false vm_exhausted=false -> Nursery
[bactrian] schedule Nursery (marking=false, mature_pages=2307295, reserved=2358002, immix=2307295, los=21, nonmoving=0, nursery=4021, heap=5169912, sweep_pending=false, seeded=1579, enq=86421786, traced=86421786, skipped_young=0, satb=40889914, satb_young_drop=32143310)
[bactrian] decide: cycle_req=false user=false emergency=false vm_exhausted=false -> Nursery
[bactrian] schedule Nursery (marking=false, mature_pages=2311450, reserved=2362234, immix=2311450, los=21, nonmoving=0, nursery=4021, heap=5179222, sweep_pending=false, seeded=1579, enq=86421786, traced=86421786, skipped_young=0, satb=40889914, satb_young_drop=32143310)
[bactrian] decide: cycle_req=false user=false emergency=false vm_exhausted=false -> Nursery
[bactrian] schedule Nursery (marking=false, mature_pages=2315605, reserved=2366466, immix=2315605, los=21, nonmoving=0, nursery=4021, heap=5188532, sweep_pending=false, seeded=1579, enq=86421786, traced=86421786, skipped_young=0, satb=40889914, satb_young_drop=32143310)
[bactrian] decide: cycle_req=false user=false emergency=false vm_exhausted=false -> Nursery
[bactrian] schedule Nursery (marking=false, mature_pages=2319760, reserved=2370832, immix=2319760, los=21, nonmoving=0, nursery=4021, heap=5197843, sweep_pending=false, seeded=1579, enq=86421786, traced=86421786, skipped_young=0, satb=40889914, satb_young_drop=32143310)
[bactrian] decide: cycle_req=false user=false emergency=false vm_exhausted=false -> Nursery
[bactrian] schedule Nursery (marking=false, mature_pages=2323915, reserved=2374930, immix=2323915, los=21, nonmoving=0, nursery=4021, heap=5207153, sweep_pending=false, seeded=1579, enq=86421786, traced=86421786, skipped_young=0, satb=40889914, satb_young_drop=32143310)
[bactrian] decide: cycle_req=false user=false emergency=false vm_exhausted=false -> Nursery
[bactrian] schedule Nursery (marking=false, mature_pages=2328070, reserved=2379295, immix=2328070, los=21, nonmoving=0, nursery=4021, heap=5216461, sweep_pending=false, seeded=1579, enq=86421786, traced=86421786, skipped_young=0, satb=40889914, satb_young_drop=32143310)
[bactrian] decide: cycle_req=false user=false emergency=false vm_exhausted=false -> Nursery
[bactrian] schedule Nursery (marking=false, mature_pages=2332225, reserved=2383527, immix=2332225, los=21, nonmoving=0, nursery=4021, heap=5225772, sweep_pending=false, seeded=1579, enq=86421786, traced=86421786, skipped_young=0, satb=40889914, satb_young_drop=32143310)
[bactrian] decide: cycle_req=false user=false emergency=false vm_exhausted=false -> Nursery
[bactrian] schedule Nursery (marking=false, mature_pages=2336380, reserved=2387759, immix=2336380, los=21, nonmoving=0, nursery=4021, heap=5235082, sweep_pending=false, seeded=1579, enq=86421786, traced=86421786, skipped_young=0, satb=40889914, satb_young_drop=32143310)
[bactrian] decide: cycle_req=false user=false emergency=false vm_exhausted=false -> Nursery
[bactrian] schedule Nursery (marking=false, mature_pages=2340537, reserved=2391859, immix=2340537, los=21, nonmoving=0, nursery=4021, heap=5244397, sweep_pending=false, seeded=1579, enq=86421786, traced=86421786, skipped_young=0, satb=40889914, satb_young_drop=32143310)
[bactrian] decide: cycle_req=false user=false emergency=false vm_exhausted=false -> Nursery
[bactrian] schedule Nursery (marking=false, mature_pages=2341808, reserved=2393153, immix=2341808, los=21, nonmoving=0, nursery=4021, heap=5247244, sweep_pending=false, seeded=1579, enq=86421786, traced=86421786, skipped_young=0, satb=40889914, satb_young_drop=32143310)
[bactrian] decide: cycle_req=false user=false emergency=false vm_exhausted=false -> Nursery
[bactrian] schedule Nursery (marking=false, mature_pages=2341893, reserved=2393240, immix=2341893, los=21, nonmoving=0, nursery=4155, heap=5247435, sweep_pending=false, seeded=1579, enq=86421786, traced=86421786, skipped_young=0, satb=40889914, satb_young_drop=32143310)
[bactrian] decide: cycle_req=false user=false emergency=false vm_exhausted=false -> Nursery
[bactrian] schedule Nursery (marking=false, mature_pages=2341983, reserved=2393600, immix=2341983, los=21, nonmoving=0, nursery=4021, heap=5247638, sweep_pending=false, seeded=1579, enq=86421786, traced=86421786, skipped_young=0, satb=40889914, satb_young_drop=32143310)
[bactrian] decide: cycle_req=false user=false emergency=false vm_exhausted=false -> Nursery
[bactrian] schedule Nursery (marking=false, mature_pages=2342068, reserved=2393418, immix=2342068, los=21, nonmoving=0, nursery=4021, heap=5247827, sweep_pending=false, seeded=1579, enq=86421786, traced=86421786, skipped_young=0, satb=40889914, satb_young_drop=32143310)
[bactrian] decide: cycle_req=false user=false emergency=false vm_exhausted=false -> Nursery
[bactrian] schedule Nursery (marking=false, mature_pages=2342154, reserved=2393506, immix=2342154, los=21, nonmoving=0, nursery=4155, heap=5248020, sweep_pending=false, seeded=1579, enq=86421786, traced=86421786, skipped_young=0, satb=40889914, satb_young_drop=32143310)
[bactrian] decide: cycle_req=false user=false emergency=false vm_exhausted=false -> Nursery
[bactrian] schedule Nursery (marking=false, mature_pages=2342240, reserved=2393593, immix=2342240, los=21, nonmoving=0, nursery=4155, heap=5248212, sweep_pending=false, seeded=1579, enq=86421786, traced=86421786, skipped_young=0, satb=40889914, satb_young_drop=32143310)
[bactrian] decide: cycle_req=false user=false emergency=false vm_exhausted=false -> Nursery
[bactrian] schedule Nursery (marking=false, mature_pages=2342329, reserved=2393684, immix=2342329, los=21, nonmoving=0, nursery=4021, heap=5248412, sweep_pending=false, seeded=1579, enq=86421786, traced=86421786, skipped_young=0, satb=40889914, satb_young_drop=32143310)
[bactrian] decide: cycle_req=false user=false emergency=false vm_exhausted=false -> Nursery
[bactrian] schedule Nursery (marking=false, mature_pages=2342414, reserved=2393771, immix=2342414, los=21, nonmoving=0, nursery=4021, heap=5248603, sweep_pending=false, seeded=1579, enq=86421786, traced=86421786, skipped_young=0, satb=40889914, satb_young_drop=32143310)
[bactrian] decide: cycle_req=false user=false emergency=false vm_exhausted=false -> Nursery
[bactrian] schedule Nursery (marking=false, mature_pages=2342501, reserved=2393859, immix=2342501, los=21, nonmoving=0, nursery=4021, heap=5248797, sweep_pending=false, seeded=1579, enq=86421786, traced=86421786, skipped_young=0, satb=40889914, satb_young_drop=32143310)
[bactrian] decide: cycle_req=false user=false emergency=false vm_exhausted=false -> Nursery
[bactrian] schedule Nursery (marking=false, mature_pages=2342647, reserved=2394008, immix=2342647, los=21, nonmoving=0, nursery=4021, heap=5249125, sweep_pending=false, seeded=1579, enq=86421786, traced=86421786, skipped_young=0, satb=40889914, satb_young_drop=32143310)
[bactrian] decide: cycle_req=false user=false emergency=false vm_exhausted=false -> Nursery
[bactrian] schedule Nursery (marking=false, mature_pages=2346802, reserved=2398240, immix=2346802, los=21, nonmoving=0, nursery=4155, heap=5258435, sweep_pending=false, seeded=1579, enq=86421786, traced=86421786, skipped_young=0, satb=40889914, satb_young_drop=32143310)
[bactrian] decide: cycle_req=false user=false emergency=false vm_exhausted=false -> Nursery
[bactrian] schedule Nursery (marking=false, mature_pages=2350957, reserved=2402606, immix=2350957, los=21, nonmoving=0, nursery=4021, heap=5267746, sweep_pending=false, seeded=1579, enq=86421786, traced=86421786, skipped_young=0, satb=40889914, satb_young_drop=32143310)
[bactrian] decide: cycle_req=false user=false emergency=false vm_exhausted=false -> Nursery
[bactrian] schedule Nursery (marking=false, mature_pages=2355112, reserved=2406703, immix=2355112, los=21, nonmoving=0, nursery=4155, heap=5277054, sweep_pending=false, seeded=1579, enq=86421786, traced=86421786, skipped_young=0, satb=40889914, satb_young_drop=32143310)
[bactrian] decide: cycle_req=false user=false emergency=false vm_exhausted=false -> Nursery
[bactrian] schedule Nursery (marking=false, mature_pages=2359267, reserved=2411069, immix=2359267, los=21, nonmoving=0, nursery=4021, heap=5286364, sweep_pending=false, seeded=1579, enq=86421786, traced=86421786, skipped_young=0, satb=40889914, satb_young_drop=32143310)
[bactrian] decide: cycle_req=false user=false emergency=false vm_exhausted=false -> Nursery
[bactrian] schedule Nursery (marking=false, mature_pages=2363422, reserved=2415167, immix=2363422, los=21, nonmoving=0, nursery=4021, heap=5295675, sweep_pending=false, seeded=1579, enq=86421786, traced=86421786, skipped_young=0, satb=40889914, satb_young_drop=32143310)
[bactrian] decide: cycle_req=false user=false emergency=false vm_exhausted=false -> Nursery
[bactrian] schedule Nursery (marking=false, mature_pages=2367577, reserved=2419533, immix=2367577, los=21, nonmoving=0, nursery=4021, heap=5304985, sweep_pending=false, seeded=1579, enq=86421786, traced=86421786, skipped_young=0, satb=40889914, satb_young_drop=32143310)
[bactrian] decide: cycle_req=false user=false emergency=false vm_exhausted=false -> Nursery
[bactrian] schedule Nursery (marking=false, mature_pages=2371732, reserved=2423765, immix=2371732, los=21, nonmoving=0, nursery=4021, heap=5314295, sweep_pending=false, seeded=1579, enq=86421786, traced=86421786, skipped_young=0, satb=40889914, satb_young_drop=32143310)
[bactrian] decide: cycle_req=false user=false emergency=false vm_exhausted=false -> Nursery
[bactrian] schedule Nursery (marking=false, mature_pages=2375889, reserved=2427864, immix=2375889, los=21, nonmoving=0, nursery=4021, heap=5323608, sweep_pending=false, seeded=1579, enq=86421786, traced=86421786, skipped_young=0, satb=40889914, satb_young_drop=32143310)
[bactrian] decide: cycle_req=false user=false emergency=false vm_exhausted=false -> Nursery
[bactrian] schedule Nursery (marking=false, mature_pages=2380044, reserved=2432096, immix=2380044, los=21, nonmoving=0, nursery=4021, heap=5332918, sweep_pending=false, seeded=1579, enq=86421786, traced=86421786, skipped_young=0, satb=40889914, satb_young_drop=32143310)
[bactrian] decide: cycle_req=false user=false emergency=false vm_exhausted=false -> Nursery
[bactrian] schedule Nursery (marking=false, mature_pages=2384199, reserved=2436462, immix=2384199, los=21, nonmoving=0, nursery=4021, heap=5342229, sweep_pending=false, seeded=1579, enq=86421786, traced=86421786, skipped_young=0, satb=40889914, satb_young_drop=32143310)
[bactrian] decide: cycle_req=false user=false emergency=false vm_exhausted=false -> Nursery
[bactrian] schedule Nursery (marking=false, mature_pages=2388354, reserved=2440694, immix=2388354, los=21, nonmoving=0, nursery=4021, heap=5351539, sweep_pending=false, seeded=1579, enq=86421786, traced=86421786, skipped_young=0, satb=40889914, satb_young_drop=32143310)
[bactrian] decide: cycle_req=false user=false emergency=false vm_exhausted=false -> Nursery
[bactrian] schedule Nursery (marking=false, mature_pages=2392509, reserved=2444926, immix=2392509, los=21, nonmoving=0, nursery=4021, heap=5360850, sweep_pending=false, seeded=1579, enq=86421786, traced=86421786, skipped_young=0, satb=40889914, satb_young_drop=32143310)
[bactrian] decide: cycle_req=false user=false emergency=false vm_exhausted=false -> Nursery
[bactrian] schedule Nursery (marking=false, mature_pages=2396664, reserved=2449023, immix=2396664, los=21, nonmoving=0, nursery=4021, heap=5370158, sweep_pending=false, seeded=1579, enq=86421786, traced=86421786, skipped_young=0, satb=40889914, satb_young_drop=32143310)
[bactrian] decide: cycle_req=false user=false emergency=false vm_exhausted=false -> Nursery
[bactrian] schedule Nursery (marking=false, mature_pages=2400819, reserved=2453255, immix=2400819, los=21, nonmoving=0, nursery=4021, heap=5379468, sweep_pending=false, seeded=1579, enq=86421786, traced=86421786, skipped_young=0, satb=40889914, satb_young_drop=32143310)
[bactrian] decide: cycle_req=false user=false emergency=false vm_exhausted=false -> Nursery
[bactrian] schedule Nursery (marking=false, mature_pages=2404974, reserved=2457487, immix=2404974, los=21, nonmoving=0, nursery=4021, heap=5388779, sweep_pending=false, seeded=1579, enq=86421786, traced=86421786, skipped_young=0, satb=40889914, satb_young_drop=32143310)
[bactrian] decide: cycle_req=false user=false emergency=false vm_exhausted=false -> Nursery
[bactrian] schedule Nursery (marking=false, mature_pages=2409129, reserved=2461719, immix=2409129, los=21, nonmoving=0, nursery=4021, heap=5398089, sweep_pending=false, seeded=1579, enq=86421786, traced=86421786, skipped_young=0, satb=40889914, satb_young_drop=32143310)
[bactrian] decide: cycle_req=false user=false emergency=false vm_exhausted=false -> Nursery
[bactrian] schedule Nursery (marking=false, mature_pages=2413286, reserved=2465953, immix=2413286, los=21, nonmoving=0, nursery=4021, heap=5407404, sweep_pending=false, seeded=1579, enq=86421786, traced=86421786, skipped_young=0, satb=40889914, satb_young_drop=32143310)
[bactrian] decide: cycle_req=false user=false emergency=false vm_exhausted=false -> Nursery
[bactrian] schedule Nursery (marking=false, mature_pages=2417441, reserved=2470184, immix=2417441, los=21, nonmoving=0, nursery=4155, heap=5416712, sweep_pending=false, seeded=1579, enq=86421786, traced=86421786, skipped_young=0, satb=40889914, satb_young_drop=32143310)
[bactrian] decide: cycle_req=false user=false emergency=false vm_exhausted=false -> Nursery
[bactrian] schedule Nursery (marking=false, mature_pages=2421596, reserved=2474550, immix=2421596, los=21, nonmoving=0, nursery=4021, heap=5426022, sweep_pending=false, seeded=1579, enq=86421786, traced=86421786, skipped_young=0, satb=40889914, satb_young_drop=32143310)
[bactrian] decide: cycle_req=false user=false emergency=false vm_exhausted=false -> Nursery
[bactrian] schedule Nursery (marking=false, mature_pages=2425751, reserved=2478782, immix=2425751, los=21, nonmoving=0, nursery=4155, heap=5435333, sweep_pending=false, seeded=1579, enq=86421786, traced=86421786, skipped_young=0, satb=40889914, satb_young_drop=32143310)
[bactrian] decide: cycle_req=false user=false emergency=false vm_exhausted=false -> Nursery
[bactrian] schedule Nursery (marking=false, mature_pages=2429906, reserved=2482880, immix=2429906, los=21, nonmoving=0, nursery=4155, heap=5444643, sweep_pending=false, seeded=1579, enq=86421786, traced=86421786, skipped_young=0, satb=40889914, satb_young_drop=32143310)
[bactrian] decide: cycle_req=false user=false emergency=false vm_exhausted=false -> Nursery
[bactrian] schedule Nursery (marking=false, mature_pages=2434061, reserved=2487112, immix=2434061, los=21, nonmoving=0, nursery=4155, heap=5453954, sweep_pending=false, seeded=1579, enq=86421786, traced=86421786, skipped_young=0, satb=40889914, satb_young_drop=32143310)
[bactrian] decide: cycle_req=false user=false emergency=false vm_exhausted=false -> Nursery
[bactrian] schedule Nursery (marking=false, mature_pages=2438216, reserved=2491343, immix=2438216, los=21, nonmoving=0, nursery=4021, heap=5463262, sweep_pending=false, seeded=1579, enq=86421786, traced=86421786, skipped_young=0, satb=40889914, satb_young_drop=32143310)
[bactrian] decide: cycle_req=false user=false emergency=false vm_exhausted=false -> Nursery
[bactrian] schedule Nursery (marking=false, mature_pages=2442371, reserved=2495709, immix=2442371, los=21, nonmoving=0, nursery=4021, heap=5472572, sweep_pending=false, seeded=1579, enq=86421786, traced=86421786, skipped_young=0, satb=40889914, satb_young_drop=32143310)
[bactrian] decide: cycle_req=false user=false emergency=false vm_exhausted=false -> Nursery
[bactrian] schedule Nursery (marking=false, mature_pages=2446526, reserved=2499807, immix=2446526, los=21, nonmoving=0, nursery=4021, heap=5481883, sweep_pending=false, seeded=1579, enq=86421786, traced=86421786, skipped_young=0, satb=40889914, satb_young_drop=32143310)
[bactrian] decide: cycle_req=false user=false emergency=false vm_exhausted=false -> Nursery
[bactrian] schedule Nursery (marking=false, mature_pages=2450683, reserved=2504175, immix=2450683, los=21, nonmoving=0, nursery=4021, heap=5491197, sweep_pending=false, seeded=1579, enq=86421786, traced=86421786, skipped_young=0, satb=40889914, satb_young_drop=32143310)
[bactrian] decide: cycle_req=false user=false emergency=false vm_exhausted=false -> Nursery
[bactrian] schedule Nursery (marking=false, mature_pages=2454838, reserved=2508273, immix=2454838, los=21, nonmoving=0, nursery=4155, heap=5500508, sweep_pending=false, seeded=1579, enq=86421786, traced=86421786, skipped_young=0, satb=40889914, satb_young_drop=32143310)
[bactrian] decide: cycle_req=false user=false emergency=false vm_exhausted=false -> Nursery
[bactrian] schedule Nursery (marking=false, mature_pages=2458993, reserved=2512504, immix=2458993, los=21, nonmoving=0, nursery=4021, heap=5509816, sweep_pending=false, seeded=1579, enq=86421786, traced=86421786, skipped_young=0, satb=40889914, satb_young_drop=32143310)
[bactrian] decide: cycle_req=false user=false emergency=false vm_exhausted=false -> Nursery
[bactrian] schedule Nursery (marking=false, mature_pages=2463148, reserved=2516870, immix=2463148, los=21, nonmoving=0, nursery=4021, heap=5519126, sweep_pending=false, seeded=1579, enq=86421786, traced=86421786, skipped_young=0, satb=40889914, satb_young_drop=32143310)
[bactrian] decide: cycle_req=false user=false emergency=false vm_exhausted=false -> Nursery
[bactrian] schedule Nursery (marking=false, mature_pages=2467303, reserved=2520968, immix=2467303, los=21, nonmoving=0, nursery=4155, heap=5528437, sweep_pending=false, seeded=1579, enq=86421786, traced=86421786, skipped_young=0, satb=40889914, satb_young_drop=32143310)
[bactrian] decide: cycle_req=false user=false emergency=false vm_exhausted=false -> Nursery
[bactrian] schedule Nursery (marking=false, mature_pages=2471458, reserved=2525200, immix=2471458, los=21, nonmoving=0, nursery=4021, heap=5537747, sweep_pending=false, seeded=1579, enq=86421786, traced=86421786, skipped_young=0, satb=40889914, satb_young_drop=32143310)
[bactrian] decide: cycle_req=false user=false emergency=false vm_exhausted=false -> Nursery
[bactrian] schedule Nursery (marking=false, mature_pages=2475613, reserved=2529432, immix=2475613, los=21, nonmoving=0, nursery=4021, heap=5547058, sweep_pending=false, seeded=1579, enq=86421786, traced=86421786, skipped_young=0, satb=40889914, satb_young_drop=32143310)
[bactrian] decide: cycle_req=false user=false emergency=false vm_exhausted=false -> Nursery
[bactrian] schedule Nursery (marking=false, mature_pages=2479768, reserved=2533797, immix=2479768, los=21, nonmoving=0, nursery=4021, heap=5556366, sweep_pending=false, seeded=1579, enq=86421786, traced=86421786, skipped_young=0, satb=40889914, satb_young_drop=32143310)
[bactrian] decide: cycle_req=false user=false emergency=false vm_exhausted=false -> Nursery
[bactrian] schedule Nursery (marking=false, mature_pages=2483925, reserved=2537897, immix=2483925, los=21, nonmoving=0, nursery=4155, heap=5565681, sweep_pending=false, seeded=1579, enq=86421786, traced=86421786, skipped_young=0, satb=40889914, satb_young_drop=32143310)
[bactrian] decide: cycle_req=false user=false emergency=false vm_exhausted=false -> Nursery
[bactrian] schedule Nursery (marking=false, mature_pages=2488080, reserved=2542263, immix=2488080, los=21, nonmoving=0, nursery=4155, heap=5574991, sweep_pending=false, seeded=1579, enq=86421786, traced=86421786, skipped_young=0, satb=40889914, satb_young_drop=32143310)
[bactrian] decide: cycle_req=false user=false emergency=false vm_exhausted=false -> Nursery
[bactrian] schedule Nursery (marking=false, mature_pages=2492235, reserved=2546495, immix=2492235, los=21, nonmoving=0, nursery=4021, heap=5584301, sweep_pending=false, seeded=1579, enq=86421786, traced=86421786, skipped_young=0, satb=40889914, satb_young_drop=32143310)
[bactrian] decide: cycle_req=false user=false emergency=false vm_exhausted=false -> Nursery
[bactrian] schedule Nursery (marking=false, mature_pages=2496390, reserved=2550727, immix=2496390, los=21, nonmoving=0, nursery=4021, heap=5593612, sweep_pending=false, seeded=1579, enq=86421786, traced=86421786, skipped_young=0, satb=40889914, satb_young_drop=32143310)
[bactrian] decide: cycle_req=false user=false emergency=false vm_exhausted=false -> Nursery
[bactrian] schedule Nursery (marking=false, mature_pages=2500545, reserved=2554958, immix=2500545, los=21, nonmoving=0, nursery=4021, heap=5602920, sweep_pending=false, seeded=1579, enq=86421786, traced=86421786, skipped_young=0, satb=40889914, satb_young_drop=32143310)
[bactrian] decide: cycle_req=false user=false emergency=false vm_exhausted=false -> Nursery
[bactrian] schedule Nursery (marking=false, mature_pages=2504700, reserved=2559190, immix=2504700, los=21, nonmoving=0, nursery=4021, heap=5612230, sweep_pending=false, seeded=1579, enq=86421786, traced=86421786, skipped_young=0, satb=40889914, satb_young_drop=32143310)
[bactrian] decide: cycle_req=false user=false emergency=false vm_exhausted=false -> Nursery
[bactrian] schedule Nursery (marking=false, mature_pages=2508855, reserved=2563422, immix=2508855, los=21, nonmoving=0, nursery=4021, heap=5621541, sweep_pending=false, seeded=1579, enq=86421786, traced=86421786, skipped_young=0, satb=40889914, satb_young_drop=32143310)
[bactrian] decide: cycle_req=false user=false emergency=false vm_exhausted=false -> Nursery
[bactrian] schedule Nursery (marking=false, mature_pages=2513010, reserved=2567654, immix=2513010, los=21, nonmoving=0, nursery=4021, heap=5630851, sweep_pending=false, seeded=1579, enq=86421786, traced=86421786, skipped_young=0, satb=40889914, satb_young_drop=32143310)
[bactrian] decide: cycle_req=false user=false emergency=false vm_exhausted=false -> Nursery
[bactrian] schedule Nursery (marking=false, mature_pages=2517165, reserved=2571886, immix=2517165, los=21, nonmoving=0, nursery=4021, heap=5640162, sweep_pending=false, seeded=1579, enq=86421786, traced=86421786, skipped_young=0, satb=40889914, satb_young_drop=32143310)
[bactrian] decide: cycle_req=false user=false emergency=false vm_exhausted=false -> Nursery
[bactrian] schedule Nursery (marking=false, mature_pages=2521322, reserved=2576119, immix=2521322, los=21, nonmoving=0, nursery=4021, heap=5649474, sweep_pending=false, seeded=1579, enq=86421786, traced=86421786, skipped_young=0, satb=40889914, satb_young_drop=32143310)
[bactrian] decide: cycle_req=false user=false emergency=false vm_exhausted=false -> Nursery
[bactrian] schedule Nursery (marking=false, mature_pages=2525477, reserved=2580351, immix=2525477, los=21, nonmoving=0, nursery=4021, heap=5658785, sweep_pending=false, seeded=1579, enq=86421786, traced=86421786, skipped_young=0, satb=40889914, satb_young_drop=32143310)
[bactrian] decide: cycle_req=false user=false emergency=false vm_exhausted=false -> Nursery
[bactrian] schedule Nursery (marking=false, mature_pages=2529632, reserved=2584449, immix=2529632, los=21, nonmoving=0, nursery=4021, heap=5668095, sweep_pending=false, seeded=1579, enq=86421786, traced=86421786, skipped_young=0, satb=40889914, satb_young_drop=32143310)
[bactrian] decide: cycle_req=false user=false emergency=false vm_exhausted=false -> Nursery
[bactrian] schedule Nursery (marking=false, mature_pages=2533787, reserved=2588681, immix=2533787, los=21, nonmoving=0, nursery=4021, heap=5677405, sweep_pending=false, seeded=1579, enq=86421786, traced=86421786, skipped_young=0, satb=40889914, satb_young_drop=32143310)
[bactrian] decide: cycle_req=false user=false emergency=false vm_exhausted=false -> Nursery
[bactrian] schedule Nursery (marking=false, mature_pages=2537942, reserved=2592913, immix=2537942, los=21, nonmoving=0, nursery=4021, heap=5686716, sweep_pending=false, seeded=1579, enq=86421786, traced=86421786, skipped_young=0, satb=40889914, satb_young_drop=32143310)
[bactrian] decide: cycle_req=false user=false emergency=false vm_exhausted=false -> Nursery
[bactrian] schedule Nursery (marking=false, mature_pages=2542097, reserved=2597278, immix=2542097, los=21, nonmoving=0, nursery=4021, heap=5696024, sweep_pending=false, seeded=1579, enq=86421786, traced=86421786, skipped_young=0, satb=40889914, satb_young_drop=32143310)
[bactrian] decide: cycle_req=false user=false emergency=false vm_exhausted=false -> Nursery
[bactrian] schedule Nursery (marking=false, mature_pages=2546252, reserved=2601510, immix=2546252, los=21, nonmoving=0, nursery=4021, heap=5705334, sweep_pending=false, seeded=1579, enq=86421786, traced=86421786, skipped_young=0, satb=40889914, satb_young_drop=32143310)
[bactrian] decide: cycle_req=false user=false emergency=false vm_exhausted=false -> Nursery
[bactrian] schedule Nursery (marking=false, mature_pages=2550407, reserved=2605742, immix=2550407, los=21, nonmoving=0, nursery=4021, heap=5714645, sweep_pending=false, seeded=1579, enq=86421786, traced=86421786, skipped_young=0, satb=40889914, satb_young_drop=32143310)
[bactrian] decide: cycle_req=false user=false emergency=false vm_exhausted=false -> Nursery
[bactrian] schedule Nursery (marking=false, mature_pages=2554564, reserved=2609842, immix=2554564, los=21, nonmoving=0, nursery=4021, heap=5723960, sweep_pending=false, seeded=1579, enq=86421786, traced=86421786, skipped_young=0, satb=40889914, satb_young_drop=32143310)
[bactrian] decide: cycle_req=false user=false emergency=false vm_exhausted=false -> Nursery
[bactrian] schedule Nursery (marking=false, mature_pages=2558719, reserved=2614074, immix=2558719, los=21, nonmoving=0, nursery=4155, heap=5733270, sweep_pending=false, seeded=1579, enq=86421786, traced=86421786, skipped_young=0, satb=40889914, satb_young_drop=32143310)
[bactrian] decide: cycle_req=false user=false emergency=false vm_exhausted=false -> Nursery
[bactrian] schedule Nursery (marking=false, mature_pages=2562874, reserved=2618439, immix=2562874, los=21, nonmoving=0, nursery=4021, heap=5742578, sweep_pending=false, seeded=1579, enq=86421786, traced=86421786, skipped_young=0, satb=40889914, satb_young_drop=32143310)
[bactrian] decide: cycle_req=false user=false emergency=false vm_exhausted=false -> Nursery
[bactrian] schedule Nursery (marking=false, mature_pages=2567029, reserved=2622671, immix=2567029, los=21, nonmoving=0, nursery=4021, heap=5751889, sweep_pending=false, seeded=1579, enq=86421786, traced=86421786, skipped_young=0, satb=40889914, satb_young_drop=32143310)
[bactrian] decide: cycle_req=false user=false emergency=false vm_exhausted=false -> Nursery
[bactrian] schedule Nursery (marking=false, mature_pages=2571184, reserved=2626769, immix=2571184, los=21, nonmoving=0, nursery=4021, heap=5761199, sweep_pending=false, seeded=1579, enq=86421786, traced=86421786, skipped_young=0, satb=40889914, satb_young_drop=32143310)
[bactrian] decide: cycle_req=false user=false emergency=false vm_exhausted=false -> Nursery
[bactrian] schedule Nursery (marking=false, mature_pages=2575339, reserved=2631001, immix=2575339, los=21, nonmoving=0, nursery=4021, heap=5770509, sweep_pending=false, seeded=1579, enq=86421786, traced=86421786, skipped_young=0, satb=40889914, satb_young_drop=32143310)
[bactrian] decide: cycle_req=false user=false emergency=false vm_exhausted=false -> Nursery
[bactrian] schedule Nursery (marking=false, mature_pages=2579494, reserved=2635367, immix=2579494, los=21, nonmoving=0, nursery=4021, heap=5779820, sweep_pending=false, seeded=1579, enq=86421786, traced=86421786, skipped_young=0, satb=40889914, satb_young_drop=32143310)
[bactrian] decide: cycle_req=false user=false emergency=false vm_exhausted=false -> Nursery
[bactrian] schedule Nursery (marking=false, mature_pages=2583649, reserved=2639598, immix=2583649, los=21, nonmoving=0, nursery=4021, heap=5789128, sweep_pending=false, seeded=1579, enq=86421786, traced=86421786, skipped_young=0, satb=40889914, satb_young_drop=32143310)
[bactrian] decide: cycle_req=false user=false emergency=false vm_exhausted=false -> Nursery
[bactrian] schedule Nursery (marking=false, mature_pages=2587804, reserved=2643830, immix=2587804, los=21, nonmoving=0, nursery=4021, heap=5798438, sweep_pending=false, seeded=1579, enq=86421786, traced=86421786, skipped_young=0, satb=40889914, satb_young_drop=32143310)
[bactrian] decide: cycle_req=false user=false emergency=false vm_exhausted=false -> Nursery
[bactrian] schedule Nursery (marking=false, mature_pages=2591961, reserved=2647930, immix=2591961, los=21, nonmoving=0, nursery=4021, heap=5807753, sweep_pending=false, seeded=1579, enq=86421786, traced=86421786, skipped_young=0, satb=40889914, satb_young_drop=32143310)
[bactrian] decide: cycle_req=false user=false emergency=false vm_exhausted=false -> Nursery
[bactrian] schedule Nursery (marking=false, mature_pages=2596116, reserved=2652162, immix=2596116, los=21, nonmoving=0, nursery=4155, heap=5817064, sweep_pending=false, seeded=1579, enq=86421786, traced=86421786, skipped_young=0, satb=40889914, satb_young_drop=32143310)
[bactrian] decide: cycle_req=false user=false emergency=false vm_exhausted=false -> Nursery
[bactrian] schedule Nursery (marking=false, mature_pages=2600271, reserved=2656394, immix=2600271, los=21, nonmoving=0, nursery=4021, heap=5826374, sweep_pending=false, seeded=1579, enq=86421786, traced=86421786, skipped_young=0, satb=40889914, satb_young_drop=32143310)
[bactrian] decide: cycle_req=false user=false emergency=false vm_exhausted=false -> Nursery
[bactrian] schedule Nursery (marking=false, mature_pages=2604426, reserved=2660625, immix=2604426, los=21, nonmoving=0, nursery=4021, heap=5835682, sweep_pending=false, seeded=1579, enq=86421786, traced=86421786, skipped_young=0, satb=40889914, satb_young_drop=32143310)
[bactrian] decide: cycle_req=false user=false emergency=false vm_exhausted=false -> Nursery
[bactrian] schedule Nursery (marking=false, mature_pages=2608581, reserved=2664991, immix=2608581, los=21, nonmoving=0, nursery=4021, heap=5844993, sweep_pending=false, seeded=1579, enq=86421786, traced=86421786, skipped_young=0, satb=40889914, satb_young_drop=32143310)
[bactrian] decide: cycle_req=false user=false emergency=false vm_exhausted=false -> Nursery
[bactrian] schedule Nursery (marking=false, mature_pages=2612736, reserved=2669223, immix=2612736, los=21, nonmoving=0, nursery=4021, heap=5854303, sweep_pending=false, seeded=1579, enq=86421786, traced=86421786, skipped_young=0, satb=40889914, satb_young_drop=32143310)
[bactrian] decide: cycle_req=false user=false emergency=false vm_exhausted=false -> Nursery
[bactrian] schedule Nursery (marking=false, mature_pages=2616891, reserved=2673455, immix=2616891, los=21, nonmoving=0, nursery=4021, heap=5863613, sweep_pending=false, seeded=1579, enq=86421786, traced=86421786, skipped_young=0, satb=40889914, satb_young_drop=32143310)
[bactrian] decide: cycle_req=false user=false emergency=false vm_exhausted=false -> Nursery
[bactrian] schedule Nursery (marking=false, mature_pages=2621046, reserved=2677553, immix=2621046, los=21, nonmoving=0, nursery=4021, heap=5872924, sweep_pending=false, seeded=1579, enq=86421786, traced=86421786, skipped_young=0, satb=40889914, satb_young_drop=32143310)
[bactrian] decide: cycle_req=false user=false emergency=false vm_exhausted=false -> Nursery
[bactrian] schedule Nursery (marking=false, mature_pages=2625203, reserved=2681786, immix=2625203, los=21, nonmoving=0, nursery=4021, heap=5882236, sweep_pending=false, seeded=1579, enq=86421786, traced=86421786, skipped_young=0, satb=40889914, satb_young_drop=32143310)
[bactrian] decide: cycle_req=false user=false emergency=false vm_exhausted=false -> Nursery
[bactrian] schedule Nursery (marking=false, mature_pages=2629358, reserved=2686152, immix=2629358, los=21, nonmoving=0, nursery=4021, heap=5891547, sweep_pending=false, seeded=1579, enq=86421786, traced=86421786, skipped_young=0, satb=40889914, satb_young_drop=32143310)
[bactrian] decide: cycle_req=false user=false emergency=false vm_exhausted=false -> Nursery
[bactrian] schedule Nursery (marking=false, mature_pages=2633513, reserved=2690384, immix=2633513, los=21, nonmoving=0, nursery=4021, heap=5900857, sweep_pending=false, seeded=1579, enq=86421786, traced=86421786, skipped_young=0, satb=40889914, satb_young_drop=32143310)
[bactrian] decide: cycle_req=false user=false emergency=false vm_exhausted=false -> Nursery
[bactrian] schedule Nursery (marking=false, mature_pages=2637668, reserved=2694482, immix=2637668, los=21, nonmoving=0, nursery=4021, heap=5910168, sweep_pending=false, seeded=1579, enq=86421786, traced=86421786, skipped_young=0, satb=40889914, satb_young_drop=32143310)
[bactrian] decide: cycle_req=false user=false emergency=false vm_exhausted=false -> Nursery
[bactrian] schedule Nursery (marking=false, mature_pages=2641823, reserved=2698714, immix=2641823, los=21, nonmoving=0, nursery=4155, heap=5919478, sweep_pending=false, seeded=1579, enq=86421786, traced=86421786, skipped_young=0, satb=40889914, satb_young_drop=32143310)
[bactrian] decide: cycle_req=false user=false emergency=false vm_exhausted=false -> Nursery
[bactrian] schedule Nursery (marking=false, mature_pages=2645978, reserved=2702945, immix=2645978, los=21, nonmoving=0, nursery=4021, heap=5928786, sweep_pending=false, seeded=1579, enq=86421786, traced=86421786, skipped_young=0, satb=40889914, satb_young_drop=32143310)
[bactrian] decide: cycle_req=false user=false emergency=false vm_exhausted=false -> Nursery
[bactrian] schedule Nursery (marking=false, mature_pages=2650133, reserved=2707177, immix=2650133, los=21, nonmoving=0, nursery=4021, heap=5938097, sweep_pending=false, seeded=1579, enq=86421786, traced=86421786, skipped_young=0, satb=40889914, satb_young_drop=32143310)
[bactrian] decide: cycle_req=false user=false emergency=false vm_exhausted=false -> Nursery
[bactrian] schedule Nursery (marking=false, mature_pages=2654288, reserved=2711543, immix=2654288, los=21, nonmoving=0, nursery=4021, heap=5947407, sweep_pending=false, seeded=1579, enq=86421786, traced=86421786, skipped_young=0, satb=40889914, satb_young_drop=32143310)
[bactrian] decide: cycle_req=false user=false emergency=false vm_exhausted=false -> Nursery
[bactrian] schedule Nursery (marking=false, mature_pages=2658443, reserved=2715641, immix=2658443, los=21, nonmoving=0, nursery=4155, heap=5956717, sweep_pending=false, seeded=1579, enq=86421786, traced=86421786, skipped_young=0, satb=40889914, satb_young_drop=32143310)
[bactrian] decide: cycle_req=false user=false emergency=false vm_exhausted=false -> Nursery
[bactrian] schedule Nursery (marking=false, mature_pages=2662600, reserved=2719875, immix=2662600, los=21, nonmoving=0, nursery=4021, heap=5966032, sweep_pending=false, seeded=1579, enq=86421786, traced=86421786, skipped_young=0, satb=40889914, satb_young_drop=32143310)
[bactrian] decide: cycle_req=false user=false emergency=false vm_exhausted=false -> Nursery
[bactrian] schedule Nursery (marking=false, mature_pages=2666755, reserved=2724106, immix=2666755, los=21, nonmoving=0, nursery=4021, heap=5975340, sweep_pending=false, seeded=1579, enq=86421786, traced=86421786, skipped_young=0, satb=40889914, satb_young_drop=32143310)
[bactrian] decide: cycle_req=false user=false emergency=false vm_exhausted=false -> Nursery
[bactrian] schedule Nursery (marking=false, mature_pages=2670910, reserved=2728338, immix=2670910, los=21, nonmoving=0, nursery=4155, heap=5984651, sweep_pending=false, seeded=1579, enq=86421786, traced=86421786, skipped_young=0, satb=40889914, satb_young_drop=32143310)
[bactrian] decide: cycle_req=false user=false emergency=false vm_exhausted=false -> Nursery
[bactrian] schedule Nursery (marking=false, mature_pages=2675065, reserved=2732704, immix=2675065, los=21, nonmoving=0, nursery=4021, heap=5993961, sweep_pending=false, seeded=1579, enq=86421786, traced=86421786, skipped_young=0, satb=40889914, satb_young_drop=32143310)
[bactrian] decide: cycle_req=false user=false emergency=false vm_exhausted=false -> Nursery
[bactrian] schedule Nursery (marking=false, mature_pages=2675742, reserved=2733259, immix=2675742, los=21, nonmoving=0, nursery=4155, heap=5995477, sweep_pending=false, seeded=1579, enq=86421786, traced=86421786, skipped_young=0, satb=40889914, satb_young_drop=32143310)
[bactrian] decide: cycle_req=false user=false emergency=false vm_exhausted=false -> Nursery
[bactrian] schedule Nursery (marking=false, mature_pages=2675827, reserved=2733346, immix=2675827, los=21, nonmoving=0, nursery=4021, heap=5995668, sweep_pending=false, seeded=1579, enq=86421786, traced=86421786, skipped_young=0, satb=40889914, satb_young_drop=32143310)
[bactrian] decide: cycle_req=false user=false emergency=false vm_exhausted=false -> Nursery
[bactrian] schedule Nursery (marking=false, mature_pages=2675916, reserved=2733437, immix=2675916, los=21, nonmoving=0, nursery=4155, heap=5995869, sweep_pending=false, seeded=1579, enq=86421786, traced=86421786, skipped_young=0, satb=40889914, satb_young_drop=32143310)
[bactrian] decide: cycle_req=false user=false emergency=false vm_exhausted=false -> Nursery
[bactrian] schedule Nursery (marking=false, mature_pages=2676002, reserved=2733524, immix=2676002, los=21, nonmoving=0, nursery=4021, heap=5996060, sweep_pending=false, seeded=1579, enq=86421786, traced=86421786, skipped_young=0, satb=40889914, satb_young_drop=32143310)
[bactrian] decide: cycle_req=false user=false emergency=false vm_exhausted=false -> Nursery
[bactrian] schedule Nursery (marking=false, mature_pages=2676088, reserved=2733612, immix=2676088, los=21, nonmoving=0, nursery=4155, heap=5996254, sweep_pending=false, seeded=1579, enq=86421786, traced=86421786, skipped_young=0, satb=40889914, satb_young_drop=32143310)
[bactrian] decide: cycle_req=false user=false emergency=false vm_exhausted=false -> Nursery
[bactrian] schedule Nursery (marking=false, mature_pages=2676173, reserved=2733698, immix=2676173, los=21, nonmoving=0, nursery=4021, heap=5996443, sweep_pending=false, seeded=1579, enq=86421786, traced=86421786, skipped_young=0, satb=40889914, satb_young_drop=32143310)
[bactrian] decide: cycle_req=false user=false emergency=false vm_exhausted=false -> Nursery
[bactrian] schedule Nursery (marking=false, mature_pages=2676263, reserved=2733790, immix=2676263, los=21, nonmoving=0, nursery=4155, heap=5996645, sweep_pending=false, seeded=1579, enq=86421786, traced=86421786, skipped_young=0, satb=40889914, satb_young_drop=32143310)
[bactrian] decide: cycle_req=false user=false emergency=false vm_exhausted=false -> Nursery
[bactrian] schedule Nursery (marking=false, mature_pages=2676348, reserved=2734011, immix=2676348, los=21, nonmoving=0, nursery=4021, heap=5996837, sweep_pending=false, seeded=1579, enq=86421786, traced=86421786, skipped_young=0, satb=40889914, satb_young_drop=32143310)
[bactrian] decide: cycle_req=false user=false emergency=false vm_exhausted=false -> Nursery
[bactrian] schedule Nursery (marking=false, mature_pages=2676434, reserved=2733964, immix=2676434, los=21, nonmoving=0, nursery=4021, heap=5997028, sweep_pending=false, seeded=1579, enq=86421786, traced=86421786, skipped_young=0, satb=40889914, satb_young_drop=32143310)
[bactrian] decide: cycle_req=false user=false emergency=false vm_exhausted=false -> Nursery
[bactrian] schedule Nursery (marking=false, mature_pages=2677179, reserved=2734723, immix=2677179, los=21, nonmoving=0, nursery=4155, heap=5998698, sweep_pending=false, seeded=1579, enq=86421786, traced=86421786, skipped_young=0, satb=40889914, satb_young_drop=32143310)
[bactrian] decide: cycle_req=false user=false emergency=false vm_exhausted=false -> Nursery
[bactrian] schedule Nursery (marking=false, mature_pages=2681334, reserved=2739089, immix=2681334, los=21, nonmoving=0, nursery=4021, heap=6008008, sweep_pending=false, seeded=1579, enq=86421786, traced=86421786, skipped_young=0, satb=40889914, satb_young_drop=32143310)
[bactrian] decide: cycle_req=false user=false emergency=false vm_exhausted=false -> Nursery
[bactrian] schedule Nursery (marking=false, mature_pages=2685489, reserved=2743321, immix=2685489, los=21, nonmoving=0, nursery=4021, heap=6017319, sweep_pending=false, seeded=1579, enq=86421786, traced=86421786, skipped_young=0, satb=40889914, satb_young_drop=32143310)
[bactrian] decide: cycle_req=false user=false emergency=false vm_exhausted=false -> Nursery
[bactrian] schedule Nursery (marking=false, mature_pages=2689644, reserved=2747552, immix=2689644, los=21, nonmoving=0, nursery=4021, heap=6026627, sweep_pending=false, seeded=1579, enq=86421786, traced=86421786, skipped_young=0, satb=40889914, satb_young_drop=32143310)
[bactrian] decide: cycle_req=false user=false emergency=false vm_exhausted=false -> Nursery
[bactrian] schedule Nursery (marking=false, mature_pages=2693799, reserved=2751650, immix=2693799, los=21, nonmoving=0, nursery=4021, heap=6035937, sweep_pending=false, seeded=1579, enq=86421786, traced=86421786, skipped_young=0, satb=40889914, satb_young_drop=32143310)
[bactrian] decide: cycle_req=false user=false emergency=false vm_exhausted=false -> Nursery
[bactrian] schedule Nursery (marking=false, mature_pages=2697956, reserved=2756018, immix=2697956, los=21, nonmoving=0, nursery=4021, heap=6045252, sweep_pending=false, seeded=1579, enq=86421786, traced=86421786, skipped_young=0, satb=40889914, satb_young_drop=32143310)
[bactrian] decide: cycle_req=false user=false emergency=false vm_exhausted=false -> Nursery
[bactrian] schedule Nursery (marking=false, mature_pages=2702111, reserved=2760250, immix=2702111, los=21, nonmoving=0, nursery=4021, heap=6054562, sweep_pending=false, seeded=1579, enq=86421786, traced=86421786, skipped_young=0, satb=40889914, satb_young_drop=32143310)
[bactrian] decide: cycle_req=false user=false emergency=false vm_exhausted=false -> Nursery
[bactrian] schedule Nursery (marking=false, mature_pages=2706266, reserved=2764348, immix=2706266, los=21, nonmoving=0, nursery=4021, heap=6063873, sweep_pending=false, seeded=1579, enq=86421786, traced=86421786, skipped_young=0, satb=40889914, satb_young_drop=32143310)
[bactrian] decide: cycle_req=false user=false emergency=false vm_exhausted=false -> Nursery
[bactrian] schedule Nursery (marking=false, mature_pages=2710421, reserved=2768579, immix=2710421, los=21, nonmoving=0, nursery=4021, heap=6073181, sweep_pending=false, seeded=1579, enq=86421786, traced=86421786, skipped_young=0, satb=40889914, satb_young_drop=32143310)
[bactrian] decide: cycle_req=false user=false emergency=false vm_exhausted=false -> Nursery
[bactrian] schedule Nursery (marking=false, mature_pages=2714576, reserved=2772811, immix=2714576, los=21, nonmoving=0, nursery=4021, heap=6082491, sweep_pending=false, seeded=1579, enq=86421786, traced=86421786, skipped_young=0, satb=40889914, satb_young_drop=32143310)
[bactrian] decide: cycle_req=false user=false emergency=false vm_exhausted=false -> Nursery
[bactrian] schedule Nursery (marking=false, mature_pages=2718731, reserved=2777177, immix=2718731, los=21, nonmoving=0, nursery=4021, heap=6091802, sweep_pending=false, seeded=1579, enq=86421786, traced=86421786, skipped_young=0, satb=40889914, satb_young_drop=32143310)
[bactrian] decide: cycle_req=false user=false emergency=false vm_exhausted=false -> Nursery
[bactrian] schedule Nursery (marking=false, mature_pages=2722886, reserved=2781275, immix=2722886, los=21, nonmoving=0, nursery=4021, heap=6101112, sweep_pending=false, seeded=1579, enq=86421786, traced=86421786, skipped_young=0, satb=40889914, satb_young_drop=32143310)
[bactrian] decide: cycle_req=false user=false emergency=false vm_exhausted=false -> Nursery
[bactrian] schedule Nursery (marking=false, mature_pages=2727041, reserved=2785507, immix=2727041, los=21, nonmoving=0, nursery=4021, heap=6110423, sweep_pending=false, seeded=1579, enq=86421786, traced=86421786, skipped_young=0, satb=40889914, satb_young_drop=32143310)
[bactrian] decide: cycle_req=false user=false emergency=false vm_exhausted=false -> Nursery
[bactrian] schedule Nursery (marking=false, mature_pages=2731198, reserved=2789874, immix=2731198, los=21, nonmoving=0, nursery=4021, heap=6119735, sweep_pending=false, seeded=1579, enq=86421786, traced=86421786, skipped_young=0, satb=40889914, satb_young_drop=32143310)
[bactrian] decide: cycle_req=false user=false emergency=false vm_exhausted=false -> Nursery
[bactrian] schedule Nursery (marking=false, mature_pages=2735353, reserved=2793972, immix=2735353, los=21, nonmoving=0, nursery=4021, heap=6129046, sweep_pending=false, seeded=1579, enq=86421786, traced=86421786, skipped_young=0, satb=40889914, satb_young_drop=32143310)
[bactrian] decide: cycle_req=false user=false emergency=false vm_exhausted=false -> Nursery
[bactrian] schedule Nursery (marking=false, mature_pages=2739508, reserved=2798338, immix=2739508, los=21, nonmoving=0, nursery=4021, heap=6138356, sweep_pending=false, seeded=1579, enq=86421786, traced=86421786, skipped_young=0, satb=40889914, satb_young_drop=32143310)
[bactrian] decide: cycle_req=false user=false emergency=false vm_exhausted=false -> Nursery
[bactrian] schedule Nursery (marking=false, mature_pages=2743663, reserved=2802570, immix=2743663, los=21, nonmoving=0, nursery=4021, heap=6147666, sweep_pending=false, seeded=1579, enq=86421786, traced=86421786, skipped_young=0, satb=40889914, satb_young_drop=32143310)
[bactrian] decide: cycle_req=false user=false emergency=false vm_exhausted=false -> Nursery
[bactrian] schedule Nursery (marking=false, mature_pages=2747818, reserved=2806668, immix=2747818, los=21, nonmoving=0, nursery=4021, heap=6156977, sweep_pending=false, seeded=1579, enq=86421786, traced=86421786, skipped_young=0, satb=40889914, satb_young_drop=32143310)
[bactrian] decide: cycle_req=false user=false emergency=false vm_exhausted=false -> Nursery
[bactrian] schedule Nursery (marking=false, mature_pages=2751973, reserved=2810899, immix=2751973, los=21, nonmoving=0, nursery=4021, heap=6166285, sweep_pending=false, seeded=1579, enq=86421786, traced=86421786, skipped_young=0, satb=40889914, satb_young_drop=32143310)
[bactrian] decide: cycle_req=false user=false emergency=false vm_exhausted=false -> Nursery
[bactrian] schedule Nursery (marking=false, mature_pages=2756128, reserved=2815265, immix=2756128, los=21, nonmoving=0, nursery=4021, heap=6175595, sweep_pending=false, seeded=1579, enq=86421786, traced=86421786, skipped_young=0, satb=40889914, satb_young_drop=32143310)
[bactrian] decide: cycle_req=false user=false emergency=false vm_exhausted=false -> Nursery
[bactrian] schedule Nursery (marking=false, mature_pages=2760283, reserved=2819497, immix=2760283, los=21, nonmoving=0, nursery=4021, heap=6184906, sweep_pending=false, seeded=1579, enq=86421786, traced=86421786, skipped_young=0, satb=40889914, satb_young_drop=32143310)
[bactrian] decide: cycle_req=false user=false emergency=false vm_exhausted=false -> Nursery
[bactrian] schedule Nursery (marking=false, mature_pages=2764438, reserved=2823595, immix=2764438, los=21, nonmoving=0, nursery=4155, heap=6194216, sweep_pending=false, seeded=1579, enq=86421786, traced=86421786, skipped_young=0, satb=40889914, satb_young_drop=32143310)
[bactrian] decide: cycle_req=false user=false emergency=false vm_exhausted=false -> Nursery
[bactrian] schedule Nursery (marking=false, mature_pages=2768595, reserved=2827829, immix=2768595, los=21, nonmoving=0, nursery=4021, heap=6203531, sweep_pending=false, seeded=1579, enq=86421786, traced=86421786, skipped_young=0, satb=40889914, satb_young_drop=32143310)
[bactrian] decide: cycle_req=false user=false emergency=false vm_exhausted=false -> Nursery
[bactrian] schedule Nursery (marking=false, mature_pages=2772750, reserved=2832194, immix=2772750, los=21, nonmoving=0, nursery=4021, heap=6212839, sweep_pending=false, seeded=1579, enq=86421786, traced=86421786, skipped_young=0, satb=40889914, satb_young_drop=32143310)
[bactrian] decide: cycle_req=false user=false emergency=false vm_exhausted=false -> Nursery
[bactrian] schedule Nursery (marking=false, mature_pages=2776905, reserved=2836292, immix=2776905, los=21, nonmoving=0, nursery=4155, heap=6222150, sweep_pending=false, seeded=1579, enq=86421786, traced=86421786, skipped_young=0, satb=40889914, satb_young_drop=32143310)
[bactrian] decide: cycle_req=false user=false emergency=false vm_exhausted=false -> Nursery
[bactrian] schedule Nursery (marking=false, mature_pages=2781060, reserved=2840524, immix=2781060, los=21, nonmoving=0, nursery=4021, heap=6231460, sweep_pending=false, seeded=1579, enq=86421786, traced=86421786, skipped_young=0, satb=40889914, satb_young_drop=32143310)
[bactrian] decide: cycle_req=false user=false emergency=false vm_exhausted=false -> Nursery
[bactrian] schedule Nursery (marking=false, mature_pages=2785215, reserved=2844756, immix=2785215, los=21, nonmoving=0, nursery=4021, heap=6240770, sweep_pending=false, seeded=1579, enq=86421786, traced=86421786, skipped_young=0, satb=40889914, satb_young_drop=32143310)
[bactrian] decide: cycle_req=false user=false emergency=false vm_exhausted=false -> Nursery
[bactrian] schedule Nursery (marking=false, mature_pages=2789370, reserved=2849122, immix=2789370, los=21, nonmoving=0, nursery=4021, heap=6250081, sweep_pending=false, seeded=1579, enq=86421786, traced=86421786, skipped_young=0, satb=40889914, satb_young_drop=32143310)
[bactrian] decide: cycle_req=false user=false emergency=false vm_exhausted=false -> Nursery
[bactrian] schedule Nursery (marking=false, mature_pages=2793525, reserved=2853353, immix=2793525, los=21, nonmoving=0, nursery=4021, heap=6259389, sweep_pending=false, seeded=1579, enq=86421786, traced=86421786, skipped_young=0, satb=40889914, satb_young_drop=32143310)
[bactrian] decide: cycle_req=false user=false emergency=false vm_exhausted=false -> Nursery
[bactrian] schedule Nursery (marking=false, mature_pages=2797680, reserved=2857451, immix=2797680, los=21, nonmoving=0, nursery=4021, heap=6268699, sweep_pending=false, seeded=1579, enq=86421786, traced=86421786, skipped_young=0, satb=40889914, satb_young_drop=32143310)
[bactrian] decide: cycle_req=false user=false emergency=false vm_exhausted=false -> Nursery
[bactrian] schedule Nursery (marking=false, mature_pages=2801837, reserved=2861819, immix=2801837, los=21, nonmoving=0, nursery=4021, heap=6278014, sweep_pending=false, seeded=1579, enq=86421786, traced=86421786, skipped_young=0, satb=40889914, satb_young_drop=32143310)
[bactrian] decide: cycle_req=false user=false emergency=false vm_exhausted=false -> Nursery
[bactrian] schedule Nursery (marking=false, mature_pages=2805992, reserved=2865917, immix=2805992, los=21, nonmoving=0, nursery=4155, heap=6287325, sweep_pending=false, seeded=1579, enq=86421786, traced=86421786, skipped_young=0, satb=40889914, satb_young_drop=32143310)
[bactrian] decide: cycle_req=false user=false emergency=false vm_exhausted=false -> Nursery
[bactrian] schedule Nursery (marking=false, mature_pages=2810147, reserved=2870149, immix=2810147, los=21, nonmoving=0, nursery=4021, heap=6296635, sweep_pending=false, seeded=1579, enq=86421786, traced=86421786, skipped_young=0, satb=40889914, satb_young_drop=32143310)
[bactrian] decide: cycle_req=false user=false emergency=false vm_exhausted=false -> Nursery
[bactrian] schedule Nursery (marking=false, mature_pages=2814302, reserved=2874514, immix=2814302, los=21, nonmoving=0, nursery=4021, heap=6305943, sweep_pending=false, seeded=1579, enq=86421786, traced=86421786, skipped_young=0, satb=40889914, satb_young_drop=32143310)
[bactrian] decide: cycle_req=false user=false emergency=false vm_exhausted=false -> Nursery
[bactrian] schedule Nursery (marking=false, mature_pages=2818457, reserved=2878612, immix=2818457, los=21, nonmoving=0, nursery=4021, heap=6315254, sweep_pending=false, seeded=1579, enq=86421786, traced=86421786, skipped_young=0, satb=40889914, satb_young_drop=32143310)
[bactrian] decide: cycle_req=false user=false emergency=false vm_exhausted=false -> Nursery
[bactrian] schedule Nursery (marking=false, mature_pages=2822612, reserved=2882844, immix=2822612, los=21, nonmoving=0, nursery=4021, heap=6324564, sweep_pending=false, seeded=1579, enq=86421786, traced=86421786, skipped_young=0, satb=40889914, satb_young_drop=32143310)
[bactrian] decide: cycle_req=false user=false emergency=false vm_exhausted=false -> Nursery
[bactrian] schedule Nursery (marking=false, mature_pages=2826767, reserved=2887076, immix=2826767, los=21, nonmoving=0, nursery=4021, heap=6333874, sweep_pending=false, seeded=1579, enq=86421786, traced=86421786, skipped_young=0, satb=40889914, satb_young_drop=32143310)
[bactrian] decide: cycle_req=false user=false emergency=false vm_exhausted=false -> Nursery
[bactrian] schedule Nursery (marking=false, mature_pages=2830922, reserved=2891442, immix=2830922, los=21, nonmoving=0, nursery=4155, heap=6343185, sweep_pending=false, seeded=1579, enq=86421786, traced=86421786, skipped_young=0, satb=40889914, satb_young_drop=32143310)
[bactrian] decide: cycle_req=false user=false emergency=false vm_exhausted=false -> Nursery
[bactrian] schedule Nursery (marking=false, mature_pages=2835077, reserved=2895539, immix=2835077, los=21, nonmoving=0, nursery=4155, heap=6352493, sweep_pending=false, seeded=1579, enq=86421786, traced=86421786, skipped_young=0, satb=40889914, satb_young_drop=32143310)
[bactrian] decide: cycle_req=false user=false emergency=false vm_exhausted=false -> Nursery
[bactrian] schedule Nursery (marking=false, mature_pages=2839234, reserved=2899773, immix=2839234, los=21, nonmoving=0, nursery=4021, heap=6361808, sweep_pending=false, seeded=1579, enq=86421786, traced=86421786, skipped_young=0, satb=40889914, satb_young_drop=32143310)
[bactrian] decide: cycle_req=false user=false emergency=false vm_exhausted=false -> Nursery
[bactrian] schedule Nursery (marking=false, mature_pages=2843389, reserved=2904139, immix=2843389, los=21, nonmoving=0, nursery=4021, heap=6371118, sweep_pending=false, seeded=1579, enq=86421786, traced=86421786, skipped_young=0, satb=40889914, satb_young_drop=32143310)
[bactrian] decide: cycle_req=false user=false emergency=false vm_exhausted=false -> Nursery
[bactrian] schedule Nursery (marking=false, mature_pages=2847544, reserved=2908237, immix=2847544, los=21, nonmoving=0, nursery=4021, heap=6380429, sweep_pending=false, seeded=1579, enq=86421786, traced=86421786, skipped_young=0, satb=40889914, satb_young_drop=32143310)
[bactrian] decide: cycle_req=false user=false emergency=false vm_exhausted=false -> Nursery
[bactrian] schedule Nursery (marking=false, mature_pages=2851699, reserved=2912469, immix=2851699, los=21, nonmoving=0, nursery=4155, heap=6389739, sweep_pending=false, seeded=1579, enq=86421786, traced=86421786, skipped_young=0, satb=40889914, satb_young_drop=32143310)
[bactrian] decide: cycle_req=false user=false emergency=false vm_exhausted=false -> Nursery
[bactrian] schedule Nursery (marking=false, mature_pages=2855854, reserved=2916834, immix=2855854, los=21, nonmoving=0, nursery=4021, heap=6399047, sweep_pending=false, seeded=1579, enq=86421786, traced=86421786, skipped_young=0, satb=40889914, satb_young_drop=32143310)
[bactrian] decide: cycle_req=false user=false emergency=false vm_exhausted=false -> Nursery
[bactrian] schedule Nursery (marking=false, mature_pages=2860009, reserved=2920932, immix=2860009, los=21, nonmoving=0, nursery=4021, heap=6408358, sweep_pending=false, seeded=1579, enq=86421786, traced=86421786, skipped_young=0, satb=40889914, satb_young_drop=32143310)
[bactrian] decide: cycle_req=false user=false emergency=false vm_exhausted=false -> Nursery
[bactrian] schedule Nursery (marking=false, mature_pages=2864164, reserved=2925298, immix=2864164, los=21, nonmoving=0, nursery=4021, heap=6417668, sweep_pending=false, seeded=1579, enq=86421786, traced=86421786, skipped_young=0, satb=40889914, satb_young_drop=32143310)
[bactrian] decide: cycle_req=false user=false emergency=false vm_exhausted=false -> Nursery
[bactrian] schedule Nursery (marking=false, mature_pages=2868319, reserved=2929396, immix=2868319, los=21, nonmoving=0, nursery=4021, heap=6426978, sweep_pending=false, seeded=1579, enq=86421786, traced=86421786, skipped_young=0, satb=40889914, satb_young_drop=32143310)
[bactrian] decide: cycle_req=false user=false emergency=false vm_exhausted=false -> Nursery
[bactrian] schedule Nursery (marking=false, mature_pages=2872476, reserved=2933764, immix=2872476, los=21, nonmoving=0, nursery=4021, heap=6436293, sweep_pending=false, seeded=1579, enq=86421786, traced=86421786, skipped_young=0, satb=40889914, satb_young_drop=32143310)
[bactrian] decide: cycle_req=false user=false emergency=false vm_exhausted=false -> Nursery
[bactrian] schedule Nursery (marking=false, mature_pages=2876631, reserved=2937861, immix=2876631, los=21, nonmoving=0, nursery=4021, heap=6445601, sweep_pending=false, seeded=1579, enq=86421786, traced=86421786, skipped_young=0, satb=40889914, satb_young_drop=32143310)
[bactrian] decide: cycle_req=false user=false emergency=false vm_exhausted=false -> Nursery
[bactrian] schedule Nursery (marking=false, mature_pages=2880786, reserved=2942093, immix=2880786, los=21, nonmoving=0, nursery=4021, heap=6454912, sweep_pending=false, seeded=1579, enq=86421786, traced=86421786, skipped_young=0, satb=40889914, satb_young_drop=32143310)
[bactrian] decide: cycle_req=false user=false emergency=false vm_exhausted=false -> Nursery
[bactrian] schedule Nursery (marking=false, mature_pages=2884941, reserved=2946325, immix=2884941, los=21, nonmoving=0, nursery=4021, heap=6464222, sweep_pending=false, seeded=1579, enq=86421786, traced=86421786, skipped_young=0, satb=40889914, satb_young_drop=32143310)
[bactrian] decide: cycle_req=false user=false emergency=false vm_exhausted=false -> Nursery
[bactrian] schedule Nursery (marking=false, mature_pages=2889096, reserved=2950557, immix=2889096, los=21, nonmoving=0, nursery=4021, heap=6473533, sweep_pending=false, seeded=1579, enq=86421786, traced=86421786, skipped_young=0, satb=40889914, satb_young_drop=32143310)
[bactrian] decide: cycle_req=false user=false emergency=false vm_exhausted=false -> Nursery
[bactrian] schedule Nursery (marking=false, mature_pages=2893251, reserved=2954789, immix=2893251, los=21, nonmoving=0, nursery=4021, heap=6482843, sweep_pending=false, seeded=1579, enq=86421786, traced=86421786, skipped_young=0, satb=40889914, satb_young_drop=32143310)
[bactrian] decide: cycle_req=false user=false emergency=false vm_exhausted=false -> Nursery
[bactrian] schedule Nursery (marking=false, mature_pages=2897406, reserved=2959020, immix=2897406, los=21, nonmoving=0, nursery=4021, heap=6492151, sweep_pending=false, seeded=1579, enq=86421786, traced=86421786, skipped_young=0, satb=40889914, satb_young_drop=32143310)
[bactrian] decide: cycle_req=false user=false emergency=false vm_exhausted=false -> Nursery
[bactrian] schedule Nursery (marking=false, mature_pages=2901561, reserved=2963386, immix=2901561, los=21, nonmoving=0, nursery=4021, heap=6501462, sweep_pending=false, seeded=1579, enq=86421786, traced=86421786, skipped_young=0, satb=40889914, satb_young_drop=32143310)
[bactrian] decide: cycle_req=false user=false emergency=false vm_exhausted=false -> Nursery
[bactrian] schedule Nursery (marking=false, mature_pages=2905716, reserved=2967618, immix=2905716, los=21, nonmoving=0, nursery=4021, heap=6510772, sweep_pending=false, seeded=1579, enq=86421786, traced=86421786, skipped_young=0, satb=40889914, satb_young_drop=32143310)
[bactrian] decide: cycle_req=false user=false emergency=false vm_exhausted=false -> Nursery
[bactrian] schedule Nursery (marking=false, mature_pages=2909873, reserved=2971718, immix=2909873, los=21, nonmoving=0, nursery=4021, heap=6520087, sweep_pending=false, seeded=1579, enq=86421786, traced=86421786, skipped_young=0, satb=40889914, satb_young_drop=32143310)
[bactrian] decide: cycle_req=false user=false emergency=false vm_exhausted=false -> Nursery
[bactrian] schedule Nursery (marking=false, mature_pages=2914028, reserved=2975950, immix=2914028, los=21, nonmoving=0, nursery=4021, heap=6529397, sweep_pending=false, seeded=1579, enq=86421786, traced=86421786, skipped_young=0, satb=40889914, satb_young_drop=32143310)
[bactrian] decide: cycle_req=false user=false emergency=false vm_exhausted=false -> Nursery
[bactrian] schedule Nursery (marking=false, mature_pages=2918183, reserved=2980315, immix=2918183, los=21, nonmoving=0, nursery=4021, heap=6538705, sweep_pending=false, seeded=1579, enq=86421786, traced=86421786, skipped_young=0, satb=40889914, satb_young_drop=32143310)
[bactrian] decide: cycle_req=false user=false emergency=false vm_exhausted=false -> Nursery
[bactrian] schedule Nursery (marking=false, mature_pages=2922338, reserved=2984547, immix=2922338, los=21, nonmoving=0, nursery=4021, heap=6548016, sweep_pending=false, seeded=1579, enq=86421786, traced=86421786, skipped_young=0, satb=40889914, satb_young_drop=32143310)
[bactrian] decide: cycle_req=false user=false emergency=false vm_exhausted=false -> Nursery
[bactrian] schedule Nursery (marking=false, mature_pages=2926493, reserved=2988645, immix=2926493, los=21, nonmoving=0, nursery=4155, heap=6557326, sweep_pending=false, seeded=1579, enq=86421786, traced=86421786, skipped_young=0, satb=40889914, satb_young_drop=32143310)
[bactrian] decide: cycle_req=false user=false emergency=false vm_exhausted=false -> Nursery
[bactrian] schedule Nursery (marking=false, mature_pages=2930648, reserved=2992877, immix=2930648, los=21, nonmoving=0, nursery=4021, heap=6566637, sweep_pending=false, seeded=1579, enq=86421786, traced=86421786, skipped_young=0, satb=40889914, satb_young_drop=32143310)
[bactrian] decide: cycle_req=false user=false emergency=false vm_exhausted=false -> Nursery
[bactrian] schedule Nursery (marking=false, mature_pages=2934803, reserved=2997109, immix=2934803, los=21, nonmoving=0, nursery=4021, heap=6575947, sweep_pending=false, seeded=1579, enq=86421786, traced=86421786, skipped_young=0, satb=40889914, satb_young_drop=32143310)
[bactrian] decide: cycle_req=false user=false emergency=false vm_exhausted=false -> Nursery
[bactrian] schedule Nursery (marking=false, mature_pages=2938958, reserved=3001340, immix=2938958, los=21, nonmoving=0, nursery=4021, heap=6585255, sweep_pending=false, seeded=1579, enq=86421786, traced=86421786, skipped_young=0, satb=40889914, satb_young_drop=32143310)
[bactrian] decide: cycle_req=false user=false emergency=false vm_exhausted=false -> Nursery
[bactrian] schedule Nursery (marking=false, mature_pages=2943115, reserved=3005708, immix=2943115, los=21, nonmoving=0, nursery=4021, heap=6594570, sweep_pending=false, seeded=1579, enq=86421786, traced=86421786, skipped_young=0, satb=40889914, satb_young_drop=32143310)
[bactrian] decide: cycle_req=false user=false emergency=false vm_exhausted=false -> Nursery
[bactrian] schedule Nursery (marking=false, mature_pages=2947270, reserved=3009806, immix=2947270, los=21, nonmoving=0, nursery=4021, heap=6603880, sweep_pending=false, seeded=1579, enq=86421786, traced=86421786, skipped_young=0, satb=40889914, satb_young_drop=32143310)
[bactrian] decide: cycle_req=false user=false emergency=false vm_exhausted=false -> Nursery
[bactrian] schedule Nursery (marking=false, mature_pages=2951425, reserved=3014038, immix=2951425, los=21, nonmoving=0, nursery=4021, heap=6613191, sweep_pending=false, seeded=1579, enq=86421786, traced=86421786, skipped_young=0, satb=40889914, satb_young_drop=32143310)
[bactrian] decide: cycle_req=false user=false emergency=false vm_exhausted=false -> Nursery
[bactrian] schedule Nursery (marking=false, mature_pages=2955580, reserved=3018270, immix=2955580, los=21, nonmoving=0, nursery=4155, heap=6622501, sweep_pending=false, seeded=1579, enq=86421786, traced=86421786, skipped_young=0, satb=40889914, satb_young_drop=32143310)
[bactrian] decide: cycle_req=false user=false emergency=false vm_exhausted=false -> Nursery
[bactrian] schedule Nursery (marking=false, mature_pages=2959735, reserved=3022501, immix=2959735, los=21, nonmoving=0, nursery=4021, heap=6631809, sweep_pending=false, seeded=1579, enq=86421786, traced=86421786, skipped_young=0, satb=40889914, satb_young_drop=32143310)
[bactrian] decide: cycle_req=false user=false emergency=false vm_exhausted=false -> Nursery
[bactrian] schedule Nursery (marking=false, mature_pages=2963890, reserved=3026867, immix=2963890, los=21, nonmoving=0, nursery=4021, heap=6641120, sweep_pending=false, seeded=1579, enq=86421786, traced=86421786, skipped_young=0, satb=40889914, satb_young_drop=32143310)
[bactrian] decide: cycle_req=false user=false emergency=false vm_exhausted=false -> Nursery
[bactrian] schedule Nursery (marking=false, mature_pages=2968045, reserved=3031099, immix=2968045, los=21, nonmoving=0, nursery=4021, heap=6650430, sweep_pending=false, seeded=1579, enq=86421786, traced=86421786, skipped_young=0, satb=40889914, satb_young_drop=32143310)
[bactrian] decide: cycle_req=false user=false emergency=false vm_exhausted=false -> Nursery
[bactrian] schedule Nursery (marking=false, mature_pages=2972200, reserved=3035331, immix=2972200, los=21, nonmoving=0, nursery=4155, heap=6659741, sweep_pending=false, seeded=1579, enq=86421786, traced=86421786, skipped_young=0, satb=40889914, satb_young_drop=32143310)
[bactrian] decide: cycle_req=false user=false emergency=false vm_exhausted=false -> Nursery
[bactrian] schedule Nursery (marking=false, mature_pages=2976355, reserved=3039429, immix=2976355, los=21, nonmoving=0, nursery=4021, heap=6669051, sweep_pending=false, seeded=1579, enq=86421786, traced=86421786, skipped_young=0, satb=40889914, satb_young_drop=32143310)
[bactrian] decide: cycle_req=false user=false emergency=false vm_exhausted=false -> Nursery
[bactrian] schedule Nursery (marking=false, mature_pages=2980512, reserved=3043662, immix=2980512, los=21, nonmoving=0, nursery=4021, heap=6678364, sweep_pending=false, seeded=1579, enq=86421786, traced=86421786, skipped_young=0, satb=40889914, satb_young_drop=32143310)
[bactrian] decide: cycle_req=false user=false emergency=false vm_exhausted=false -> Nursery
[bactrian] schedule Nursery (marking=false, mature_pages=2984667, reserved=3048028, immix=2984667, los=21, nonmoving=0, nursery=4021, heap=6687674, sweep_pending=false, seeded=1579, enq=86421786, traced=86421786, skipped_young=0, satb=40889914, satb_young_drop=32143310)
[bactrian] decide: cycle_req=false user=false emergency=false vm_exhausted=false -> Nursery
[bactrian] schedule Nursery (marking=false, mature_pages=2988822, reserved=3052126, immix=2988822, los=21, nonmoving=0, nursery=4155, heap=6696984, sweep_pending=false, seeded=1579, enq=86421786, traced=86421786, skipped_young=0, satb=40889914, satb_young_drop=32143310)
[bactrian] decide: cycle_req=false user=false emergency=false vm_exhausted=false -> Nursery
[bactrian] schedule Nursery (marking=false, mature_pages=2992977, reserved=3056492, immix=2992977, los=21, nonmoving=0, nursery=4021, heap=6706295, sweep_pending=false, seeded=1579, enq=86421786, traced=86421786, skipped_young=0, satb=40889914, satb_young_drop=32143310)
[bactrian] decide: cycle_req=false user=false emergency=false vm_exhausted=false -> Nursery
[bactrian] schedule Nursery (marking=false, mature_pages=2997132, reserved=3060590, immix=2997132, los=21, nonmoving=0, nursery=4021, heap=6715605, sweep_pending=false, seeded=1579, enq=86421786, traced=86421786, skipped_young=0, satb=40889914, satb_young_drop=32143310)
[bactrian] decide: cycle_req=false user=false emergency=false vm_exhausted=false -> Nursery
[bactrian] schedule Nursery (marking=false, mature_pages=3001287, reserved=3064821, immix=3001287, los=21, nonmoving=0, nursery=4021, heap=6724913, sweep_pending=false, seeded=1579, enq=86421786, traced=86421786, skipped_young=0, satb=40889914, satb_young_drop=32143310)
[bactrian] decide: cycle_req=false user=false emergency=false vm_exhausted=false -> Nursery
[bactrian] schedule Nursery (marking=false, mature_pages=3005442, reserved=3069053, immix=3005442, los=21, nonmoving=0, nursery=4021, heap=6734224, sweep_pending=false, seeded=1579, enq=86421786, traced=86421786, skipped_young=0, satb=40889914, satb_young_drop=32143310)
[bactrian] decide: cycle_req=false user=false emergency=false vm_exhausted=false -> Nursery
[bactrian] schedule Nursery (marking=false, mature_pages=3009597, reserved=3073285, immix=3009597, los=21, nonmoving=0, nursery=4021, heap=6743534, sweep_pending=false, seeded=1579, enq=86421786, traced=86421786, skipped_young=0, satb=40889914, satb_young_drop=32143310)
[bactrian] decide: cycle_req=false user=false emergency=false vm_exhausted=false -> Nursery
[bactrian] schedule Nursery (marking=false, mature_pages=3009683, reserved=3073373, immix=3009683, los=21, nonmoving=0, nursery=4021, heap=6743728, sweep_pending=false, seeded=1579, enq=86421786, traced=86421786, skipped_young=0, satb=40889914, satb_young_drop=32143310)
[bactrian] decide: cycle_req=false user=false emergency=false vm_exhausted=false -> Nursery
[bactrian] schedule Nursery (marking=false, mature_pages=3009768, reserved=3073459, immix=3009768, los=21, nonmoving=0, nursery=4021, heap=6743917, sweep_pending=false, seeded=1579, enq=86421786, traced=86421786, skipped_young=0, satb=40889914, satb_young_drop=32143310)
[bactrian] decide: cycle_req=false user=false emergency=false vm_exhausted=false -> Nursery
[bactrian] schedule Nursery (marking=false, mature_pages=3009858, reserved=3073551, immix=3009858, los=21, nonmoving=0, nursery=4155, heap=6744119, sweep_pending=false, seeded=1579, enq=86421786, traced=86421786, skipped_young=0, satb=40889914, satb_young_drop=32143310)
[bactrian] decide: cycle_req=false user=false emergency=false vm_exhausted=false -> Nursery
[bactrian] schedule Nursery (marking=false, mature_pages=3009943, reserved=3073637, immix=3009943, los=21, nonmoving=0, nursery=4021, heap=6744309, sweep_pending=false, seeded=1579, enq=86421786, traced=86421786, skipped_young=0, satb=40889914, satb_young_drop=32143310)
[bactrian] decide: cycle_req=false user=false emergency=false vm_exhausted=false -> Nursery
[bactrian] schedule Nursery (marking=false, mature_pages=3010029, reserved=3073725, immix=3010029, los=21, nonmoving=0, nursery=4155, heap=6744502, sweep_pending=false, seeded=1579, enq=86421786, traced=86421786, skipped_young=0, satb=40889914, satb_young_drop=32143310)
[bactrian] decide: cycle_req=false user=false emergency=false vm_exhausted=false -> Nursery
[bactrian] schedule Nursery (marking=false, mature_pages=3010115, reserved=3073813, immix=3010115, los=21, nonmoving=0, nursery=4021, heap=6744696, sweep_pending=false, seeded=1579, enq=86421786, traced=86421786, skipped_young=0, satb=40889914, satb_young_drop=32143310)
[bactrian] decide: cycle_req=false user=false emergency=false vm_exhausted=false -> Nursery
[bactrian] schedule Nursery (marking=false, mature_pages=3010204, reserved=3073903, immix=3010204, los=21, nonmoving=0, nursery=4021, heap=6744894, sweep_pending=false, seeded=1579, enq=86421786, traced=86421786, skipped_young=0, satb=40889914, satb_young_drop=32143310)
[bactrian] decide: cycle_req=false user=false emergency=false vm_exhausted=false -> Nursery
[bactrian] schedule Nursery (marking=false, mature_pages=3010289, reserved=3074124, immix=3010289, los=21, nonmoving=0, nursery=4021, heap=6745085, sweep_pending=false, seeded=1579, enq=86421786, traced=86421786, skipped_young=0, satb=40889914, satb_young_drop=32143310)
[bactrian] decide: cycle_req=false user=false emergency=false vm_exhausted=false -> Nursery
[bactrian] schedule Nursery (marking=false, mature_pages=3010376, reserved=3074346, immix=3010376, los=21, nonmoving=0, nursery=4021, heap=6745279, sweep_pending=false, seeded=1579, enq=86421786, traced=86421786, skipped_young=0, satb=40889914, satb_young_drop=32143310)
[bactrian] decide: cycle_req=false user=false emergency=false vm_exhausted=false -> Nursery
[bactrian] schedule Nursery (marking=false, mature_pages=3011715, reserved=3075576, immix=3011715, los=21, nonmoving=0, nursery=4021, heap=6748280, sweep_pending=false, seeded=1579, enq=86421786, traced=86421786, skipped_young=0, satb=40889914, satb_young_drop=32143310)
[bactrian] decide: cycle_req=false user=false emergency=false vm_exhausted=false -> Nursery
[bactrian] schedule Nursery (marking=false, mature_pages=3015872, reserved=3079676, immix=3015872, los=21, nonmoving=0, nursery=4021, heap=6757594, sweep_pending=false, seeded=1579, enq=86421786, traced=86421786, skipped_young=0, satb=40889914, satb_young_drop=32143310)
[bactrian] decide: cycle_req=false user=false emergency=false vm_exhausted=false -> Nursery
[bactrian] schedule Nursery (marking=false, mature_pages=3020027, reserved=3083908, immix=3020027, los=21, nonmoving=0, nursery=4021, heap=6766905, sweep_pending=false, seeded=1579, enq=86421786, traced=86421786, skipped_young=0, satb=40889914, satb_young_drop=32143310)
[bactrian] decide: cycle_req=false user=false emergency=false vm_exhausted=false -> Nursery
[bactrian] schedule Nursery (marking=false, mature_pages=3024182, reserved=3088140, immix=3024182, los=21, nonmoving=0, nursery=4021, heap=6776215, sweep_pending=false, seeded=1579, enq=86421786, traced=86421786, skipped_young=0, satb=40889914, satb_young_drop=32143310)
[bactrian] decide: cycle_req=false user=false emergency=false vm_exhausted=false -> Nursery
[bactrian] schedule Nursery (marking=false, mature_pages=3028337, reserved=3092371, immix=3028337, los=21, nonmoving=0, nursery=4021, heap=6785523, sweep_pending=false, seeded=1579, enq=86421786, traced=86421786, skipped_young=0, satb=40889914, satb_young_drop=32143310)
[bactrian] decide: cycle_req=false user=false emergency=false vm_exhausted=false -> Nursery
[bactrian] schedule Nursery (marking=false, mature_pages=3032492, reserved=3096737, immix=3032492, los=21, nonmoving=0, nursery=4021, heap=6794834, sweep_pending=false, seeded=1579, enq=86421786, traced=86421786, skipped_young=0, satb=40889914, satb_young_drop=32143310)
[bactrian] decide: cycle_req=false user=false emergency=false vm_exhausted=false -> Nursery
[bactrian] schedule Nursery (marking=false, mature_pages=3036647, reserved=3100835, immix=3036647, los=21, nonmoving=0, nursery=4021, heap=6804144, sweep_pending=false, seeded=1579, enq=86421786, traced=86421786, skipped_young=0, satb=40889914, satb_young_drop=32143310)
[bactrian] decide: cycle_req=false user=false emergency=false vm_exhausted=false -> Nursery
[bactrian] schedule Nursery (marking=false, mature_pages=3040802, reserved=3105067, immix=3040802, los=21, nonmoving=0, nursery=4021, heap=6813455, sweep_pending=false, seeded=1579, enq=86421786, traced=86421786, skipped_young=0, satb=40889914, satb_young_drop=32143310)
[bactrian] decide: cycle_req=false user=false emergency=false vm_exhausted=false -> Nursery
[bactrian] schedule Nursery (marking=false, mature_pages=3044957, reserved=3109299, immix=3044957, los=21, nonmoving=0, nursery=4021, heap=6822765, sweep_pending=false, seeded=1579, enq=86421786, traced=86421786, skipped_young=0, satb=40889914, satb_young_drop=32143310)
[bactrian] decide: cycle_req=false user=false emergency=false vm_exhausted=false -> Nursery
[bactrian] schedule Nursery (marking=false, mature_pages=3049112, reserved=3113530, immix=3049112, los=21, nonmoving=0, nursery=4021, heap=6832073, sweep_pending=false, seeded=1579, enq=86421786, traced=86421786, skipped_young=0, satb=40889914, satb_young_drop=32143310)
[bactrian] decide: cycle_req=false user=false emergency=false vm_exhausted=false -> Nursery
[bactrian] schedule Nursery (marking=false, mature_pages=3053269, reserved=3117898, immix=3053269, los=21, nonmoving=0, nursery=4021, heap=6841388, sweep_pending=false, seeded=1579, enq=86421786, traced=86421786, skipped_young=0, satb=40889914, satb_young_drop=32143310)
[bactrian] decide: cycle_req=false user=false emergency=false vm_exhausted=false -> Nursery
[bactrian] schedule Nursery (marking=false, mature_pages=3057424, reserved=3121996, immix=3057424, los=21, nonmoving=0, nursery=4021, heap=6850698, sweep_pending=false, seeded=1579, enq=86421786, traced=86421786, skipped_young=0, satb=40889914, satb_young_drop=32143310)
[bactrian] decide: cycle_req=false user=false emergency=false vm_exhausted=false -> Nursery
[bactrian] schedule Nursery (marking=false, mature_pages=3061579, reserved=3126228, immix=3061579, los=21, nonmoving=0, nursery=4021, heap=6860009, sweep_pending=false, seeded=1579, enq=86421786, traced=86421786, skipped_young=0, satb=40889914, satb_young_drop=32143310)
[bactrian] decide: cycle_req=false user=false emergency=false vm_exhausted=false -> Nursery
[bactrian] schedule Nursery (marking=false, mature_pages=3065734, reserved=3130594, immix=3065734, los=21, nonmoving=0, nursery=4155, heap=6869319, sweep_pending=false, seeded=1579, enq=86421786, traced=86421786, skipped_young=0, satb=40889914, satb_young_drop=32143310)
[bactrian] decide: cycle_req=false user=false emergency=false vm_exhausted=false -> Nursery
[bactrian] schedule Nursery (marking=false, mature_pages=3069889, reserved=3134691, immix=3069889, los=21, nonmoving=0, nursery=4021, heap=6878627, sweep_pending=false, seeded=1579, enq=86421786, traced=86421786, skipped_young=0, satb=40889914, satb_young_drop=32143310)
[bactrian] decide: cycle_req=false user=false emergency=false vm_exhausted=false -> Nursery
[bactrian] schedule Nursery (marking=false, mature_pages=3074044, reserved=3138923, immix=3074044, los=21, nonmoving=0, nursery=4021, heap=6887938, sweep_pending=false, seeded=1579, enq=86421786, traced=86421786, skipped_young=0, satb=40889914, satb_young_drop=32143310)
[bactrian] decide: cycle_req=false user=false emergency=false vm_exhausted=false -> Nursery
[bactrian] schedule Nursery (marking=false, mature_pages=3078199, reserved=3143289, immix=3078199, los=21, nonmoving=0, nursery=4021, heap=6897248, sweep_pending=false, seeded=1579, enq=86421786, traced=86421786, skipped_young=0, satb=40889914, satb_young_drop=32143310)
[bactrian] decide: cycle_req=false user=false emergency=false vm_exhausted=false -> Nursery
[bactrian] schedule Nursery (marking=false, mature_pages=3082354, reserved=3147387, immix=3082354, los=21, nonmoving=0, nursery=4021, heap=6906559, sweep_pending=false, seeded=1579, enq=86421786, traced=86421786, skipped_young=0, satb=40889914, satb_young_drop=32143310)
[bactrian] decide: cycle_req=false user=false emergency=false vm_exhausted=false -> Nursery
[bactrian] schedule Nursery (marking=false, mature_pages=3086511, reserved=3151621, immix=3086511, los=21, nonmoving=0, nursery=4021, heap=6915873, sweep_pending=false, seeded=1579, enq=86421786, traced=86421786, skipped_young=0, satb=40889914, satb_young_drop=32143310)
[bactrian] decide: cycle_req=false user=false emergency=false vm_exhausted=false -> Nursery
[bactrian] schedule Nursery (marking=false, mature_pages=3090666, reserved=3155986, immix=3090666, los=21, nonmoving=0, nursery=4021, heap=6925182, sweep_pending=false, seeded=1579, enq=86421786, traced=86421786, skipped_young=0, satb=40889914, satb_young_drop=32143310)
[bactrian] decide: cycle_req=false user=false emergency=false vm_exhausted=false -> Nursery
[bactrian] schedule Nursery (marking=false, mature_pages=3094821, reserved=3160084, immix=3094821, los=21, nonmoving=0, nursery=4021, heap=6934492, sweep_pending=false, seeded=1579, enq=86421786, traced=86421786, skipped_young=0, satb=40889914, satb_young_drop=32143310)
[bactrian] decide: cycle_req=false user=false emergency=false vm_exhausted=false -> Nursery
[bactrian] schedule Nursery (marking=false, mature_pages=3098976, reserved=3164316, immix=3098976, los=21, nonmoving=0, nursery=4021, heap=6943802, sweep_pending=false, seeded=1579, enq=86421786, traced=86421786, skipped_young=0, satb=40889914, satb_young_drop=32143310)
[bactrian] decide: cycle_req=false user=false emergency=false vm_exhausted=false -> Nursery
[bactrian] schedule Nursery (marking=false, mature_pages=3103131, reserved=3168548, immix=3103131, los=21, nonmoving=0, nursery=4021, heap=6953113, sweep_pending=false, seeded=1579, enq=86421786, traced=86421786, skipped_young=0, satb=40889914, satb_young_drop=32143310)
[bactrian] decide: cycle_req=false user=false emergency=false vm_exhausted=false -> Nursery
[bactrian] schedule Nursery (marking=false, mature_pages=3107286, reserved=3172780, immix=3107286, los=21, nonmoving=0, nursery=4021, heap=6962423, sweep_pending=false, seeded=1579, enq=86421786, traced=86421786, skipped_young=0, satb=40889914, satb_young_drop=32143310)
[bactrian] decide: cycle_req=false user=false emergency=false vm_exhausted=false -> Nursery
[bactrian] schedule Nursery (marking=false, mature_pages=3111441, reserved=3177011, immix=3111441, los=21, nonmoving=0, nursery=4021, heap=6971731, sweep_pending=false, seeded=1579, enq=86421786, traced=86421786, skipped_young=0, satb=40889914, satb_young_drop=32143310)
[bactrian] decide: cycle_req=false user=false emergency=false vm_exhausted=false -> Nursery
[bactrian] schedule Nursery (marking=false, mature_pages=3115596, reserved=3181377, immix=3115596, los=21, nonmoving=0, nursery=4021, heap=6981042, sweep_pending=false, seeded=1579, enq=86421786, traced=86421786, skipped_young=0, satb=40889914, satb_young_drop=32143310)
[bactrian] decide: cycle_req=false user=false emergency=false vm_exhausted=false -> Nursery
[bactrian] schedule Nursery (marking=false, mature_pages=3119751, reserved=3185475, immix=3119751, los=21, nonmoving=0, nursery=4021, heap=6990352, sweep_pending=false, seeded=1579, enq=86421786, traced=86421786, skipped_young=0, satb=40889914, satb_young_drop=32143310)
[bactrian] decide: cycle_req=false user=false emergency=false vm_exhausted=false -> Nursery
[bactrian] schedule Nursery (marking=false, mature_pages=3123908, reserved=3189709, immix=3123908, los=21, nonmoving=0, nursery=4021, heap=6999667, sweep_pending=false, seeded=1579, enq=86421786, traced=86421786, skipped_young=0, satb=40889914, satb_young_drop=32143310)
[bactrian] decide: cycle_req=false user=false emergency=false vm_exhausted=false -> Nursery
[bactrian] schedule Nursery (marking=false, mature_pages=3128063, reserved=3193941, immix=3128063, los=21, nonmoving=0, nursery=4155, heap=7008977, sweep_pending=false, seeded=1579, enq=86421786, traced=86421786, skipped_young=0, satb=40889914, satb_young_drop=32143310)
[bactrian] decide: cycle_req=false user=false emergency=false vm_exhausted=false -> Nursery
[bactrian] schedule Nursery (marking=false, mature_pages=3132218, reserved=3198172, immix=3132218, los=21, nonmoving=0, nursery=4021, heap=7018286, sweep_pending=false, seeded=1579, enq=86421786, traced=86421786, skipped_young=0, satb=40889914, satb_young_drop=32143310)
[bactrian] decide: cycle_req=false user=false emergency=false vm_exhausted=false -> Nursery
[bactrian] schedule Nursery (marking=false, mature_pages=3136373, reserved=3202538, immix=3136373, los=21, nonmoving=0, nursery=4021, heap=7027596, sweep_pending=false, seeded=1579, enq=86421786, traced=86421786, skipped_young=0, satb=40889914, satb_young_drop=32143310)
[bactrian] decide: cycle_req=false user=false emergency=false vm_exhausted=false -> Nursery
[bactrian] schedule Nursery (marking=false, mature_pages=3140528, reserved=3206770, immix=3140528, los=21, nonmoving=0, nursery=4021, heap=7036906, sweep_pending=false, seeded=1579, enq=86421786, traced=86421786, skipped_young=0, satb=40889914, satb_young_drop=32143310)
[bactrian] decide: cycle_req=false user=false emergency=false vm_exhausted=false -> Nursery
[bactrian] schedule Nursery (marking=false, mature_pages=3144683, reserved=3210868, immix=3144683, los=21, nonmoving=0, nursery=4021, heap=7046217, sweep_pending=false, seeded=1579, enq=86421786, traced=86421786, skipped_young=0, satb=40889914, satb_young_drop=32143310)
[bactrian] decide: cycle_req=false user=false emergency=false vm_exhausted=false -> Nursery
[bactrian] schedule Nursery (marking=false, mature_pages=3148838, reserved=3215100, immix=3148838, los=21, nonmoving=0, nursery=4021, heap=7055527, sweep_pending=false, seeded=1579, enq=86421786, traced=86421786, skipped_young=0, satb=40889914, satb_young_drop=32143310)
[bactrian] decide: cycle_req=false user=false emergency=false vm_exhausted=false -> Nursery
[bactrian] schedule Nursery (marking=false, mature_pages=3152993, reserved=3219465, immix=3152993, los=21, nonmoving=0, nursery=4021, heap=7064835, sweep_pending=false, seeded=1579, enq=86421786, traced=86421786, skipped_young=0, satb=40889914, satb_young_drop=32143310)
[bactrian] decide: cycle_req=false user=false emergency=false vm_exhausted=false -> Nursery
[bactrian] schedule Nursery (marking=false, mature_pages=3157150, reserved=3223699, immix=3157150, los=21, nonmoving=0, nursery=4155, heap=7074150, sweep_pending=false, seeded=1579, enq=86421786, traced=86421786, skipped_young=0, satb=40889914, satb_young_drop=32143310)
[bactrian] decide: cycle_req=false user=false emergency=false vm_exhausted=false -> Nursery
[bactrian] schedule Nursery (marking=false, mature_pages=3161305, reserved=3227797, immix=3161305, los=21, nonmoving=0, nursery=4021, heap=7083461, sweep_pending=false, seeded=1579, enq=86421786, traced=86421786, skipped_young=0, satb=40889914, satb_young_drop=32143310)
[bactrian] decide: cycle_req=false user=false emergency=false vm_exhausted=false -> Nursery
[bactrian] schedule Nursery (marking=false, mature_pages=3165460, reserved=3232029, immix=3165460, los=21, nonmoving=0, nursery=4155, heap=7092771, sweep_pending=false, seeded=1579, enq=86421786, traced=86421786, skipped_young=0, satb=40889914, satb_young_drop=32143310)
[bactrian] decide: cycle_req=false user=false emergency=false vm_exhausted=false -> Nursery
[bactrian] schedule Nursery (marking=false, mature_pages=3169615, reserved=3236261, immix=3169615, los=21, nonmoving=0, nursery=4021, heap=7102081, sweep_pending=false, seeded=1579, enq=86421786, traced=86421786, skipped_young=0, satb=40889914, satb_young_drop=32143310)
[bactrian] decide: cycle_req=false user=false emergency=false vm_exhausted=false -> Nursery
[bactrian] schedule Nursery (marking=false, mature_pages=3173770, reserved=3240626, immix=3173770, los=21, nonmoving=0, nursery=4021, heap=7111390, sweep_pending=false, seeded=1579, enq=86421786, traced=86421786, skipped_young=0, satb=40889914, satb_young_drop=32143310)
[bactrian] decide: cycle_req=false user=false emergency=false vm_exhausted=false -> Nursery
[bactrian] schedule Nursery (marking=false, mature_pages=3177925, reserved=3244858, immix=3177925, los=21, nonmoving=0, nursery=4155, heap=7120700, sweep_pending=false, seeded=1579, enq=86421786, traced=86421786, skipped_young=0, satb=40889914, satb_young_drop=32143310)
[bactrian] decide: cycle_req=false user=false emergency=false vm_exhausted=false -> Nursery
[bactrian] schedule Nursery (marking=false, mature_pages=3182080, reserved=3248956, immix=3182080, los=21, nonmoving=0, nursery=4155, heap=7130010, sweep_pending=false, seeded=1579, enq=86421786, traced=86421786, skipped_young=0, satb=40889914, satb_young_drop=32143310)
[bactrian] decide: cycle_req=false user=false emergency=false vm_exhausted=false -> Nursery
[bactrian] schedule Nursery (marking=false, mature_pages=3186235, reserved=3253322, immix=3186235, los=21, nonmoving=0, nursery=4021, heap=7139321, sweep_pending=false, seeded=1579, enq=86421786, traced=86421786, skipped_young=0, satb=40889914, satb_young_drop=32143310)
[bactrian] decide: cycle_req=false user=false emergency=false vm_exhausted=false -> Nursery
[bactrian] schedule Nursery (marking=false, mature_pages=3190390, reserved=3257420, immix=3190390, los=21, nonmoving=0, nursery=4021, heap=7148631, sweep_pending=false, seeded=1579, enq=86421786, traced=86421786, skipped_young=0, satb=40889914, satb_young_drop=32143310)
[bactrian] decide: cycle_req=false user=false emergency=false vm_exhausted=false -> Nursery
[bactrian] schedule Nursery (marking=false, mature_pages=3194547, reserved=3261787, immix=3194547, los=21, nonmoving=0, nursery=4021, heap=7157944, sweep_pending=false, seeded=1579, enq=86421786, traced=86421786, skipped_young=0, satb=40889914, satb_young_drop=32143310)
[bactrian] decide: cycle_req=false user=false emergency=false vm_exhausted=false -> Nursery
[bactrian] schedule Nursery (marking=false, mature_pages=3198702, reserved=3266019, immix=3198702, los=21, nonmoving=0, nursery=4021, heap=7167254, sweep_pending=false, seeded=1579, enq=86421786, traced=86421786, skipped_young=0, satb=40889914, satb_young_drop=32143310)
[bactrian] decide: cycle_req=false user=false emergency=false vm_exhausted=false -> Nursery
[bactrian] schedule Nursery (marking=false, mature_pages=3202857, reserved=3270117, immix=3202857, los=21, nonmoving=0, nursery=4021, heap=7176565, sweep_pending=false, seeded=1579, enq=86421786, traced=86421786, skipped_young=0, satb=40889914, satb_young_drop=32143310)
[bactrian] decide: cycle_req=false user=false emergency=false vm_exhausted=false -> Nursery
[bactrian] schedule Nursery (marking=false, mature_pages=3207012, reserved=3274483, immix=3207012, los=21, nonmoving=0, nursery=4021, heap=7185875, sweep_pending=false, seeded=1579, enq=86421786, traced=86421786, skipped_young=0, satb=40889914, satb_young_drop=32143310)
[bactrian] decide: cycle_req=false user=false emergency=false vm_exhausted=false -> Nursery
[bactrian] schedule Nursery (marking=false, mature_pages=3211167, reserved=3278581, immix=3211167, los=21, nonmoving=0, nursery=4021, heap=7195185, sweep_pending=false, seeded=1579, enq=86421786, traced=86421786, skipped_young=0, satb=40889914, satb_young_drop=32143310)
[bactrian] decide: cycle_req=false user=false emergency=false vm_exhausted=false -> Nursery
[bactrian] schedule Nursery (marking=false, mature_pages=3215322, reserved=3282946, immix=3215322, los=21, nonmoving=0, nursery=4021, heap=7204494, sweep_pending=false, seeded=1579, enq=86421786, traced=86421786, skipped_young=0, satb=40889914, satb_young_drop=32143310)
[bactrian] decide: cycle_req=false user=false emergency=false vm_exhausted=false -> Nursery
[bactrian] schedule Nursery (marking=false, mature_pages=3219477, reserved=3287044, immix=3219477, los=21, nonmoving=0, nursery=4021, heap=7213804, sweep_pending=false, seeded=1579, enq=86421786, traced=86421786, skipped_young=0, satb=40889914, satb_young_drop=32143310)
[bactrian] decide: cycle_req=false user=false emergency=false vm_exhausted=false -> Nursery
[bactrian] schedule Nursery (marking=false, mature_pages=3223632, reserved=3291276, immix=3223632, los=21, nonmoving=0, nursery=4021, heap=7223114, sweep_pending=false, seeded=1579, enq=86421786, traced=86421786, skipped_young=0, satb=40889914, satb_young_drop=32143310)
[bactrian] decide: cycle_req=false user=false emergency=false vm_exhausted=false -> Nursery
[bactrian] schedule Nursery (marking=false, mature_pages=3227789, reserved=3295510, immix=3227789, los=21, nonmoving=0, nursery=4021, heap=7232429, sweep_pending=false, seeded=1579, enq=86421786, traced=86421786, skipped_young=0, satb=40889914, satb_young_drop=32143310)
[bactrian] decide: cycle_req=false user=false emergency=false vm_exhausted=false -> Nursery
[bactrian] schedule Nursery (marking=false, mature_pages=3231944, reserved=3299876, immix=3231944, los=21, nonmoving=0, nursery=4021, heap=7241740, sweep_pending=false, seeded=1579, enq=86421786, traced=86421786, skipped_young=0, satb=40889914, satb_young_drop=32143310)
[bactrian] decide: cycle_req=false user=false emergency=false vm_exhausted=false -> Nursery
[bactrian] schedule Nursery (marking=false, mature_pages=3236099, reserved=3303973, immix=3236099, los=21, nonmoving=0, nursery=4021, heap=7251048, sweep_pending=false, seeded=1579, enq=86421786, traced=86421786, skipped_young=0, satb=40889914, satb_young_drop=32143310)
[bactrian] decide: cycle_req=false user=false emergency=false vm_exhausted=false -> Nursery
[bactrian] schedule Nursery (marking=false, mature_pages=3240254, reserved=3308205, immix=3240254, los=21, nonmoving=0, nursery=4021, heap=7260358, sweep_pending=false, seeded=1579, enq=86421786, traced=86421786, skipped_young=0, satb=40889914, satb_young_drop=32143310)
[bactrian] decide: cycle_req=false user=false emergency=false vm_exhausted=false -> Nursery
[bactrian] schedule Nursery (marking=false, mature_pages=3244409, reserved=3312571, immix=3244409, los=21, nonmoving=0, nursery=4021, heap=7269669, sweep_pending=false, seeded=1579, enq=86421786, traced=86421786, skipped_young=0, satb=40889914, satb_young_drop=32143310)
[bactrian] decide: cycle_req=false user=false emergency=false vm_exhausted=false -> Nursery
[bactrian] schedule Nursery (marking=false, mature_pages=3248564, reserved=3316669, immix=3248564, los=21, nonmoving=0, nursery=4021, heap=7278979, sweep_pending=false, seeded=1579, enq=86421786, traced=86421786, skipped_young=0, satb=40889914, satb_young_drop=32143310)
[bactrian] decide: cycle_req=false user=false emergency=false vm_exhausted=false -> Nursery
[bactrian] schedule Nursery (marking=false, mature_pages=3252719, reserved=3320901, immix=3252719, los=21, nonmoving=0, nursery=4021, heap=7288289, sweep_pending=false, seeded=1579, enq=86421786, traced=86421786, skipped_young=0, satb=40889914, satb_young_drop=32143310)
[bactrian] decide: cycle_req=false user=false emergency=false vm_exhausted=false -> Nursery
[bactrian] schedule Nursery (marking=false, mature_pages=3256874, reserved=3325132, immix=3256874, los=21, nonmoving=0, nursery=4021, heap=7297598, sweep_pending=false, seeded=1579, enq=86421786, traced=86421786, skipped_young=0, satb=40889914, satb_young_drop=32143310)
[bactrian] decide: cycle_req=false user=false emergency=false vm_exhausted=false -> Nursery
[bactrian] schedule Nursery (marking=false, mature_pages=3261029, reserved=3329364, immix=3261029, los=21, nonmoving=0, nursery=4021, heap=7306908, sweep_pending=false, seeded=1579, enq=86421786, traced=86421786, skipped_young=0, satb=40889914, satb_young_drop=32143310)
[bactrian] decide: cycle_req=false user=false emergency=false vm_exhausted=false -> Nursery
[bactrian] schedule Nursery (marking=false, mature_pages=3265186, reserved=3333598, immix=3265186, los=21, nonmoving=0, nursery=4021, heap=7316223, sweep_pending=false, seeded=1579, enq=86421786, traced=86421786, skipped_young=0, satb=40889914, satb_young_drop=32143310)
[bactrian] decide: cycle_req=false user=false emergency=false vm_exhausted=false -> Nursery
[bactrian] schedule Nursery (marking=false, mature_pages=3269341, reserved=3337964, immix=3269341, los=21, nonmoving=0, nursery=4155, heap=7325533, sweep_pending=false, seeded=1579, enq=86421786, traced=86421786, skipped_young=0, satb=40889914, satb_young_drop=32143310)
[bactrian] decide: cycle_req=false user=false emergency=false vm_exhausted=false -> Nursery
[bactrian] schedule Nursery (marking=false, mature_pages=3273496, reserved=3342062, immix=3273496, los=21, nonmoving=0, nursery=4155, heap=7334844, sweep_pending=false, seeded=1579, enq=86421786, traced=86421786, skipped_young=0, satb=40889914, satb_young_drop=32143310)
[bactrian] decide: cycle_req=false user=false emergency=false vm_exhausted=false -> Nursery
[bactrian] schedule Nursery (marking=false, mature_pages=3277651, reserved=3346427, immix=3277651, los=21, nonmoving=0, nursery=4021, heap=7344152, sweep_pending=false, seeded=1579, enq=86421786, traced=86421786, skipped_young=0, satb=40889914, satb_young_drop=32143310)
[bactrian] decide: cycle_req=false user=false emergency=false vm_exhausted=false -> Nursery
[bactrian] schedule Nursery (marking=false, mature_pages=3281806, reserved=3350659, immix=3281806, los=21, nonmoving=0, nursery=4021, heap=7353462, sweep_pending=false, seeded=1579, enq=86421786, traced=86421786, skipped_young=0, satb=40889914, satb_young_drop=32143310)
[bactrian] decide: cycle_req=false user=false emergency=false vm_exhausted=false -> Nursery
[bactrian] schedule Nursery (marking=false, mature_pages=3285961, reserved=3354891, immix=3285961, los=21, nonmoving=0, nursery=4021, heap=7362773, sweep_pending=false, seeded=1579, enq=86421786, traced=86421786, skipped_young=0, satb=40889914, satb_young_drop=32143310)
[bactrian] decide: cycle_req=false user=false emergency=false vm_exhausted=false -> Nursery
[bactrian] schedule Nursery (marking=false, mature_pages=3290116, reserved=3358989, immix=3290116, los=21, nonmoving=0, nursery=4021, heap=7372083, sweep_pending=false, seeded=1579, enq=86421786, traced=86421786, skipped_young=0, satb=40889914, satb_young_drop=32143310)
[bactrian] decide: cycle_req=false user=false emergency=false vm_exhausted=false -> Nursery
[bactrian] schedule Nursery (marking=false, mature_pages=3294271, reserved=3363221, immix=3294271, los=21, nonmoving=0, nursery=4021, heap=7381393, sweep_pending=false, seeded=1579, enq=86421786, traced=86421786, skipped_young=0, satb=40889914, satb_young_drop=32143310)
[bactrian] decide: cycle_req=false user=false emergency=false vm_exhausted=false -> Nursery
[bactrian] schedule Nursery (marking=false, mature_pages=3298428, reserved=3367454, immix=3298428, los=21, nonmoving=0, nursery=4155, heap=7390706, sweep_pending=false, seeded=1579, enq=86421786, traced=86421786, skipped_young=0, satb=40889914, satb_young_drop=32143310)
[bactrian] decide: cycle_req=false user=false emergency=false vm_exhausted=false -> Nursery
[bactrian] schedule Nursery (marking=false, mature_pages=3302583, reserved=3371686, immix=3302583, los=21, nonmoving=0, nursery=4021, heap=7400016, sweep_pending=false, seeded=1579, enq=86421786, traced=86421786, skipped_young=0, satb=40889914, satb_young_drop=32143310)
[bactrian] decide: cycle_req=false user=false emergency=false vm_exhausted=false -> Nursery
[bactrian] schedule Nursery (marking=false, mature_pages=3306738, reserved=3376052, immix=3306738, los=21, nonmoving=0, nursery=4021, heap=7409327, sweep_pending=false, seeded=1579, enq=86421786, traced=86421786, skipped_young=0, satb=40889914, satb_young_drop=32143310)
[bactrian] decide: cycle_req=false user=false emergency=false vm_exhausted=false -> Nursery
[bactrian] schedule Nursery (marking=false, mature_pages=3310893, reserved=3380284, immix=3310893, los=21, nonmoving=0, nursery=4155, heap=7418637, sweep_pending=false, seeded=1579, enq=86421786, traced=86421786, skipped_young=0, satb=40889914, satb_young_drop=32143310)
[bactrian] decide: cycle_req=false user=false emergency=false vm_exhausted=false -> Nursery
[bactrian] schedule Nursery (marking=false, mature_pages=3315048, reserved=3384382, immix=3315048, los=21, nonmoving=0, nursery=4021, heap=7427948, sweep_pending=false, seeded=1579, enq=86421786, traced=86421786, skipped_young=0, satb=40889914, satb_young_drop=32143310)
[bactrian] decide: cycle_req=false user=false emergency=false vm_exhausted=false -> Nursery
[bactrian] schedule Nursery (marking=false, mature_pages=3319203, reserved=3388747, immix=3319203, los=21, nonmoving=0, nursery=4021, heap=7437256, sweep_pending=false, seeded=1579, enq=86421786, traced=86421786, skipped_young=0, satb=40889914, satb_young_drop=32143310)
[bactrian] decide: cycle_req=false user=false emergency=false vm_exhausted=false -> Nursery
[bactrian] schedule Nursery (marking=false, mature_pages=3323358, reserved=3392845, immix=3323358, los=21, nonmoving=0, nursery=4021, heap=7446566, sweep_pending=false, seeded=1579, enq=86421786, traced=86421786, skipped_young=0, satb=40889914, satb_young_drop=32143310)
[bactrian] decide: cycle_req=false user=false emergency=false vm_exhausted=false -> Nursery
[bactrian] schedule Nursery (marking=false, mature_pages=3327513, reserved=3397211, immix=3327513, los=21, nonmoving=0, nursery=4021, heap=7455877, sweep_pending=false, seeded=1579, enq=86421786, traced=86421786, skipped_young=0, satb=40889914, satb_young_drop=32143310)
[bactrian] decide: cycle_req=false user=false emergency=false vm_exhausted=false -> Nursery
[bactrian] schedule Nursery (marking=false, mature_pages=3331668, reserved=3401309, immix=3331668, los=21, nonmoving=0, nursery=4021, heap=7465187, sweep_pending=false, seeded=1579, enq=86421786, traced=86421786, skipped_young=0, satb=40889914, satb_young_drop=32143310)
[bactrian] decide: cycle_req=false user=false emergency=false vm_exhausted=false -> Nursery
[bactrian] schedule Nursery (marking=false, mature_pages=3335825, reserved=3405543, immix=3335825, los=21, nonmoving=0, nursery=4155, heap=7474502, sweep_pending=false, seeded=1579, enq=86421786, traced=86421786, skipped_young=0, satb=40889914, satb_young_drop=32143310)
[bactrian] decide: cycle_req=false user=false emergency=false vm_exhausted=false -> Nursery
[bactrian] schedule Nursery (marking=false, mature_pages=3339980, reserved=3409774, immix=3339980, los=21, nonmoving=0, nursery=4021, heap=7483810, sweep_pending=false, seeded=1579, enq=86421786, traced=86421786, skipped_young=0, satb=40889914, satb_young_drop=32143310)
[bactrian] decide: cycle_req=false user=false emergency=false vm_exhausted=false -> Nursery
[bactrian] schedule Nursery (marking=false, mature_pages=3343540, reserved=3413534, immix=3343540, los=21, nonmoving=0, nursery=4021, heap=7491787, sweep_pending=false, seeded=1579, enq=86421786, traced=86421786, skipped_young=0, satb=40889914, satb_young_drop=32143310)
[bactrian] decide: cycle_req=false user=false emergency=false vm_exhausted=false -> Nursery
[bactrian] schedule Nursery (marking=false, mature_pages=3343627, reserved=3413489, immix=3343627, los=21, nonmoving=0, nursery=4021, heap=7491983, sweep_pending=false, seeded=1579, enq=86421786, traced=86421786, skipped_young=0, satb=40889914, satb_young_drop=32143310)
[bactrian] decide: cycle_req=false user=false emergency=false vm_exhausted=false -> Nursery
[bactrian] schedule Nursery (marking=false, mature_pages=3343712, reserved=3413575, immix=3343712, los=21, nonmoving=0, nursery=4021, heap=7492172, sweep_pending=false, seeded=1579, enq=86421786, traced=86421786, skipped_young=0, satb=40889914, satb_young_drop=32143310)
[bactrian] decide: cycle_req=false user=false emergency=false vm_exhausted=false -> Nursery
[bactrian] schedule Nursery (marking=false, mature_pages=3343801, reserved=3413666, immix=3343801, los=21, nonmoving=0, nursery=4155, heap=7492372, sweep_pending=false, seeded=1579, enq=86421786, traced=86421786, skipped_young=0, satb=40889914, satb_young_drop=32143310)
[bactrian] decide: cycle_req=false user=false emergency=false vm_exhausted=false -> Nursery
[bactrian] schedule Nursery (marking=false, mature_pages=3343887, reserved=3413888, immix=3343887, los=21, nonmoving=0, nursery=4021, heap=7492566, sweep_pending=false, seeded=1579, enq=86421786, traced=86421786, skipped_young=0, satb=40889914, satb_young_drop=32143310)
[bactrian] decide: cycle_req=false user=false emergency=false vm_exhausted=false -> Nursery
[bactrian] schedule Nursery (marking=false, mature_pages=3343973, reserved=3413841, immix=3343973, los=21, nonmoving=0, nursery=4155, heap=7492757, sweep_pending=false, seeded=1579, enq=86421786, traced=86421786, skipped_young=0, satb=40889914, satb_young_drop=32143310)
[bactrian] decide: cycle_req=false user=false emergency=false vm_exhausted=false -> Nursery
[bactrian] schedule Nursery (marking=false, mature_pages=3344058, reserved=3413928, immix=3344058, los=21, nonmoving=0, nursery=4021, heap=7492949, sweep_pending=false, seeded=1579, enq=86421786, traced=86421786, skipped_young=0, satb=40889914, satb_young_drop=32143310)
[bactrian] decide: cycle_req=false user=false emergency=false vm_exhausted=false -> Nursery
[bactrian] schedule Nursery (marking=false, mature_pages=3344148, reserved=3414019, immix=3344148, los=21, nonmoving=0, nursery=4021, heap=7493149, sweep_pending=false, seeded=1579, enq=86421786, traced=86421786, skipped_young=0, satb=40889914, satb_young_drop=32143310)
[bactrian] decide: cycle_req=false user=false emergency=false vm_exhausted=false -> Nursery
[bactrian] schedule Nursery (marking=false, mature_pages=3344233, reserved=3414106, immix=3344233, los=21, nonmoving=0, nursery=4021, heap=7493340, sweep_pending=false, seeded=1579, enq=86421786, traced=86421786, skipped_young=0, satb=40889914, satb_young_drop=32143310)
[bactrian] decide: cycle_req=false user=false emergency=false vm_exhausted=false -> Nursery
[bactrian] schedule Nursery (marking=false, mature_pages=3344319, reserved=3414194, immix=3344319, los=21, nonmoving=0, nursery=4155, heap=7493534, sweep_pending=false, seeded=1579, enq=86421786, traced=86421786, skipped_young=0, satb=40889914, satb_young_drop=32143310)
[bactrian] decide: cycle_req=false user=false emergency=false vm_exhausted=false -> Nursery
[bactrian] schedule Nursery (marking=false, mature_pages=3346258, reserved=3416302, immix=3346258, los=21, nonmoving=0, nursery=4021, heap=7497877, sweep_pending=false, seeded=1579, enq=86421786, traced=86421786, skipped_young=0, satb=40889914, satb_young_drop=32143310)
[bactrian] decide: cycle_req=false user=false emergency=false vm_exhausted=false -> Nursery
[bactrian] schedule Nursery (marking=false, mature_pages=3350413, reserved=3420534, immix=3350413, los=21, nonmoving=0, nursery=4021, heap=7507187, sweep_pending=false, seeded=1579, enq=86421786, traced=86421786, skipped_young=0, satb=40889914, satb_young_drop=32143310)
[bactrian] decide: cycle_req=false user=false emergency=false vm_exhausted=false -> Nursery
[bactrian] schedule Nursery (marking=false, mature_pages=3354568, reserved=3424766, immix=3354568, los=21, nonmoving=0, nursery=4021, heap=7516498, sweep_pending=false, seeded=1579, enq=86421786, traced=86421786, skipped_young=0, satb=40889914, satb_young_drop=32143310)
[bactrian] decide: cycle_req=false user=false emergency=false vm_exhausted=false -> Nursery
[bactrian] schedule Nursery (marking=false, mature_pages=3358723, reserved=3428998, immix=3358723, los=21, nonmoving=0, nursery=4021, heap=7525808, sweep_pending=false, seeded=1579, enq=86421786, traced=86421786, skipped_young=0, satb=40889914, satb_young_drop=32143310)
[bactrian] decide: cycle_req=false user=false emergency=false vm_exhausted=false -> Nursery
[bactrian] schedule Nursery (marking=false, mature_pages=3362878, reserved=3433096, immix=3362878, los=21, nonmoving=0, nursery=4021, heap=7535118, sweep_pending=false, seeded=1579, enq=86421786, traced=86421786, skipped_young=0, satb=40889914, satb_young_drop=32143310)
[bactrian] decide: cycle_req=false user=false emergency=false vm_exhausted=false -> Nursery
[bactrian] schedule Nursery (marking=false, mature_pages=3367033, reserved=3437461, immix=3367033, los=21, nonmoving=0, nursery=4021, heap=7544427, sweep_pending=false, seeded=1579, enq=86421786, traced=86421786, skipped_young=0, satb=40889914, satb_young_drop=32143310)
[bactrian] decide: cycle_req=false user=false emergency=false vm_exhausted=false -> Nursery
[bactrian] schedule Nursery (marking=false, mature_pages=3371190, reserved=3441695, immix=3371190, los=21, nonmoving=0, nursery=4021, heap=7553741, sweep_pending=false, seeded=1579, enq=86421786, traced=86421786, skipped_young=0, satb=40889914, satb_young_drop=32143310)
[bactrian] decide: cycle_req=false user=false emergency=false vm_exhausted=false -> Nursery
[bactrian] schedule Nursery (marking=false, mature_pages=3375345, reserved=3445793, immix=3375345, los=21, nonmoving=0, nursery=4021, heap=7563052, sweep_pending=false, seeded=1579, enq=86421786, traced=86421786, skipped_young=0, satb=40889914, satb_young_drop=32143310)
[bactrian] decide: cycle_req=false user=false emergency=false vm_exhausted=false -> Nursery
[bactrian] schedule Nursery (marking=false, mature_pages=3379500, reserved=3450159, immix=3379500, los=21, nonmoving=0, nursery=4021, heap=7572362, sweep_pending=false, seeded=1579, enq=86421786, traced=86421786, skipped_young=0, satb=40889914, satb_young_drop=32143310)
[bactrian] decide: cycle_req=false user=false emergency=false vm_exhausted=false -> Nursery
[bactrian] schedule Nursery (marking=false, mature_pages=3383655, reserved=3454257, immix=3383655, los=21, nonmoving=0, nursery=4021, heap=7581673, sweep_pending=false, seeded=1579, enq=86421786, traced=86421786, skipped_young=0, satb=40889914, satb_young_drop=32143310)
[bactrian] decide: cycle_req=false user=false emergency=false vm_exhausted=false -> Nursery
[bactrian] schedule Nursery (marking=false, mature_pages=3387810, reserved=3458488, immix=3387810, los=21, nonmoving=0, nursery=4021, heap=7590981, sweep_pending=false, seeded=1579, enq=86421786, traced=86421786, skipped_young=0, satb=40889914, satb_young_drop=32143310)
[bactrian] decide: cycle_req=false user=false emergency=false vm_exhausted=false -> Nursery
[bactrian] schedule Nursery (marking=false, mature_pages=3391965, reserved=3462720, immix=3391965, los=21, nonmoving=0, nursery=4021, heap=7600291, sweep_pending=false, seeded=1579, enq=86421786, traced=86421786, skipped_young=0, satb=40889914, satb_young_drop=32143310)
[bactrian] decide: cycle_req=false user=false emergency=false vm_exhausted=false -> Nursery
[bactrian] schedule Nursery (marking=false, mature_pages=3396120, reserved=3467086, immix=3396120, los=21, nonmoving=0, nursery=4021, heap=7609602, sweep_pending=false, seeded=1579, enq=86421786, traced=86421786, skipped_young=0, satb=40889914, satb_young_drop=32143310)
[bactrian] decide: cycle_req=false user=false emergency=false vm_exhausted=false -> Nursery
[bactrian] schedule Nursery (marking=false, mature_pages=3400275, reserved=3471318, immix=3400275, los=21, nonmoving=0, nursery=4021, heap=7618912, sweep_pending=false, seeded=1579, enq=86421786, traced=86421786, skipped_young=0, satb=40889914, satb_young_drop=32143310)
[bactrian] decide: cycle_req=false user=false emergency=false vm_exhausted=false -> Nursery
[bactrian] schedule Nursery (marking=false, mature_pages=3404432, reserved=3475418, immix=3404432, los=21, nonmoving=0, nursery=4155, heap=7628227, sweep_pending=false, seeded=1579, enq=86421786, traced=86421786, skipped_young=0, satb=40889914, satb_young_drop=32143310)
[bactrian] decide: cycle_req=false user=false emergency=false vm_exhausted=false -> Nursery
[bactrian] schedule Nursery (marking=false, mature_pages=3408587, reserved=3479649, immix=3408587, los=21, nonmoving=0, nursery=4155, heap=7637535, sweep_pending=false, seeded=1579, enq=86421786, traced=86421786, skipped_young=0, satb=40889914, satb_young_drop=32143310)
[bactrian] decide: cycle_req=false user=false emergency=false vm_exhausted=false -> Nursery
[bactrian] schedule Nursery (marking=false, mature_pages=3412742, reserved=3483881, immix=3412742, los=21, nonmoving=0, nursery=4021, heap=7646845, sweep_pending=false, seeded=1579, enq=86421786, traced=86421786, skipped_young=0, satb=40889914, satb_young_drop=32143310)
[bactrian] decide: cycle_req=false user=false emergency=false vm_exhausted=false -> Nursery
[bactrian] schedule Nursery (marking=false, mature_pages=3416897, reserved=3488247, immix=3416897, los=21, nonmoving=0, nursery=4021, heap=7656156, sweep_pending=false, seeded=1579, enq=86421786, traced=86421786, skipped_young=0, satb=40889914, satb_young_drop=32143310)
[bactrian] decide: cycle_req=false user=false emergency=false vm_exhausted=false -> Nursery
[bactrian] schedule Nursery (marking=false, mature_pages=3421052, reserved=3492345, immix=3421052, los=21, nonmoving=0, nursery=4021, heap=7665466, sweep_pending=false, seeded=1579, enq=86421786, traced=86421786, skipped_young=0, satb=40889914, satb_young_drop=32143310)
[bactrian] decide: cycle_req=false user=false emergency=false vm_exhausted=false -> Nursery
[bactrian] schedule Nursery (marking=false, mature_pages=3425207, reserved=3496711, immix=3425207, los=21, nonmoving=0, nursery=4155, heap=7674777, sweep_pending=false, seeded=1579, enq=86421786, traced=86421786, skipped_young=0, satb=40889914, satb_young_drop=32143310)
[bactrian] decide: cycle_req=false user=false emergency=false vm_exhausted=false -> Nursery
[bactrian] schedule Nursery (marking=false, mature_pages=3429362, reserved=3500808, immix=3429362, los=21, nonmoving=0, nursery=4021, heap=7684085, sweep_pending=false, seeded=1579, enq=86421786, traced=86421786, skipped_young=0, satb=40889914, satb_young_drop=32143310)
[bactrian] decide: cycle_req=false user=false emergency=false vm_exhausted=false -> Nursery
[bactrian] schedule Nursery (marking=false, mature_pages=3433517, reserved=3505040, immix=3433517, los=21, nonmoving=0, nursery=4155, heap=7693395, sweep_pending=false, seeded=1579, enq=86421786, traced=86421786, skipped_young=0, satb=40889914, satb_young_drop=32143310)
[bactrian] decide: cycle_req=false user=false emergency=false vm_exhausted=false -> Nursery
[bactrian] schedule Nursery (marking=false, mature_pages=3437672, reserved=3509272, immix=3437672, los=21, nonmoving=0, nursery=4021, heap=7702706, sweep_pending=false, seeded=1579, enq=86421786, traced=86421786, skipped_young=0, satb=40889914, satb_young_drop=32143310)
[bactrian] decide: cycle_req=false user=false emergency=false vm_exhausted=false -> Nursery
[bactrian] schedule Nursery (marking=false, mature_pages=3441829, reserved=3513506, immix=3441829, los=21, nonmoving=0, nursery=4021, heap=7712020, sweep_pending=false, seeded=1579, enq=86421786, traced=86421786, skipped_young=0, satb=40889914, satb_young_drop=32143310)
[bactrian] decide: cycle_req=false user=false emergency=false vm_exhausted=false -> Nursery
[bactrian] schedule Nursery (marking=false, mature_pages=3445984, reserved=3517872, immix=3445984, los=21, nonmoving=0, nursery=4021, heap=7721331, sweep_pending=false, seeded=1579, enq=86421786, traced=86421786, skipped_young=0, satb=40889914, satb_young_drop=32143310)
[bactrian] decide: cycle_req=false user=false emergency=false vm_exhausted=false -> Nursery
[bactrian] schedule Nursery (marking=false, mature_pages=3450139, reserved=3522103, immix=3450139, los=21, nonmoving=0, nursery=4155, heap=7730639, sweep_pending=false, seeded=1579, enq=86421786, traced=86421786, skipped_young=0, satb=40889914, satb_young_drop=32143310)
[bactrian] decide: cycle_req=false user=false emergency=false vm_exhausted=false -> Nursery
[bactrian] schedule Nursery (marking=false, mature_pages=3454294, reserved=3526201, immix=3454294, los=21, nonmoving=0, nursery=4155, heap=7739949, sweep_pending=false, seeded=1579, enq=86421786, traced=86421786, skipped_young=0, satb=40889914, satb_young_drop=32143310)
[bactrian] decide: cycle_req=false user=false emergency=false vm_exhausted=false -> Nursery
[bactrian] schedule Nursery (marking=false, mature_pages=3458449, reserved=3530433, immix=3458449, los=21, nonmoving=0, nursery=4021, heap=7749260, sweep_pending=false, seeded=1579, enq=86421786, traced=86421786, skipped_young=0, satb=40889914, satb_young_drop=32143310)
[bactrian] decide: cycle_req=false user=false emergency=false vm_exhausted=false -> Nursery
[bactrian] schedule Nursery (marking=false, mature_pages=3462604, reserved=3534799, immix=3462604, los=21, nonmoving=0, nursery=4155, heap=7758570, sweep_pending=false, seeded=1579, enq=86421786, traced=86421786, skipped_young=0, satb=40889914, satb_young_drop=32143310)
[bactrian] decide: cycle_req=false user=false emergency=false vm_exhausted=false -> Nursery
[bactrian] schedule Nursery (marking=false, mature_pages=3466759, reserved=3538897, immix=3466759, los=21, nonmoving=0, nursery=4021, heap=7767881, sweep_pending=false, seeded=1579, enq=86421786, traced=86421786, skipped_young=0, satb=40889914, satb_young_drop=32143310)
[bactrian] decide: cycle_req=false user=false emergency=false vm_exhausted=false -> Nursery
[bactrian] schedule Nursery (marking=false, mature_pages=3470914, reserved=3543262, immix=3470914, los=21, nonmoving=0, nursery=4155, heap=7777189, sweep_pending=false, seeded=1579, enq=86421786, traced=86421786, skipped_young=0, satb=40889914, satb_young_drop=32143310)
[bactrian] decide: cycle_req=false user=false emergency=false vm_exhausted=false -> Nursery
[bactrian] schedule Nursery (marking=false, mature_pages=3475071, reserved=3547362, immix=3475071, los=21, nonmoving=0, nursery=4021, heap=7786504, sweep_pending=false, seeded=1579, enq=86421786, traced=86421786, skipped_young=0, satb=40889914, satb_young_drop=32143310)
[bactrian] decide: cycle_req=false user=false emergency=false vm_exhausted=false -> Nursery
[bactrian] schedule Nursery (marking=false, mature_pages=3479226, reserved=3551594, immix=3479226, los=21, nonmoving=0, nursery=4021, heap=7795814, sweep_pending=false, seeded=1579, enq=86421786, traced=86421786, skipped_young=0, satb=40889914, satb_young_drop=32143310)
[bactrian] decide: cycle_req=false user=false emergency=false vm_exhausted=false -> Nursery
[bactrian] schedule Nursery (marking=false, mature_pages=3483381, reserved=3555826, immix=3483381, los=21, nonmoving=0, nursery=4021, heap=7805124, sweep_pending=false, seeded=1579, enq=86421786, traced=86421786, skipped_young=0, satb=40889914, satb_young_drop=32143310)
[bactrian] decide: cycle_req=false user=false emergency=false vm_exhausted=false -> Nursery
[bactrian] schedule Nursery (marking=false, mature_pages=3487536, reserved=3560058, immix=3487536, los=21, nonmoving=0, nursery=4021, heap=7814435, sweep_pending=false, seeded=1579, enq=86421786, traced=86421786, skipped_young=0, satb=40889914, satb_young_drop=32143310)
[bactrian] decide: cycle_req=false user=false emergency=false vm_exhausted=false -> Nursery
[bactrian] schedule Nursery (marking=false, mature_pages=3491691, reserved=3564423, immix=3491691, los=21, nonmoving=0, nursery=4021, heap=7823743, sweep_pending=false, seeded=1579, enq=86421786, traced=86421786, skipped_young=0, satb=40889914, satb_young_drop=32143310)
[bactrian] decide: cycle_req=false user=false emergency=false vm_exhausted=false -> Nursery
[bactrian] schedule Nursery (marking=false, mature_pages=3495846, reserved=3568655, immix=3495846, los=21, nonmoving=0, nursery=4021, heap=7833053, sweep_pending=false, seeded=1579, enq=86421786, traced=86421786, skipped_young=0, satb=40889914, satb_young_drop=32143310)
[bactrian] decide: cycle_req=false user=false emergency=false vm_exhausted=false -> Nursery
[bactrian] schedule Nursery (marking=false, mature_pages=3500001, reserved=3572887, immix=3500001, los=21, nonmoving=0, nursery=4021, heap=7842364, sweep_pending=false, seeded=1579, enq=86421786, traced=86421786, skipped_young=0, satb=40889914, satb_young_drop=32143310)
[bactrian] decide: cycle_req=false user=false emergency=false vm_exhausted=false -> Nursery
[bactrian] schedule Nursery (marking=false, mature_pages=3504156, reserved=3576985, immix=3504156, los=21, nonmoving=0, nursery=4155, heap=7851674, sweep_pending=false, seeded=1579, enq=86421786, traced=86421786, skipped_young=0, satb=40889914, satb_young_drop=32143310)
[bactrian] decide: cycle_req=false user=false emergency=false vm_exhausted=false -> Nursery
[bactrian] schedule Nursery (marking=false, mature_pages=3508311, reserved=3581351, immix=3508311, los=21, nonmoving=0, nursery=4021, heap=7860985, sweep_pending=false, seeded=1579, enq=86421786, traced=86421786, skipped_young=0, satb=40889914, satb_young_drop=32143310)
[bactrian] decide: cycle_req=false user=false emergency=false vm_exhausted=false -> Nursery
[bactrian] schedule Nursery (marking=false, mature_pages=3512468, reserved=3585450, immix=3512468, los=21, nonmoving=0, nursery=4021, heap=7870297, sweep_pending=false, seeded=1579, enq=86421786, traced=86421786, skipped_young=0, satb=40889914, satb_young_drop=32143310)
[bactrian] decide: cycle_req=false user=false emergency=false vm_exhausted=false -> Nursery
[bactrian] schedule Nursery (marking=false, mature_pages=3516623, reserved=3589816, immix=3516623, los=21, nonmoving=0, nursery=4021, heap=7879608, sweep_pending=false, seeded=1579, enq=86421786, traced=86421786, skipped_young=0, satb=40889914, satb_young_drop=32143310)
[bactrian] decide: cycle_req=false user=false emergency=false vm_exhausted=false -> Nursery
[bactrian] schedule Nursery (marking=false, mature_pages=3520778, reserved=3594048, immix=3520778, los=21, nonmoving=0, nursery=4021, heap=7888918, sweep_pending=false, seeded=1579, enq=86421786, traced=86421786, skipped_young=0, satb=40889914, satb_young_drop=32143310)
[bactrian] decide: cycle_req=false user=false emergency=false vm_exhausted=false -> Nursery
[bactrian] schedule Nursery (marking=false, mature_pages=3524933, reserved=3598146, immix=3524933, los=21, nonmoving=0, nursery=4155, heap=7898228, sweep_pending=false, seeded=1579, enq=86421786, traced=86421786, skipped_young=0, satb=40889914, satb_young_drop=32143310)
[bactrian] decide: cycle_req=false user=false emergency=false vm_exhausted=false -> Nursery
[bactrian] schedule Nursery (marking=false, mature_pages=3529088, reserved=3602512, immix=3529088, los=21, nonmoving=0, nursery=4021, heap=7907539, sweep_pending=false, seeded=1579, enq=86421786, traced=86421786, skipped_young=0, satb=40889914, satb_young_drop=32143310)
[bactrian] decide: cycle_req=false user=false emergency=false vm_exhausted=false -> Nursery
[bactrian] schedule Nursery (marking=false, mature_pages=3533243, reserved=3606609, immix=3533243, los=21, nonmoving=0, nursery=4021, heap=7916847, sweep_pending=false, seeded=1579, enq=86421786, traced=86421786, skipped_young=0, satb=40889914, satb_young_drop=32143310)
[bactrian] decide: cycle_req=false user=false emergency=false vm_exhausted=false -> Nursery
[bactrian] schedule Nursery (marking=false, mature_pages=3537398, reserved=3610975, immix=3537398, los=21, nonmoving=0, nursery=4021, heap=7926157, sweep_pending=false, seeded=1579, enq=86421786, traced=86421786, skipped_young=0, satb=40889914, satb_young_drop=32143310)
[bactrian] decide: cycle_req=false user=false emergency=false vm_exhausted=false -> Nursery
[bactrian] schedule Nursery (marking=false, mature_pages=3541553, reserved=3615207, immix=3541553, los=21, nonmoving=0, nursery=4021, heap=7935468, sweep_pending=false, seeded=1579, enq=86421786, traced=86421786, skipped_young=0, satb=40889914, satb_young_drop=32143310)
[bactrian] decide: cycle_req=false user=false emergency=false vm_exhausted=false -> Nursery
[bactrian] schedule Nursery (marking=false, mature_pages=3545708, reserved=3619439, immix=3545708, los=21, nonmoving=0, nursery=4021, heap=7944778, sweep_pending=false, seeded=1579, enq=86421786, traced=86421786, skipped_young=0, satb=40889914, satb_young_drop=32143310)
[bactrian] decide: cycle_req=false user=false emergency=false vm_exhausted=false -> Nursery
[bactrian] schedule Nursery (marking=false, mature_pages=3549865, reserved=3623673, immix=3549865, los=21, nonmoving=0, nursery=4021, heap=7954093, sweep_pending=false, seeded=1579, enq=86421786, traced=86421786, skipped_young=0, satb=40889914, satb_young_drop=32143310)
[bactrian] decide: cycle_req=false user=false emergency=false vm_exhausted=false -> Nursery
[bactrian] schedule Nursery (marking=false, mature_pages=3554020, reserved=3627770, immix=3554020, los=21, nonmoving=0, nursery=4021, heap=7963401, sweep_pending=false, seeded=1579, enq=86421786, traced=86421786, skipped_young=0, satb=40889914, satb_young_drop=32143310)
[bactrian] decide: cycle_req=false user=false emergency=false vm_exhausted=false -> Nursery
[bactrian] schedule Nursery (marking=false, mature_pages=3558175, reserved=3632002, immix=3558175, los=21, nonmoving=0, nursery=4021, heap=7972712, sweep_pending=false, seeded=1579, enq=86421786, traced=86421786, skipped_young=0, satb=40889914, satb_young_drop=32143310)
[bactrian] decide: cycle_req=false user=false emergency=false vm_exhausted=false -> Nursery
[bactrian] schedule Nursery (marking=false, mature_pages=3562330, reserved=3636234, immix=3562330, los=21, nonmoving=0, nursery=4021, heap=7982022, sweep_pending=false, seeded=1579, enq=86421786, traced=86421786, skipped_young=0, satb=40889914, satb_young_drop=32143310)
[bactrian] decide: cycle_req=false user=false emergency=false vm_exhausted=false -> Nursery
[bactrian] schedule Nursery (marking=false, mature_pages=3566485, reserved=3640600, immix=3566485, los=21, nonmoving=0, nursery=4021, heap=7991332, sweep_pending=false, seeded=1579, enq=86421786, traced=86421786, skipped_young=0, satb=40889914, satb_young_drop=32143310)
[bactrian] decide: cycle_req=false user=false emergency=false vm_exhausted=false -> Nursery
[bactrian] schedule Nursery (marking=false, mature_pages=3570640, reserved=3644698, immix=3570640, los=21, nonmoving=0, nursery=4155, heap=8000643, sweep_pending=false, seeded=1579, enq=86421786, traced=86421786, skipped_young=0, satb=40889914, satb_young_drop=32143310)
[bactrian] decide: cycle_req=false user=false emergency=false vm_exhausted=false -> Nursery
[bactrian] schedule Nursery (marking=false, mature_pages=3574795, reserved=3648929, immix=3574795, los=21, nonmoving=0, nursery=4155, heap=8009951, sweep_pending=false, seeded=1579, enq=86421786, traced=86421786, skipped_young=0, satb=40889914, satb_young_drop=32143310)
[bactrian] decide: cycle_req=false user=false emergency=false vm_exhausted=false -> Nursery
[bactrian] schedule Nursery (marking=false, mature_pages=3578950, reserved=3653161, immix=3578950, los=21, nonmoving=0, nursery=4021, heap=8019261, sweep_pending=false, seeded=1579, enq=86421786, traced=86421786, skipped_young=0, satb=40889914, satb_young_drop=32143310)
[bactrian] decide: cycle_req=false user=false emergency=false vm_exhausted=false -> Nursery
[bactrian] schedule Nursery (marking=false, mature_pages=3583107, reserved=3657529, immix=3583107, los=21, nonmoving=0, nursery=4021, heap=8028576, sweep_pending=false, seeded=1579, enq=86421786, traced=86421786, skipped_young=0, satb=40889914, satb_young_drop=32143310)
[bactrian] decide: cycle_req=false user=false emergency=false vm_exhausted=false -> Nursery
[bactrian] schedule Nursery (marking=false, mature_pages=3587262, reserved=3661761, immix=3587262, los=21, nonmoving=0, nursery=4021, heap=8037887, sweep_pending=false, seeded=1579, enq=86421786, traced=86421786, skipped_young=0, satb=40889914, satb_young_drop=32143310)
[bactrian] decide: cycle_req=false user=false emergency=false vm_exhausted=false -> Nursery
[bactrian] schedule Nursery (marking=false, mature_pages=3591417, reserved=3665859, immix=3591417, los=21, nonmoving=0, nursery=4155, heap=8047197, sweep_pending=false, seeded=1579, enq=86421786, traced=86421786, skipped_young=0, satb=40889914, satb_young_drop=32143310)
[bactrian] decide: cycle_req=false user=false emergency=false vm_exhausted=false -> Nursery
[bactrian] schedule Nursery (marking=false, mature_pages=3595572, reserved=3670224, immix=3595572, los=21, nonmoving=0, nursery=4021, heap=8056505, sweep_pending=false, seeded=1579, enq=86421786, traced=86421786, skipped_young=0, satb=40889914, satb_young_drop=32143310)
[bactrian] decide: cycle_req=false user=false emergency=false vm_exhausted=false -> Nursery
[bactrian] schedule Nursery (marking=false, mature_pages=3599727, reserved=3674322, immix=3599727, los=21, nonmoving=0, nursery=4021, heap=8065816, sweep_pending=false, seeded=1579, enq=86421786, traced=86421786, skipped_young=0, satb=40889914, satb_young_drop=32143310)
[bactrian] decide: cycle_req=false user=false emergency=false vm_exhausted=false -> Nursery
[bactrian] schedule Nursery (marking=false, mature_pages=3603882, reserved=3678554, immix=3603882, los=21, nonmoving=0, nursery=4021, heap=8075126, sweep_pending=false, seeded=1579, enq=86421786, traced=86421786, skipped_young=0, satb=40889914, satb_young_drop=32143310)
[bactrian] decide: cycle_req=false user=false emergency=false vm_exhausted=false -> Nursery
[bactrian] schedule Nursery (marking=false, mature_pages=3608037, reserved=3682786, immix=3608037, los=21, nonmoving=0, nursery=4021, heap=8084436, sweep_pending=false, seeded=1579, enq=86421786, traced=86421786, skipped_young=0, satb=40889914, satb_young_drop=32143310)
[bactrian] decide: cycle_req=false user=false emergency=false vm_exhausted=false -> Nursery
[bactrian] schedule Nursery (marking=false, mature_pages=3612192, reserved=3687152, immix=3612192, los=21, nonmoving=0, nursery=4021, heap=8093747, sweep_pending=false, seeded=1579, enq=86421786, traced=86421786, skipped_young=0, satb=40889914, satb_young_drop=32143310)
[bactrian] decide: cycle_req=false user=false emergency=false vm_exhausted=false -> Nursery
[bactrian] schedule Nursery (marking=false, mature_pages=3616347, reserved=3691249, immix=3616347, los=21, nonmoving=0, nursery=4155, heap=8103055, sweep_pending=false, seeded=1579, enq=86421786, traced=86421786, skipped_young=0, satb=40889914, satb_young_drop=32143310)
[bactrian] decide: cycle_req=false user=false emergency=false vm_exhausted=false -> Nursery
[bactrian] schedule Nursery (marking=false, mature_pages=3620504, reserved=3695617, immix=3620504, los=21, nonmoving=0, nursery=4021, heap=8112370, sweep_pending=false, seeded=1579, enq=86421786, traced=86421786, skipped_young=0, satb=40889914, satb_young_drop=32143310)
[bactrian] decide: cycle_req=false user=false emergency=false vm_exhausted=false -> Nursery
[bactrian] schedule Nursery (marking=false, mature_pages=3624659, reserved=3699715, immix=3624659, los=21, nonmoving=0, nursery=4021, heap=8121680, sweep_pending=false, seeded=1579, enq=86421786, traced=86421786, skipped_young=0, satb=40889914, satb_young_drop=32143310)
[bactrian] decide: cycle_req=false user=false emergency=false vm_exhausted=false -> Nursery
[bactrian] schedule Nursery (marking=false, mature_pages=3628814, reserved=3704081, immix=3628814, los=21, nonmoving=0, nursery=4021, heap=8130991, sweep_pending=false, seeded=1579, enq=86421786, traced=86421786, skipped_young=0, satb=40889914, satb_young_drop=32143310)
[bactrian] decide: cycle_req=false user=false emergency=false vm_exhausted=false -> Nursery
[bactrian] schedule Nursery (marking=false, mature_pages=3632969, reserved=3708313, immix=3632969, los=21, nonmoving=0, nursery=4021, heap=8140301, sweep_pending=false, seeded=1579, enq=86421786, traced=86421786, skipped_young=0, satb=40889914, satb_young_drop=32143310)
[bactrian] decide: cycle_req=false user=false emergency=false vm_exhausted=false -> Nursery
[bactrian] schedule Nursery (marking=false, mature_pages=3637124, reserved=3712410, immix=3637124, los=21, nonmoving=0, nursery=4021, heap=8149609, sweep_pending=false, seeded=1579, enq=86421786, traced=86421786, skipped_young=0, satb=40889914, satb_young_drop=32143310)
[bactrian] decide: cycle_req=false user=false emergency=false vm_exhausted=false -> Nursery
[bactrian] schedule Nursery (marking=false, mature_pages=3641279, reserved=3716776, immix=3641279, los=21, nonmoving=0, nursery=4021, heap=8158920, sweep_pending=false, seeded=1579, enq=86421786, traced=86421786, skipped_young=0, satb=40889914, satb_young_drop=32143310)
[bactrian] decide: cycle_req=false user=false emergency=false vm_exhausted=false -> Nursery
[bactrian] schedule Nursery (marking=false, mature_pages=3645434, reserved=3721008, immix=3645434, los=21, nonmoving=0, nursery=4021, heap=8168230, sweep_pending=false, seeded=1579, enq=86421786, traced=86421786, skipped_young=0, satb=40889914, satb_young_drop=32143310)
[bactrian] decide: cycle_req=false user=false emergency=false vm_exhausted=false -> Nursery
[bactrian] schedule Nursery (marking=false, mature_pages=3649589, reserved=3725106, immix=3649589, los=21, nonmoving=0, nursery=4155, heap=8177540, sweep_pending=false, seeded=1579, enq=86421786, traced=86421786, skipped_young=0, satb=40889914, satb_young_drop=32143310)
[bactrian] decide: cycle_req=false user=false emergency=false vm_exhausted=false -> Nursery
[bactrian] schedule Nursery (marking=false, mature_pages=3653746, reserved=3729474, immix=3653746, los=21, nonmoving=0, nursery=4021, heap=8186855, sweep_pending=false, seeded=1579, enq=86421786, traced=86421786, skipped_young=0, satb=40889914, satb_young_drop=32143310)
[bactrian] decide: cycle_req=false user=false emergency=false vm_exhausted=false -> Nursery
[bactrian] schedule Nursery (marking=false, mature_pages=3657901, reserved=3733571, immix=3657901, los=21, nonmoving=0, nursery=4021, heap=8196163, sweep_pending=false, seeded=1579, enq=86421786, traced=86421786, skipped_young=0, satb=40889914, satb_young_drop=32143310)
[bactrian] decide: cycle_req=false user=false emergency=false vm_exhausted=false -> Nursery
[bactrian] schedule Nursery (marking=false, mature_pages=3662056, reserved=3737803, immix=3662056, los=21, nonmoving=0, nursery=4155, heap=8205474, sweep_pending=false, seeded=1579, enq=86421786, traced=86421786, skipped_young=0, satb=40889914, satb_young_drop=32143310)
[bactrian] decide: cycle_req=false user=false emergency=false vm_exhausted=false -> Nursery
[bactrian] schedule Nursery (marking=false, mature_pages=3666211, reserved=3742035, immix=3666211, los=21, nonmoving=0, nursery=4021, heap=8214784, sweep_pending=false, seeded=1579, enq=86421786, traced=86421786, skipped_young=0, satb=40889914, satb_young_drop=32143310)
[bactrian] decide: cycle_req=false user=false emergency=false vm_exhausted=false -> Nursery
[bactrian] schedule Nursery (marking=false, mature_pages=3670366, reserved=3746401, immix=3670366, los=21, nonmoving=0, nursery=4021, heap=8224095, sweep_pending=false, seeded=1579, enq=86421786, traced=86421786, skipped_young=0, satb=40889914, satb_young_drop=32143310)
[bactrian] decide: cycle_req=false user=false emergency=false vm_exhausted=false -> Nursery
[bactrian] schedule Nursery (marking=false, mature_pages=3674521, reserved=3750499, immix=3674521, los=21, nonmoving=0, nursery=4021, heap=8233405, sweep_pending=false, seeded=1579, enq=86421786, traced=86421786, skipped_young=0, satb=40889914, satb_young_drop=32143310)
[bactrian] decide: cycle_req=false user=false emergency=false vm_exhausted=false -> Nursery
[bactrian] schedule Nursery (marking=false, mature_pages=3677482, reserved=3753514, immix=3677482, los=21, nonmoving=0, nursery=4155, heap=8240038, sweep_pending=false, seeded=1579, enq=86421786, traced=86421786, skipped_young=0, satb=40889914, satb_young_drop=32143310)
[bactrian] decide: cycle_req=false user=false emergency=false vm_exhausted=false -> Nursery
[bactrian] schedule Nursery (marking=false, mature_pages=3677568, reserved=3753602, immix=3677568, los=21, nonmoving=0, nursery=4021, heap=8240232, sweep_pending=false, seeded=1579, enq=86421786, traced=86421786, skipped_young=0, satb=40889914, satb_young_drop=32143310)
[bactrian] decide: cycle_req=false user=false emergency=false vm_exhausted=false -> Nursery
[bactrian] schedule Nursery (marking=false, mature_pages=3677653, reserved=3753688, immix=3677653, los=21, nonmoving=0, nursery=4155, heap=8240421, sweep_pending=false, seeded=1579, enq=86421786, traced=86421786, skipped_young=0, satb=40889914, satb_young_drop=32143310)
[bactrian] decide: cycle_req=false user=false emergency=false vm_exhausted=false -> Nursery
[bactrian] schedule Nursery (marking=false, mature_pages=3677743, reserved=3753914, immix=3677743, los=21, nonmoving=0, nursery=4021, heap=8240623, sweep_pending=false, seeded=1579, enq=86421786, traced=86421786, skipped_young=0, satb=40889914, satb_young_drop=32143310)
[bactrian] decide: cycle_req=false user=false emergency=false vm_exhausted=false -> Nursery
[bactrian] schedule Nursery (marking=false, mature_pages=3677828, reserved=3754001, immix=3677828, los=21, nonmoving=0, nursery=4021, heap=8240815, sweep_pending=false, seeded=1579, enq=86421786, traced=86421786, skipped_young=0, satb=40889914, satb_young_drop=32143310)
[bactrian] decide: cycle_req=false user=false emergency=false vm_exhausted=false -> Nursery
[bactrian] schedule Nursery (marking=false, mature_pages=3677914, reserved=3753954, immix=3677914, los=21, nonmoving=0, nursery=4155, heap=8241006, sweep_pending=false, seeded=1579, enq=86421786, traced=86421786, skipped_young=0, satb=40889914, satb_young_drop=32143310)
[bactrian] decide: cycle_req=false user=false emergency=false vm_exhausted=false -> Nursery
[bactrian] schedule Nursery (marking=false, mature_pages=3678000, reserved=3754042, immix=3678000, los=21, nonmoving=0, nursery=4021, heap=8241200, sweep_pending=false, seeded=1579, enq=86421786, traced=86421786, skipped_young=0, satb=40889914, satb_young_drop=32143310)
[bactrian] decide: cycle_req=false user=false emergency=false vm_exhausted=false -> Nursery
[bactrian] schedule Nursery (marking=false, mature_pages=3678089, reserved=3754132, immix=3678089, los=21, nonmoving=0, nursery=4021, heap=8241398, sweep_pending=false, seeded=1579, enq=86421786, traced=86421786, skipped_young=0, satb=40889914, satb_young_drop=32143310)
[bactrian] decide: cycle_req=false user=false emergency=false vm_exhausted=false -> Nursery
[bactrian] schedule Nursery (marking=false, mature_pages=3678174, reserved=3754219, immix=3678174, los=21, nonmoving=0, nursery=4021, heap=8241589, sweep_pending=false, seeded=1579, enq=86421786, traced=86421786, skipped_young=0, satb=40889914, satb_young_drop=32143310)
[bactrian] decide: cycle_req=false user=false emergency=false vm_exhausted=false -> Nursery
[bactrian] schedule Nursery (marking=false, mature_pages=3678261, reserved=3754308, immix=3678261, los=21, nonmoving=0, nursery=4021, heap=8241785, sweep_pending=false, seeded=1579, enq=86421786, traced=86421786, skipped_young=0, satb=40889914, satb_young_drop=32143310)
[bactrian] decide: cycle_req=false user=false emergency=false vm_exhausted=false -> Nursery
[bactrian] schedule Nursery (marking=false, mature_pages=3680798, reserved=3756892, immix=3680798, los=21, nonmoving=0, nursery=4021, heap=8247470, sweep_pending=false, seeded=1579, enq=86421786, traced=86421786, skipped_young=0, satb=40889914, satb_young_drop=32143310)
[bactrian] decide: cycle_req=false user=false emergency=false vm_exhausted=false -> Nursery
[bactrian] schedule Nursery (marking=false, mature_pages=3684953, reserved=3761257, immix=3684953, los=21, nonmoving=0, nursery=4021, heap=8256778, sweep_pending=false, seeded=1579, enq=86421786, traced=86421786, skipped_young=0, satb=40889914, satb_young_drop=32143310)
[bactrian] decide: cycle_req=false user=false emergency=false vm_exhausted=false -> Nursery
[bactrian] schedule Nursery (marking=false, mature_pages=3689110, reserved=3765491, immix=3689110, los=21, nonmoving=0, nursery=4021, heap=8266093, sweep_pending=false, seeded=1579, enq=86421786, traced=86421786, skipped_young=0, satb=40889914, satb_young_drop=32143310)
[bactrian] decide: cycle_req=false user=false emergency=false vm_exhausted=false -> Nursery
[bactrian] schedule Nursery (marking=false, mature_pages=3693265, reserved=3769723, immix=3693265, los=21, nonmoving=0, nursery=4021, heap=8275403, sweep_pending=false, seeded=1579, enq=86421786, traced=86421786, skipped_young=0, satb=40889914, satb_young_drop=32143310)
[bactrian] decide: cycle_req=false user=false emergency=false vm_exhausted=false -> Nursery
[bactrian] schedule Nursery (marking=false, mature_pages=3697420, reserved=3773955, immix=3697420, los=21, nonmoving=0, nursery=4021, heap=8284713, sweep_pending=false, seeded=1579, enq=86421786, traced=86421786, skipped_young=0, satb=40889914, satb_young_drop=32143310)
[bactrian] decide: cycle_req=false user=false emergency=false vm_exhausted=false -> Nursery
[bactrian] schedule Nursery (marking=false, mature_pages=3701575, reserved=3778187, immix=3701575, los=21, nonmoving=0, nursery=4021, heap=8294024, sweep_pending=false, seeded=1579, enq=86421786, traced=86421786, skipped_young=0, satb=40889914, satb_young_drop=32143310)
[bactrian] decide: cycle_req=false user=false emergency=false vm_exhausted=false -> Nursery
[bactrian] schedule Nursery (marking=false, mature_pages=3705730, reserved=3782284, immix=3705730, los=21, nonmoving=0, nursery=4155, heap=8303332, sweep_pending=false, seeded=1579, enq=86421786, traced=86421786, skipped_young=0, satb=40889914, satb_young_drop=32143310)
[bactrian] decide: cycle_req=false user=false emergency=false vm_exhausted=false -> Nursery
[bactrian] schedule Nursery (marking=false, mature_pages=3709885, reserved=3786516, immix=3709885, los=21, nonmoving=0, nursery=4155, heap=8312642, sweep_pending=false, seeded=1579, enq=86421786, traced=86421786, skipped_young=0, satb=40889914, satb_young_drop=32143310)
[bactrian] decide: cycle_req=true user=false emergency=false vm_exhausted=false -> InitialMark
[bactrian] schedule InitialMark (marking=false, mature_pages=3714040, reserved=3782976, immix=3714040, los=21, nonmoving=0, nursery=135, heap=8321953, sweep_pending=false, seeded=1579, enq=86421786, traced=86421786, skipped_young=0, satb=40889914, satb_young_drop=32143310)
[bactrian] schedule Nursery (marking=true, mature_pages=3714056, reserved=3790898, immix=3714056, los=21, nonmoving=0, nursery=4021, heap=8321988, sweep_pending=false, seeded=2378, enq=86422585, traced=86421786, skipped_young=0, satb=40891272, satb_young_drop=32258423)
[bactrian] schedule Nursery (marking=true, mature_pages=3718211, reserved=3794996, immix=3718211, los=21, nonmoving=0, nursery=4021, heap=8331298, sweep_pending=false, seeded=2378, enq=86554414, traced=86523232, skipped_young=0, satb=40892618, satb_young_drop=32373541)
[bactrian] schedule Nursery (marking=true, mature_pages=3722366, reserved=3799228, immix=3722366, los=21, nonmoving=0, nursery=4021, heap=8340609, sweep_pending=false, seeded=2378, enq=86639186, traced=86612296, skipped_young=0, satb=40893964, satb_young_drop=32488658)
[bactrian] schedule Nursery (marking=true, mature_pages=3726523, reserved=3803596, immix=3726523, los=21, nonmoving=0, nursery=4021, heap=8349924, sweep_pending=false, seeded=2378, enq=86728377, traced=86636520, skipped_young=0, satb=40895322, satb_young_drop=32603772)
[bactrian] schedule Nursery (marking=true, mature_pages=3730678, reserved=3807693, immix=3730678, los=21, nonmoving=0, nursery=4155, heap=8359232, sweep_pending=false, seeded=2378, enq=86815155, traced=86714490, skipped_young=0, satb=40896668, satb_young_drop=32718890)
[bactrian] schedule Nursery (marking=true, mature_pages=3734833, reserved=3812059, immix=3734833, los=21, nonmoving=0, nursery=4155, heap=8368542, sweep_pending=false, seeded=2378, enq=86903174, traced=86815700, skipped_young=0, satb=40898014, satb_young_drop=32834007)
[bactrian] schedule Nursery (marking=true, mature_pages=3738988, reserved=3816157, immix=3738988, los=21, nonmoving=0, nursery=4021, heap=8377853, sweep_pending=false, seeded=2378, enq=86984531, traced=86897812, skipped_young=0, satb=40899372, satb_young_drop=32949121)
[bactrian] schedule Nursery (marking=true, mature_pages=3743143, reserved=3820523, immix=3743143, los=21, nonmoving=0, nursery=4021, heap=8387163, sweep_pending=false, seeded=2378, enq=87042688, traced=87008947, skipped_young=0, satb=40900718, satb_young_drop=33064239)
[bactrian] schedule Nursery (marking=true, mature_pages=3747298, reserved=3824755, immix=3747298, los=21, nonmoving=0, nursery=4021, heap=8396473, sweep_pending=false, seeded=2378, enq=87097293, traced=87057626, skipped_young=0, satb=40902064, satb_young_drop=33179357)
[bactrian] schedule Nursery (marking=true, mature_pages=3751453, reserved=3828852, immix=3751453, los=21, nonmoving=0, nursery=4021, heap=8405782, sweep_pending=false, seeded=2378, enq=87160334, traced=87115795, skipped_young=0, satb=40903410, satb_young_drop=33294473)
[bactrian] schedule Nursery (marking=true, mature_pages=3755608, reserved=3833218, immix=3755608, los=21, nonmoving=0, nursery=4155, heap=8415092, sweep_pending=false, seeded=2378, enq=87219922, traced=87168963, skipped_young=0, satb=40904767, satb_young_drop=33409589)
[bactrian] schedule Nursery (marking=true, mature_pages=3759765, reserved=3837452, immix=3759765, los=21, nonmoving=0, nursery=4021, heap=8424407, sweep_pending=false, seeded=2378, enq=87275109, traced=87206204, skipped_young=0, satb=40906113, satb_young_drop=33524707)
[bactrian] schedule Nursery (marking=true, mature_pages=3763920, reserved=3841684, immix=3763920, los=21, nonmoving=0, nursery=4021, heap=8433717, sweep_pending=false, seeded=2378, enq=87344316, traced=87285971, skipped_young=0, satb=40907459, satb_young_drop=33639824)
[bactrian] schedule Nursery (marking=true, mature_pages=3768075, reserved=3845916, immix=3768075, los=21, nonmoving=0, nursery=4021, heap=8443028, sweep_pending=false, seeded=2378, enq=87417669, traced=87382965, skipped_young=0, satb=40908817, satb_young_drop=33754938)
[bactrian] schedule Nursery (marking=true, mature_pages=3772230, reserved=3850147, immix=3772230, los=21, nonmoving=0, nursery=4021, heap=8452336, sweep_pending=false, seeded=2378, enq=87494081, traced=87491177, skipped_young=0, satb=40910163, satb_young_drop=33870056)
[bactrian] schedule Nursery (marking=true, mature_pages=3776385, reserved=3854245, immix=3776385, los=21, nonmoving=0, nursery=4021, heap=8461646, sweep_pending=false, seeded=2378, enq=87583943, traced=87581040, skipped_young=0, satb=40911509, satb_young_drop=33985173)
[bactrian] schedule Nursery (marking=true, mature_pages=3780540, reserved=3858477, immix=3780540, los=21, nonmoving=0, nursery=4021, heap=8470957, sweep_pending=false, seeded=2378, enq=87671764, traced=87668861, skipped_young=0, satb=40912867, satb_young_drop=34100287)
[bactrian] schedule Nursery (marking=true, mature_pages=3784695, reserved=3862843, immix=3784695, los=21, nonmoving=0, nursery=4021, heap=8480267, sweep_pending=false, seeded=2378, enq=87754367, traced=87751464, skipped_young=0, satb=40914213, satb_young_drop=34215405)
[bactrian] schedule Nursery (marking=true, mature_pages=3788850, reserved=3867075, immix=3788850, los=21, nonmoving=0, nursery=4021, heap=8489577, sweep_pending=false, seeded=2378, enq=87845958, traced=87843055, skipped_young=0, satb=40915559, satb_young_drop=34330522)
[bactrian] schedule Nursery (marking=true, mature_pages=3793005, reserved=3871306, immix=3793005, los=21, nonmoving=0, nursery=4021, heap=8498886, sweep_pending=false, seeded=2378, enq=87934637, traced=87931734, skipped_young=0, satb=40916917, satb_young_drop=34445636)
[bactrian] schedule Nursery (marking=true, mature_pages=3797162, reserved=3875540, immix=3797162, los=21, nonmoving=0, nursery=4021, heap=8508200, sweep_pending=false, seeded=2378, enq=88024483, traced=88021580, skipped_young=0, satb=40918263, satb_young_drop=34560754)
[bactrian] schedule Nursery (marking=true, mature_pages=3801317, reserved=3879772, immix=3801317, los=21, nonmoving=0, nursery=4155, heap=8517511, sweep_pending=false, seeded=2378, enq=88109113, traced=88106210, skipped_young=0, satb=40919609, satb_young_drop=34675872)
[bactrian] schedule Nursery (marking=true, mature_pages=3805472, reserved=3883870, immix=3805472, los=21, nonmoving=0, nursery=4021, heap=8526821, sweep_pending=false, seeded=2378, enq=88198947, traced=88196044, skipped_young=0, satb=40920967, satb_young_drop=34790985)
[bactrian] schedule Nursery (marking=true, mature_pages=3809627, reserved=3888236, immix=3809627, los=21, nonmoving=0, nursery=4021, heap=8536132, sweep_pending=false, seeded=2378, enq=88287641, traced=88284738, skipped_young=0, satb=40922313, satb_young_drop=34906103)
[bactrian] schedule Nursery (marking=true, mature_pages=3813782, reserved=3892467, immix=3813782, los=21, nonmoving=0, nursery=4021, heap=8545440, sweep_pending=false, seeded=2378, enq=88376323, traced=88373420, skipped_young=0, satb=40923659, satb_young_drop=35021221)
[bactrian] schedule Nursery (marking=true, mature_pages=3817937, reserved=3896565, immix=3817937, los=21, nonmoving=0, nursery=4021, heap=8554750, sweep_pending=false, seeded=2378, enq=88459199, traced=88456296, skipped_young=0, satb=40925005, satb_young_drop=35136338)
[bactrian] schedule Nursery (marking=true, mature_pages=3822092, reserved=3900797, immix=3822092, los=21, nonmoving=0, nursery=4021, heap=8564061, sweep_pending=false, seeded=2378, enq=88543838, traced=88540935, skipped_young=0, satb=40926363, satb_young_drop=35251452)
[bactrian] schedule Nursery (marking=true, mature_pages=3826247, reserved=3905029, immix=3826247, los=21, nonmoving=0, nursery=4021, heap=8573371, sweep_pending=false, seeded=2378, enq=88635441, traced=88632538, skipped_young=0, satb=40927709, satb_young_drop=35366570)
[bactrian] schedule Nursery (marking=true, mature_pages=3830404, reserved=3909263, immix=3830404, los=21, nonmoving=0, nursery=4021, heap=8582686, sweep_pending=false, seeded=2378, enq=88727023, traced=88724120, skipped_young=0, satb=40929055, satb_young_drop=35481687)
[bactrian] schedule Nursery (marking=true, mature_pages=3834559, reserved=3913494, immix=3834559, los=21, nonmoving=0, nursery=4021, heap=8591994, sweep_pending=false, seeded=2378, enq=88818605, traced=88815702, skipped_young=0, satb=40930413, satb_young_drop=35596801)
[bactrian] schedule Nursery (marking=true, mature_pages=3838714, reserved=3917726, immix=3838714, los=21, nonmoving=0, nursery=4021, heap=8601304, sweep_pending=false, seeded=2378, enq=88908448, traced=88905545, skipped_young=0, satb=40931759, satb_young_drop=35711919)
[bactrian] schedule Nursery (marking=true, mature_pages=3842869, reserved=3921958, immix=3842869, los=21, nonmoving=0, nursery=4021, heap=8610615, sweep_pending=false, seeded=2378, enq=88994224, traced=88991321, skipped_young=0, satb=40933105, satb_young_drop=35827036)
[bactrian] schedule Nursery (marking=true, mature_pages=3847024, reserved=3926324, immix=3847024, los=21, nonmoving=0, nursery=4021, heap=8619925, sweep_pending=false, seeded=2378, enq=89076245, traced=89073342, skipped_young=0, satb=40934463, satb_young_drop=35942150)
[bactrian] schedule Nursery (marking=true, mature_pages=3851179, reserved=3930556, immix=3851179, los=21, nonmoving=0, nursery=4021, heap=8629236, sweep_pending=false, seeded=2378, enq=89161757, traced=89158854, skipped_young=0, satb=40935809, satb_young_drop=36057268)
[bactrian] schedule Nursery (marking=true, mature_pages=3855334, reserved=3934653, immix=3855334, los=21, nonmoving=0, nursery=4021, heap=8638544, sweep_pending=false, seeded=2378, enq=89253345, traced=89250442, skipped_young=0, satb=40937155, satb_young_drop=36172385)
[bactrian] schedule Nursery (marking=true, mature_pages=3859489, reserved=3939019, immix=3859489, los=21, nonmoving=0, nursery=4021, heap=8647854, sweep_pending=false, seeded=2378, enq=89343123, traced=89340223, skipped_young=0, satb=40938513, satb_young_drop=36287499)
[bactrian] schedule Nursery (marking=true, mature_pages=3863644, reserved=3943117, immix=3863644, los=21, nonmoving=0, nursery=4021, heap=8657165, sweep_pending=false, seeded=2378, enq=89430869, traced=89427969, skipped_young=0, satb=40939859, satb_young_drop=36402617)
[bactrian] schedule Nursery (marking=true, mature_pages=3867801, reserved=3947351, immix=3867801, los=21, nonmoving=0, nursery=4021, heap=8666479, sweep_pending=false, seeded=2378, enq=89520322, traced=89517422, skipped_young=0, satb=40941205, satb_young_drop=36517735)
[bactrian] schedule Nursery (marking=true, mature_pages=3871956, reserved=3951717, immix=3871956, los=21, nonmoving=0, nursery=4021, heap=8675790, sweep_pending=false, seeded=2378, enq=89608911, traced=89606011, skipped_young=0, satb=40942563, satb_young_drop=36632848)
[bactrian] schedule Nursery (marking=true, mature_pages=3876111, reserved=3955948, immix=3876111, los=21, nonmoving=0, nursery=4021, heap=8685098, sweep_pending=false, seeded=2378, enq=89694618, traced=89691718, skipped_young=0, satb=40943909, satb_young_drop=36747966)
[bactrian] schedule Nursery (marking=true, mature_pages=3880266, reserved=3960046, immix=3880266, los=21, nonmoving=0, nursery=4021, heap=8694408, sweep_pending=false, seeded=2378, enq=89776267, traced=89773367, skipped_young=0, satb=40945255, satb_young_drop=36863084)
[bactrian] schedule Nursery (marking=true, mature_pages=3884421, reserved=3964412, immix=3884421, los=21, nonmoving=0, nursery=4021, heap=8703719, sweep_pending=false, seeded=2378, enq=89864865, traced=89861965, skipped_young=0, satb=40946601, satb_young_drop=36978201)
[bactrian] schedule Nursery (marking=true, mature_pages=3888576, reserved=3968510, immix=3888576, los=21, nonmoving=0, nursery=4021, heap=8713029, sweep_pending=false, seeded=2378, enq=89956357, traced=89953457, skipped_young=0, satb=40947959, satb_young_drop=37093315)
[bactrian] schedule Nursery (marking=true, mature_pages=3892731, reserved=3972742, immix=3892731, los=21, nonmoving=0, nursery=4155, heap=8722340, sweep_pending=false, seeded=2378, enq=90046110, traced=90043210, skipped_young=0, satb=40949305, satb_young_drop=37208433)
[bactrian] schedule Nursery (marking=true, mature_pages=3896886, reserved=3976973, immix=3896886, los=21, nonmoving=0, nursery=4021, heap=8731648, sweep_pending=false, seeded=2378, enq=90136453, traced=90133553, skipped_young=0, satb=40950651, satb_young_drop=37323550)
[bactrian] schedule Nursery (marking=true, mature_pages=3901043, reserved=3981207, immix=3901043, los=21, nonmoving=0, nursery=4021, heap=8740963, sweep_pending=false, seeded=2378, enq=90226155, traced=90223260, skipped_young=0, satb=40952009, satb_young_drop=37438664)
[bactrian] schedule Nursery (marking=true, mature_pages=3905198, reserved=3985573, immix=3905198, los=21, nonmoving=0, nursery=4021, heap=8750273, sweep_pending=false, seeded=2378, enq=90316358, traced=90313463, skipped_young=0, satb=40953355, satb_young_drop=37553782)
[bactrian] schedule Nursery (marking=true, mature_pages=3909353, reserved=3989671, immix=3909353, los=21, nonmoving=0, nursery=4021, heap=8759583, sweep_pending=false, seeded=2378, enq=90398810, traced=90398807, skipped_young=0, satb=40954701, satb_young_drop=37668899)
[bactrian] schedule FinalMark (marking=true, mature_pages=3913508, reserved=3985861, immix=3913508, los=21, nonmoving=0, nursery=0, heap=8768894, sweep_pending=false, seeded=2378, enq=90401977, traced=90401977, skipped_young=0, satb=40954701, satb_young_drop=37668899)
[bactrian] schedule Nursery (marking=false, mature_pages=3904228, reserved=3984585, immix=3904228, los=21, nonmoving=0, nursery=4021, heap=8768894, sweep_pending=true, seeded=2378, enq=90401977, traced=90401977, skipped_young=0, satb=40954701, satb_young_drop=37668899)
[bactrian] schedule Nursery (marking=false, mature_pages=3895978, reserved=3976183, immix=3895978, los=21, nonmoving=0, nursery=4021, heap=8729615, sweep_pending=true, seeded=2378, enq=90401977, traced=90401977, skipped_young=0, satb=40954701, satb_young_drop=37668899)
[bactrian] schedule Nursery (marking=false, mature_pages=3887945, reserved=3968001, immix=3887945, los=21, nonmoving=0, nursery=4021, heap=8729615, sweep_pending=true, seeded=2378, enq=90401977, traced=90401977, skipped_young=0, satb=40954701, satb_young_drop=37668899)
[bactrian] schedule Nursery (marking=false, mature_pages=3879912, reserved=3959686, immix=3879912, los=21, nonmoving=0, nursery=4155, heap=8729615, sweep_pending=true, seeded=2378, enq=90401977, traced=90401977, skipped_young=0, satb=40954701, satb_young_drop=37668899)
[bactrian] schedule Nursery (marking=false, mature_pages=3871879, reserved=3951504, immix=3871879, los=21, nonmoving=0, nursery=4021, heap=8729615, sweep_pending=true, seeded=2378, enq=90401977, traced=90401977, skipped_young=0, satb=40954701, satb_young_drop=37668899)
[bactrian] schedule Nursery (marking=false, mature_pages=3863844, reserved=3943321, immix=3863844, los=21, nonmoving=0, nursery=4155, heap=8729615, sweep_pending=true, seeded=2378, enq=90401977, traced=90401977, skipped_young=0, satb=40954701, satb_young_drop=37668899)
[bactrian] schedule Nursery (marking=false, mature_pages=3855811, reserved=3935273, immix=3855811, los=21, nonmoving=0, nursery=4021, heap=8729615, sweep_pending=true, seeded=2378, enq=90401977, traced=90401977, skipped_young=0, satb=40954701, satb_young_drop=37668899)
[bactrian] schedule Nursery (marking=false, mature_pages=3847778, reserved=3926958, immix=3847778, los=21, nonmoving=0, nursery=4155, heap=8729615, sweep_pending=true, seeded=2378, enq=90401977, traced=90401977, skipped_young=0, satb=40954701, satb_young_drop=37668899)
[bactrian] schedule Nursery (marking=false, mature_pages=3839745, reserved=3918776, immix=3839745, los=21, nonmoving=0, nursery=4021, heap=8729615, sweep_pending=true, seeded=2378, enq=90401977, traced=90401977, skipped_young=0, satb=40954701, satb_young_drop=37668899)
[bactrian] schedule Nursery (marking=false, mature_pages=3832820, reserved=3911723, immix=3832820, los=21, nonmoving=0, nursery=4021, heap=8729615, sweep_pending=true, seeded=2378, enq=90401977, traced=90401977, skipped_young=0, satb=40954701, satb_young_drop=37668899)
[bactrian] schedule Nursery (marking=false, mature_pages=3824785, reserved=3903674, immix=3824785, los=21, nonmoving=0, nursery=4021, heap=8729615, sweep_pending=true, seeded=2378, enq=90401977, traced=90401977, skipped_young=0, satb=40954701, satb_young_drop=37668899)
[bactrian] schedule Nursery (marking=false, mature_pages=3816752, reserved=3895492, immix=3816752, los=21, nonmoving=0, nursery=4021, heap=8729615, sweep_pending=true, seeded=2378, enq=90401977, traced=90401977, skipped_young=0, satb=40954701, satb_young_drop=37668899)
[bactrian] schedule Nursery (marking=false, mature_pages=3808719, reserved=3887311, immix=3808719, los=21, nonmoving=0, nursery=4021, heap=8729615, sweep_pending=true, seeded=2378, enq=90401977, traced=90401977, skipped_young=0, satb=40954701, satb_young_drop=37668899)
[bactrian] schedule Nursery (marking=false, mature_pages=3800686, reserved=3879129, immix=3800686, los=21, nonmoving=0, nursery=4021, heap=8729615, sweep_pending=true, seeded=2378, enq=90401977, traced=90401977, skipped_young=0, satb=40954701, satb_young_drop=37668899)
[bactrian] schedule Nursery (marking=false, mature_pages=3792651, reserved=3870946, immix=3792651, los=21, nonmoving=0, nursery=4021, heap=8729615, sweep_pending=true, seeded=2378, enq=90401977, traced=90401977, skipped_young=0, satb=40954701, satb_young_drop=37668899)
[bactrian] schedule Nursery (marking=false, mature_pages=3784618, reserved=3862630, immix=3784618, los=21, nonmoving=0, nursery=4021, heap=8729615, sweep_pending=true, seeded=2378, enq=90401977, traced=90401977, skipped_young=0, satb=40954701, satb_young_drop=37668899)
[bactrian] schedule Nursery (marking=false, mature_pages=3776585, reserved=3854449, immix=3776585, los=21, nonmoving=0, nursery=4021, heap=8729615, sweep_pending=true, seeded=2378, enq=90401977, traced=90401977, skipped_young=0, satb=40954701, satb_young_drop=37668899)
[bactrian] schedule Nursery (marking=false, mature_pages=3768552, reserved=3846267, immix=3768552, los=21, nonmoving=0, nursery=4021, heap=8729615, sweep_pending=true, seeded=2378, enq=90401977, traced=90401977, skipped_young=0, satb=40954701, satb_young_drop=37668899)
[bactrian] schedule Nursery (marking=false, mature_pages=3761627, reserved=3839348, immix=3761627, los=21, nonmoving=0, nursery=4021, heap=8729615, sweep_pending=true, seeded=2378, enq=90401977, traced=90401977, skipped_young=0, satb=40954701, satb_young_drop=37668899)
[bactrian] schedule Nursery (marking=false, mature_pages=3754700, reserved=3832293, immix=3754700, los=21, nonmoving=0, nursery=4021, heap=8729615, sweep_pending=true, seeded=2378, enq=90401977, traced=90401977, skipped_young=0, satb=40954701, satb_young_drop=37668899)
[bactrian] schedule Nursery (marking=false, mature_pages=3746667, reserved=3823978, immix=3746667, los=21, nonmoving=0, nursery=4021, heap=8729615, sweep_pending=true, seeded=2378, enq=90401977, traced=90401977, skipped_young=0, satb=40954701, satb_young_drop=37668899)
[bactrian] schedule Nursery (marking=false, mature_pages=3738634, reserved=3815797, immix=3738634, los=21, nonmoving=0, nursery=4155, heap=8729615, sweep_pending=true, seeded=2378, enq=90401977, traced=90401977, skipped_young=0, satb=40954701, satb_young_drop=37668899)
[bactrian] schedule Nursery (marking=false, mature_pages=3730601, reserved=3807749, immix=3730601, los=21, nonmoving=0, nursery=4021, heap=8729615, sweep_pending=true, seeded=2378, enq=90401977, traced=90401977, skipped_young=0, satb=40954701, satb_young_drop=37668899)
[bactrian] schedule Nursery (marking=false, mature_pages=3722566, reserved=3799566, immix=3722566, los=21, nonmoving=0, nursery=4021, heap=8729615, sweep_pending=true, seeded=2378, enq=90401977, traced=90401977, skipped_young=0, satb=40954701, satb_young_drop=37668899)
[bactrian] schedule Nursery (marking=false, mature_pages=3712732, reserved=3789550, immix=3712732, los=21, nonmoving=0, nursery=4021, heap=8729615, sweep_pending=true, seeded=2378, enq=90401977, traced=90401977, skipped_young=0, satb=40954701, satb_young_drop=37668899)
[bactrian] schedule Nursery (marking=false, mature_pages=3706170, reserved=3782733, immix=3706170, los=21, nonmoving=0, nursery=4021, heap=8729615, sweep_pending=true, seeded=2378, enq=90401977, traced=90401977, skipped_young=0, satb=40954701, satb_young_drop=37668899)
[bactrian] schedule Nursery (marking=false, mature_pages=3699608, reserved=3776049, immix=3699608, los=21, nonmoving=0, nursery=4021, heap=8729615, sweep_pending=true, seeded=2378, enq=90401977, traced=90401977, skipped_young=0, satb=40954701, satb_young_drop=37668899)
[bactrian] schedule Nursery (marking=false, mature_pages=3691941, reserved=3768374, immix=3691941, los=21, nonmoving=0, nursery=4021, heap=8729615, sweep_pending=true, seeded=2378, enq=90401977, traced=90401977, skipped_young=0, satb=40954701, satb_young_drop=37668899)
[bactrian] schedule Nursery (marking=false, mature_pages=3682052, reserved=3758303, immix=3682052, los=21, nonmoving=0, nursery=4021, heap=8729615, sweep_pending=true, seeded=2378, enq=90401977, traced=90401977, skipped_young=0, satb=40954701, satb_young_drop=37668899)
[bactrian] schedule Nursery (marking=false, mature_pages=3671059, reserved=3747241, immix=3671059, los=21, nonmoving=0, nursery=4021, heap=8729615, sweep_pending=true, seeded=2378, enq=90401977, traced=90401977, skipped_young=0, satb=40954701, satb_young_drop=37668899)
[bactrian] schedule Nursery (marking=false, mature_pages=3664496, reserved=3740422, immix=3664496, los=21, nonmoving=0, nursery=4021, heap=8729615, sweep_pending=true, seeded=2378, enq=90401977, traced=90401977, skipped_young=0, satb=40954701, satb_young_drop=37668899)
[bactrian] schedule Nursery (marking=false, mature_pages=3656829, reserved=3732480, immix=3656829, los=21, nonmoving=0, nursery=4021, heap=8729615, sweep_pending=true, seeded=2378, enq=90401977, traced=90401977, skipped_young=0, satb=40954701, satb_young_drop=37668899)
[bactrian] schedule Nursery (marking=false, mature_pages=3650265, reserved=3725794, immix=3650265, los=21, nonmoving=0, nursery=4021, heap=8729615, sweep_pending=true, seeded=2378, enq=90401977, traced=90401977, skipped_young=0, satb=40954701, satb_young_drop=37668899)
[bactrian] schedule Nursery (marking=false, mature_pages=3643703, reserved=3719111, immix=3643703, los=21, nonmoving=0, nursery=4021, heap=8729615, sweep_pending=true, seeded=2378, enq=90401977, traced=90401977, skipped_young=0, satb=40954701, satb_young_drop=37668899)
[bactrian] schedule Nursery (marking=false, mature_pages=3635763, reserved=3711024, immix=3635763, los=21, nonmoving=0, nursery=4021, heap=8729615, sweep_pending=true, seeded=2378, enq=90401977, traced=90401977, skipped_young=0, satb=40954701, satb_young_drop=37668899)
[bactrian] schedule Nursery (marking=false, mature_pages=3627730, reserved=3702843, immix=3627730, los=21, nonmoving=0, nursery=4155, heap=8729615, sweep_pending=true, seeded=2378, enq=90401977, traced=90401977, skipped_young=0, satb=40954701, satb_young_drop=37668899)
[bactrian] schedule Nursery (marking=false, mature_pages=3619697, reserved=3694661, immix=3619697, los=21, nonmoving=0, nursery=4021, heap=8729615, sweep_pending=true, seeded=2378, enq=90401977, traced=90401977, skipped_young=0, satb=40954701, satb_young_drop=37668899)
[bactrian] schedule Nursery (marking=false, mature_pages=3611662, reserved=3686478, immix=3611662, los=21, nonmoving=0, nursery=4021, heap=8729615, sweep_pending=true, seeded=2378, enq=90401977, traced=90401977, skipped_young=0, satb=40954701, satb_young_drop=37668899)
[bactrian] schedule Nursery (marking=false, mature_pages=3604737, reserved=3679559, immix=3604737, los=21, nonmoving=0, nursery=4021, heap=8729615, sweep_pending=true, seeded=2378, enq=90401977, traced=90401977, skipped_young=0, satb=40954701, satb_young_drop=37668899)
[bactrian] schedule Nursery (marking=false, mature_pages=3597812, reserved=3672372, immix=3597812, los=21, nonmoving=0, nursery=4021, heap=8729615, sweep_pending=true, seeded=2378, enq=90401977, traced=90401977, skipped_young=0, satb=40954701, satb_young_drop=37668899)
[bactrian] schedule Nursery (marking=false, mature_pages=3589779, reserved=3664190, immix=3589779, los=21, nonmoving=0, nursery=4021, heap=8729615, sweep_pending=true, seeded=2378, enq=90401977, traced=90401977, skipped_young=0, satb=40954701, satb_young_drop=37668899)
[bactrian] schedule Nursery (marking=false, mature_pages=3581746, reserved=3656143, immix=3581746, los=21, nonmoving=0, nursery=4021, heap=8729615, sweep_pending=true, seeded=2378, enq=90401977, traced=90401977, skipped_young=0, satb=40954701, satb_young_drop=37668899)
[bactrian] schedule Nursery (marking=false, mature_pages=3574819, reserved=3648954, immix=3574819, los=21, nonmoving=0, nursery=4021, heap=8729615, sweep_pending=true, seeded=2378, enq=90401977, traced=90401977, skipped_young=0, satb=40954701, satb_young_drop=37668899)
[bactrian] schedule Nursery (marking=false, mature_pages=3567894, reserved=3641901, immix=3567894, los=21, nonmoving=0, nursery=4155, heap=8729615, sweep_pending=true, seeded=2378, enq=90401977, traced=90401977, skipped_young=0, satb=40954701, satb_young_drop=37668899)
[bactrian] schedule Nursery (marking=false, mature_pages=3559861, reserved=3633853, immix=3559861, los=21, nonmoving=0, nursery=4021, heap=8729615, sweep_pending=true, seeded=2378, enq=90401977, traced=90401977, skipped_young=0, satb=40954701, satb_young_drop=37668899)
[bactrian] schedule Nursery (marking=false, mature_pages=3551828, reserved=3625672, immix=3551828, los=21, nonmoving=0, nursery=4021, heap=8729615, sweep_pending=true, seeded=2378, enq=90401977, traced=90401977, skipped_young=0, satb=40954701, satb_young_drop=37668899)
[bactrian] schedule Nursery (marking=false, mature_pages=3543793, reserved=3617488, immix=3543793, los=21, nonmoving=0, nursery=4021, heap=8729615, sweep_pending=true, seeded=2378, enq=90401977, traced=90401977, skipped_young=0, satb=40954701, satb_young_drop=37668899)
[bactrian] schedule Nursery (marking=false, mature_pages=3536868, reserved=3610301, immix=3536868, los=21, nonmoving=0, nursery=4155, heap=8729615, sweep_pending=true, seeded=2378, enq=90401977, traced=90401977, skipped_young=0, satb=40954701, satb_young_drop=37668899)
[bactrian] schedule Nursery (marking=false, mature_pages=3529943, reserved=3603248, immix=3529943, los=21, nonmoving=0, nursery=4155, heap=8729615, sweep_pending=true, seeded=2378, enq=90401977, traced=90401977, skipped_young=0, satb=40954701, satb_young_drop=37668899)
[bactrian] schedule Nursery (marking=false, mature_pages=3521910, reserved=3595067, immix=3521910, los=21, nonmoving=0, nursery=4155, heap=8729615, sweep_pending=true, seeded=2378, enq=90401977, traced=90401977, skipped_young=0, satb=40954701, satb_young_drop=37668899)
[bactrian] schedule Nursery (marking=false, mature_pages=3513877, reserved=3587019, immix=3513877, los=21, nonmoving=0, nursery=4021, heap=8729615, sweep_pending=true, seeded=2378, enq=90401977, traced=90401977, skipped_young=0, satb=40954701, satb_young_drop=37668899)
[bactrian] schedule Nursery (marking=false, mature_pages=3505842, reserved=3578836, immix=3505842, los=21, nonmoving=0, nursery=4021, heap=8729615, sweep_pending=true, seeded=2378, enq=90401977, traced=90401977, skipped_young=0, satb=40954701, satb_young_drop=37668899)
[bactrian] schedule Nursery (marking=false, mature_pages=3497809, reserved=3570654, immix=3497809, los=21, nonmoving=0, nursery=4021, heap=8729615, sweep_pending=true, seeded=2378, enq=90401977, traced=90401977, skipped_young=0, satb=40954701, satb_young_drop=37668899)
[bactrian] schedule Nursery (marking=false, mature_pages=3489776, reserved=3562339, immix=3489776, los=21, nonmoving=0, nursery=4155, heap=8729615, sweep_pending=true, seeded=2378, enq=90401977, traced=90401977, skipped_young=0, satb=40954701, satb_young_drop=37668899)
[bactrian] schedule Nursery (marking=false, mature_pages=3481743, reserved=3554292, immix=3481743, los=21, nonmoving=0, nursery=4021, heap=8729615, sweep_pending=true, seeded=2378, enq=90401977, traced=90401977, skipped_young=0, satb=40954701, satb_young_drop=37668899)
[bactrian] schedule Nursery (marking=false, mature_pages=3473708, reserved=3546108, immix=3473708, los=21, nonmoving=0, nursery=4021, heap=8729615, sweep_pending=true, seeded=2378, enq=90401977, traced=90401977, skipped_young=0, satb=40954701, satb_young_drop=37668899)
[bactrian] schedule Nursery (marking=false, mature_pages=3465675, reserved=3537927, immix=3465675, los=21, nonmoving=0, nursery=4021, heap=8729615, sweep_pending=true, seeded=2378, enq=90401977, traced=90401977, skipped_young=0, satb=40954701, satb_young_drop=37668899)
[bactrian] schedule Nursery (marking=false, mature_pages=3458750, reserved=3530740, immix=3458750, los=21, nonmoving=0, nursery=4021, heap=8729615, sweep_pending=true, seeded=2378, enq=90401977, traced=90401977, skipped_young=0, satb=40954701, satb_young_drop=37668899)
[bactrian] schedule Nursery (marking=false, mature_pages=3450717, reserved=3522692, immix=3450717, los=21, nonmoving=0, nursery=4021, heap=8729615, sweep_pending=true, seeded=2378, enq=90401977, traced=90401977, skipped_young=0, satb=40954701, satb_young_drop=37668899)
[bactrian] schedule Nursery (marking=false, mature_pages=3443792, reserved=3515505, immix=3443792, los=21, nonmoving=0, nursery=4155, heap=8729615, sweep_pending=true, seeded=2378, enq=90401977, traced=90401977, skipped_young=0, satb=40954701, satb_young_drop=37668899)
[bactrian] schedule Nursery (marking=false, mature_pages=3437973, reserved=3509713, immix=3437973, los=21, nonmoving=0, nursery=4021, heap=8729615, sweep_pending=true, seeded=2378, enq=90401977, traced=90401977, skipped_young=0, satb=40954701, satb_young_drop=37668899)
[bactrian] schedule Nursery (marking=false, mature_pages=3432156, reserved=3503654, immix=3432156, los=21, nonmoving=0, nursery=4155, heap=8729615, sweep_pending=true, seeded=2378, enq=90401977, traced=90401977, skipped_young=0, satb=40954701, satb_young_drop=37668899)
[bactrian] schedule Nursery (marking=false, mature_pages=3426339, reserved=3497864, immix=3426339, los=21, nonmoving=0, nursery=4021, heap=8729615, sweep_pending=true, seeded=2378, enq=90401977, traced=90401977, skipped_young=0, satb=40954701, satb_young_drop=37668899)
[bactrian] schedule Nursery (marking=false, mature_pages=3420522, reserved=3491939, immix=3420522, los=21, nonmoving=0, nursery=4021, heap=8729615, sweep_pending=true, seeded=2378, enq=90401977, traced=90401977, skipped_young=0, satb=40954701, satb_young_drop=37668899)
[bactrian] schedule Nursery (marking=false, mature_pages=3414705, reserved=3485880, immix=3414705, los=21, nonmoving=0, nursery=4155, heap=8729615, sweep_pending=true, seeded=2378, enq=90401977, traced=90401977, skipped_young=0, satb=40954701, satb_young_drop=37668899)
[bactrian] schedule Nursery (marking=false, mature_pages=3408888, reserved=3479956, immix=3408888, los=21, nonmoving=0, nursery=4021, heap=8729615, sweep_pending=true, seeded=2378, enq=90401977, traced=90401977, skipped_young=0, satb=40954701, satb_young_drop=37668899)
[bactrian] schedule Nursery (marking=false, mature_pages=3403069, reserved=3474029, immix=3403069, los=21, nonmoving=0, nursery=4155, heap=8729615, sweep_pending=true, seeded=2378, enq=90401977, traced=90401977, skipped_young=0, satb=40954701, satb_young_drop=37668899)
[bactrian] schedule Nursery (marking=false, mature_pages=3397252, reserved=3468239, immix=3397252, los=21, nonmoving=0, nursery=4021, heap=8729615, sweep_pending=true, seeded=2378, enq=90401977, traced=90401977, skipped_young=0, satb=40954701, satb_young_drop=37668899)
[bactrian] schedule Nursery (marking=false, mature_pages=3391435, reserved=3462314, immix=3391435, los=21, nonmoving=0, nursery=4021, heap=8729615, sweep_pending=true, seeded=2378, enq=90401977, traced=90401977, skipped_young=0, satb=40954701, satb_young_drop=37668899)
[bactrian] schedule Nursery (marking=false, mature_pages=3385618, reserved=3456390, immix=3385618, los=21, nonmoving=0, nursery=4021, heap=8729615, sweep_pending=true, seeded=2378, enq=90401977, traced=90401977, skipped_young=0, satb=40954701, satb_young_drop=37668899)
[bactrian] schedule Nursery (marking=false, mature_pages=3379801, reserved=3450465, immix=3379801, los=21, nonmoving=0, nursery=4021, heap=8729615, sweep_pending=true, seeded=2378, enq=90401977, traced=90401977, skipped_young=0, satb=40954701, satb_young_drop=37668899)
[bactrian] schedule Nursery (marking=false, mature_pages=3373984, reserved=3444541, immix=3373984, los=21, nonmoving=0, nursery=4155, heap=8729615, sweep_pending=true, seeded=2378, enq=90401977, traced=90401977, skipped_young=0, satb=40954701, satb_young_drop=37668899)
[bactrian] schedule Nursery (marking=false, mature_pages=3368165, reserved=3438480, immix=3368165, los=21, nonmoving=0, nursery=4155, heap=8729615, sweep_pending=true, seeded=2378, enq=90401977, traced=90401977, skipped_young=0, satb=40954701, satb_young_drop=37668899)
[bactrian] schedule Nursery (marking=false, mature_pages=3362348, reserved=3432690, immix=3362348, los=21, nonmoving=0, nursery=4021, heap=8729615, sweep_pending=true, seeded=2378, enq=90401977, traced=90401977, skipped_young=0, satb=40954701, satb_young_drop=37668899)
[bactrian] schedule Nursery (marking=false, mature_pages=3356531, reserved=3426631, immix=3356531, los=21, nonmoving=0, nursery=4155, heap=8729615, sweep_pending=true, seeded=2378, enq=90401977, traced=90401977, skipped_young=0, satb=40954701, satb_young_drop=37668899)
[bactrian] schedule Nursery (marking=false, mature_pages=3350714, reserved=3420707, immix=3350714, los=21, nonmoving=0, nursery=4021, heap=8729615, sweep_pending=true, seeded=2378, enq=90401977, traced=90401977, skipped_young=0, satb=40954701, satb_young_drop=37668899)
[bactrian] schedule Nursery (marking=false, mature_pages=3344897, reserved=3414782, immix=3344897, los=21, nonmoving=0, nursery=4155, heap=8729615, sweep_pending=true, seeded=2378, enq=90401977, traced=90401977, skipped_young=0, satb=40954701, satb_young_drop=37668899)
[bactrian] schedule Nursery (marking=false, mature_pages=3339080, reserved=3408992, immix=3339080, los=21, nonmoving=0, nursery=4021, heap=8729615, sweep_pending=true, seeded=2378, enq=90401977, traced=90401977, skipped_young=0, satb=40954701, satb_young_drop=37668899)
[bactrian] schedule Nursery (marking=false, mature_pages=3333263, reserved=3403067, immix=3333263, los=21, nonmoving=0, nursery=4021, heap=8729615, sweep_pending=true, seeded=2378, enq=90401977, traced=90401977, skipped_young=0, satb=40954701, satb_young_drop=37668899)
[bactrian] schedule Nursery (marking=false, mature_pages=3327444, reserved=3397007, immix=3327444, los=21, nonmoving=0, nursery=4155, heap=8729615, sweep_pending=true, seeded=2378, enq=90401977, traced=90401977, skipped_young=0, satb=40954701, satb_young_drop=37668899)
[bactrian] schedule Nursery (marking=false, mature_pages=3321627, reserved=3391082, immix=3321627, los=21, nonmoving=0, nursery=4021, heap=8729615, sweep_pending=true, seeded=2378, enq=90401977, traced=90401977, skipped_young=0, satb=40954701, satb_young_drop=37668899)
[bactrian] schedule Nursery (marking=false, mature_pages=3315810, reserved=3385292, immix=3315810, los=21, nonmoving=0, nursery=4021, heap=8729615, sweep_pending=true, seeded=2378, enq=90401977, traced=90401977, skipped_young=0, satb=40954701, satb_young_drop=37668899)
[bactrian] schedule Nursery (marking=false, mature_pages=3309993, reserved=3379233, immix=3309993, los=21, nonmoving=0, nursery=4021, heap=8729615, sweep_pending=true, seeded=2378, enq=90401977, traced=90401977, skipped_young=0, satb=40954701, satb_young_drop=37668899)
[bactrian] schedule Nursery (marking=false, mature_pages=3304176, reserved=3373443, immix=3304176, los=21, nonmoving=0, nursery=4021, heap=8729615, sweep_pending=true, seeded=2378, enq=90401977, traced=90401977, skipped_young=0, satb=40954701, satb_young_drop=37668899)
[bactrian] schedule Nursery (marking=false, mature_pages=3298359, reserved=3367518, immix=3298359, los=21, nonmoving=0, nursery=4021, heap=8729615, sweep_pending=true, seeded=2378, enq=90401977, traced=90401977, skipped_young=0, satb=40954701, satb_young_drop=37668899)
[bactrian] schedule Nursery (marking=false, mature_pages=3292540, reserved=3361458, immix=3292540, los=21, nonmoving=0, nursery=4021, heap=8729615, sweep_pending=true, seeded=2378, enq=90401977, traced=90401977, skipped_young=0, satb=40954701, satb_young_drop=37668899)
[bactrian] schedule Nursery (marking=false, mature_pages=3286723, reserved=3355533, immix=3286723, los=21, nonmoving=0, nursery=4021, heap=8729615, sweep_pending=true, seeded=2378, enq=90401977, traced=90401977, skipped_young=0, satb=40954701, satb_young_drop=37668899)
[bactrian] schedule Nursery (marking=false, mature_pages=3280906, reserved=3349609, immix=3280906, los=21, nonmoving=0, nursery=4021, heap=8729615, sweep_pending=true, seeded=2378, enq=90401977, traced=90401977, skipped_young=0, satb=40954701, satb_young_drop=37668899)
[bactrian] schedule Nursery (marking=false, mature_pages=3275089, reserved=3343818, immix=3275089, los=21, nonmoving=0, nursery=4021, heap=8729615, sweep_pending=true, seeded=2378, enq=90401977, traced=90401977, skipped_young=0, satb=40954701, satb_young_drop=37668899)
[bactrian] schedule Nursery (marking=false, mature_pages=3269272, reserved=3337759, immix=3269272, los=21, nonmoving=0, nursery=4155, heap=8729615, sweep_pending=true, seeded=2378, enq=90401977, traced=90401977, skipped_young=0, satb=40954701, satb_young_drop=37668899)
[bactrian] schedule Nursery (marking=false, mature_pages=3263455, reserved=3331969, immix=3263455, los=21, nonmoving=0, nursery=4021, heap=8729615, sweep_pending=true, seeded=2378, enq=90401977, traced=90401977, skipped_young=0, satb=40954701, satb_young_drop=37668899)
[bactrian] schedule Nursery (marking=false, mature_pages=3257636, reserved=3325908, immix=3257636, los=21, nonmoving=0, nursery=4155, heap=8729615, sweep_pending=true, seeded=2378, enq=90401977, traced=90401977, skipped_young=0, satb=40954701, satb_young_drop=37668899)
[bactrian] schedule Nursery (marking=false, mature_pages=3251819, reserved=3319984, immix=3251819, los=21, nonmoving=0, nursery=4021, heap=8729615, sweep_pending=true, seeded=2378, enq=90401977, traced=90401977, skipped_young=0, satb=40954701, satb_young_drop=37668899)
[bactrian] schedule Nursery (marking=false, mature_pages=3246002, reserved=3314193, immix=3246002, los=21, nonmoving=0, nursery=4021, heap=8729615, sweep_pending=true, seeded=2378, enq=90401977, traced=90401977, skipped_young=0, satb=40954701, satb_young_drop=37668899)
[bactrian] schedule Nursery (marking=false, mature_pages=3240185, reserved=3308135, immix=3240185, los=21, nonmoving=0, nursery=4021, heap=8729615, sweep_pending=true, seeded=2378, enq=90401977, traced=90401977, skipped_young=0, satb=40954701, satb_young_drop=37668899)
[bactrian] schedule Nursery (marking=false, mature_pages=3234368, reserved=3302210, immix=3234368, los=21, nonmoving=0, nursery=4021, heap=8729615, sweep_pending=true, seeded=2378, enq=90401977, traced=90401977, skipped_young=0, satb=40954701, satb_young_drop=37668899)
[bactrian] schedule Nursery (marking=false, mature_pages=3228551, reserved=3296420, immix=3228551, los=21, nonmoving=0, nursery=4021, heap=8729615, sweep_pending=true, seeded=2378, enq=90401977, traced=90401977, skipped_young=0, satb=40954701, satb_young_drop=37668899)
[bactrian] schedule Nursery (marking=false, mature_pages=3222732, reserved=3290493, immix=3222732, los=21, nonmoving=0, nursery=4021, heap=8729615, sweep_pending=true, seeded=2378, enq=90401977, traced=90401977, skipped_young=0, satb=40954701, satb_young_drop=37668899)
[bactrian] schedule Nursery (marking=false, mature_pages=3216915, reserved=3284435, immix=3216915, los=21, nonmoving=0, nursery=4021, heap=8729615, sweep_pending=true, seeded=2378, enq=90401977, traced=90401977, skipped_young=0, satb=40954701, satb_young_drop=37668899)
[bactrian] schedule Nursery (marking=false, mature_pages=3211098, reserved=3278510, immix=3211098, los=21, nonmoving=0, nursery=4021, heap=8729615, sweep_pending=true, seeded=2378, enq=90401977, traced=90401977, skipped_young=0, satb=40954701, satb_young_drop=37668899)
[bactrian] schedule Nursery (marking=false, mature_pages=3205281, reserved=3272586, immix=3205281, los=21, nonmoving=0, nursery=4021, heap=8729615, sweep_pending=true, seeded=2378, enq=90401977, traced=90401977, skipped_young=0, satb=40954701, satb_young_drop=37668899)
[bactrian] schedule Nursery (marking=false, mature_pages=3199464, reserved=3266795, immix=3199464, los=21, nonmoving=0, nursery=4021, heap=8729615, sweep_pending=true, seeded=2378, enq=90401977, traced=90401977, skipped_young=0, satb=40954701, satb_young_drop=37668899)
[bactrian] schedule Nursery (marking=false, mature_pages=3193647, reserved=3260871, immix=3193647, los=21, nonmoving=0, nursery=4021, heap=8729615, sweep_pending=true, seeded=2378, enq=90401977, traced=90401977, skipped_young=0, satb=40954701, satb_young_drop=37668899)
[bactrian] schedule Nursery (marking=false, mature_pages=3187828, reserved=3254944, immix=3187828, los=21, nonmoving=0, nursery=4021, heap=8729615, sweep_pending=true, seeded=2378, enq=90401977, traced=90401977, skipped_young=0, satb=40954701, satb_young_drop=37668899)
[bactrian] schedule Nursery (marking=false, mature_pages=3182011, reserved=3248886, immix=3182011, los=21, nonmoving=0, nursery=4021, heap=8729615, sweep_pending=true, seeded=2378, enq=90401977, traced=90401977, skipped_young=0, satb=40954701, satb_young_drop=37668899)
[bactrian] schedule Nursery (marking=false, mature_pages=3176194, reserved=3242961, immix=3176194, los=21, nonmoving=0, nursery=4155, heap=8729615, sweep_pending=true, seeded=2378, enq=90401977, traced=90401977, skipped_young=0, satb=40954701, satb_young_drop=37668899)
[bactrian] schedule Nursery (marking=false, mature_pages=3170377, reserved=3237171, immix=3170377, los=21, nonmoving=0, nursery=4021, heap=8729615, sweep_pending=true, seeded=2378, enq=90401977, traced=90401977, skipped_young=0, satb=40954701, satb_young_drop=37668899)
[bactrian] schedule Nursery (marking=false, mature_pages=3164560, reserved=3231112, immix=3164560, los=21, nonmoving=0, nursery=4021, heap=8729615, sweep_pending=true, seeded=2378, enq=90401977, traced=90401977, skipped_young=0, satb=40954701, satb_young_drop=37668899)
[bactrian] schedule Nursery (marking=false, mature_pages=3158743, reserved=3225188, immix=3158743, los=21, nonmoving=0, nursery=4021, heap=8729615, sweep_pending=true, seeded=2378, enq=90401977, traced=90401977, skipped_young=0, satb=40954701, satb_young_drop=37668899)
[bactrian] schedule Nursery (marking=false, mature_pages=3152924, reserved=3219261, immix=3152924, los=21, nonmoving=0, nursery=4021, heap=8729615, sweep_pending=true, seeded=2378, enq=90401977, traced=90401977, skipped_young=0, satb=40954701, satb_young_drop=37668899)
[bactrian] schedule Nursery (marking=false, mature_pages=3147107, reserved=3213337, immix=3147107, los=21, nonmoving=0, nursery=4021, heap=8729615, sweep_pending=true, seeded=2378, enq=90401977, traced=90401977, skipped_young=0, satb=40954701, satb_young_drop=37668899)
[bactrian] schedule Nursery (marking=false, mature_pages=3141290, reserved=3207412, immix=3141290, los=21, nonmoving=0, nursery=4021, heap=8729615, sweep_pending=true, seeded=2378, enq=90401977, traced=90401977, skipped_young=0, satb=40954701, satb_young_drop=37668899)
[bactrian] schedule Nursery (marking=false, mature_pages=3135473, reserved=3201622, immix=3135473, los=21, nonmoving=0, nursery=4021, heap=8729615, sweep_pending=true, seeded=2378, enq=90401977, traced=90401977, skipped_young=0, satb=40954701, satb_young_drop=37668899)
[bactrian] schedule Nursery (marking=false, mature_pages=3129656, reserved=3195563, immix=3129656, los=21, nonmoving=0, nursery=4155, heap=8729615, sweep_pending=true, seeded=2378, enq=90401977, traced=90401977, skipped_young=0, satb=40954701, satb_young_drop=37668899)
[bactrian] schedule Nursery (marking=false, mature_pages=3121444, reserved=3187333, immix=3121444, los=21, nonmoving=0, nursery=4021, heap=8729615, sweep_pending=true, seeded=2378, enq=90401977, traced=90401977, skipped_young=0, satb=40954701, satb_young_drop=37668899)
[bactrian] schedule Nursery (marking=false, mature_pages=3113772, reserved=3179519, immix=3113772, los=21, nonmoving=0, nursery=4021, heap=8729615, sweep_pending=true, seeded=2378, enq=90401977, traced=90401977, skipped_young=0, satb=40954701, satb_young_drop=37668899)
[bactrian] schedule Nursery (marking=false, mature_pages=3107209, reserved=3172835, immix=3107209, los=21, nonmoving=0, nursery=4021, heap=8729615, sweep_pending=true, seeded=2378, enq=90401977, traced=90401977, skipped_young=0, satb=40954701, satb_young_drop=37668899)
[bactrian] schedule Nursery (marking=false, mature_pages=3099543, reserved=3164893, immix=3099543, los=21, nonmoving=0, nursery=4021, heap=8729615, sweep_pending=true, seeded=2378, enq=90401977, traced=90401977, skipped_young=0, satb=40954701, satb_young_drop=37668899)
[bactrian] schedule Nursery (marking=false, mature_pages=3090764, reserved=3156220, immix=3090764, los=21, nonmoving=0, nursery=4021, heap=8729615, sweep_pending=true, seeded=2378, enq=90401977, traced=90401977, skipped_young=0, satb=40954701, satb_young_drop=37668899)
[bactrian] schedule Nursery (marking=false, mature_pages=3085310, reserved=3150397, immix=3085310, los=21, nonmoving=0, nursery=4021, heap=8729615, sweep_pending=true, seeded=2378, enq=90401977, traced=90401977, skipped_young=0, satb=40954701, satb_young_drop=37668899)
[bactrian] schedule Nursery (marking=false, mature_pages=3079853, reserved=3144840, immix=3079853, los=21, nonmoving=0, nursery=4021, heap=8729615, sweep_pending=true, seeded=2378, enq=90401977, traced=90401977, skipped_young=0, satb=40954701, satb_young_drop=37668899)
[bactrian] schedule Nursery (marking=false, mature_pages=3073295, reserved=3138160, immix=3073295, los=21, nonmoving=0, nursery=4021, heap=8729615, sweep_pending=true, seeded=2378, enq=90401977, traced=90401977, skipped_young=0, satb=40954701, satb_young_drop=37668899)
[bactrian] schedule Nursery (marking=false, mature_pages=3067840, reserved=3132604, immix=3067840, los=21, nonmoving=0, nursery=4021, heap=8729615, sweep_pending=true, seeded=2378, enq=90401977, traced=90401977, skipped_young=0, satb=40954701, satb_young_drop=37668899)
[bactrian] schedule Nursery (marking=false, mature_pages=3061278, reserved=3126055, immix=3061278, los=21, nonmoving=0, nursery=4021, heap=8729615, sweep_pending=true, seeded=2378, enq=90401977, traced=90401977, skipped_young=0, satb=40954701, satb_young_drop=37668899)
[bactrian] schedule Nursery (marking=false, mature_pages=3055046, reserved=3119574, immix=3055046, los=21, nonmoving=0, nursery=4021, heap=8729615, sweep_pending=true, seeded=2378, enq=90401977, traced=90401977, skipped_young=0, satb=40954701, satb_young_drop=37668899)
[bactrian] schedule Nursery (marking=false, mature_pages=3049227, reserved=3113647, immix=3049227, los=21, nonmoving=0, nursery=4021, heap=8729615, sweep_pending=true, seeded=2378, enq=90401977, traced=90401977, skipped_young=0, satb=40954701, satb_young_drop=37668899)
[bactrian] schedule Nursery (marking=false, mature_pages=3043410, reserved=3107857, immix=3043410, los=21, nonmoving=0, nursery=4021, heap=8729615, sweep_pending=true, seeded=2378, enq=90401977, traced=90401977, skipped_young=0, satb=40954701, satb_young_drop=37668899)
[bactrian] schedule Nursery (marking=false, mature_pages=3037593, reserved=3101932, immix=3037593, los=21, nonmoving=0, nursery=4021, heap=8729615, sweep_pending=true, seeded=2378, enq=90401977, traced=90401977, skipped_young=0, satb=40954701, satb_young_drop=37668899)
[bactrian] schedule Nursery (marking=false, mature_pages=3031776, reserved=3095874, immix=3031776, los=21, nonmoving=0, nursery=4021, heap=8729615, sweep_pending=true, seeded=2378, enq=90401977, traced=90401977, skipped_young=0, satb=40954701, satb_young_drop=37668899)
[bactrian] schedule Nursery (marking=false, mature_pages=3025959, reserved=3089949, immix=3025959, los=21, nonmoving=0, nursery=4155, heap=8729615, sweep_pending=true, seeded=2378, enq=90401977, traced=90401977, skipped_young=0, satb=40954701, satb_young_drop=37668899)
[bactrian] schedule Nursery (marking=false, mature_pages=3020142, reserved=3084025, immix=3020142, los=21, nonmoving=0, nursery=4021, heap=8729615, sweep_pending=true, seeded=2378, enq=90401977, traced=90401977, skipped_young=0, satb=40954701, satb_young_drop=37668899)
[bactrian] schedule Nursery (marking=false, mature_pages=3014325, reserved=3078100, immix=3014325, los=21, nonmoving=0, nursery=4155, heap=8729615, sweep_pending=true, seeded=2378, enq=90401977, traced=90401977, skipped_young=0, satb=40954701, satb_young_drop=37668899)
[bactrian] schedule Nursery (marking=false, mature_pages=3008506, reserved=3072308, immix=3008506, los=21, nonmoving=0, nursery=4021, heap=8729615, sweep_pending=true, seeded=2378, enq=90401977, traced=90401977, skipped_young=0, satb=40954701, satb_young_drop=37668899)
[bactrian] schedule Nursery (marking=false, mature_pages=3002689, reserved=3066249, immix=3002689, los=21, nonmoving=0, nursery=4021, heap=8729615, sweep_pending=true, seeded=2378, enq=90401977, traced=90401977, skipped_young=0, satb=40954701, satb_young_drop=37668899)
[bactrian] schedule Nursery (marking=false, mature_pages=2996872, reserved=3060325, immix=2996872, los=21, nonmoving=0, nursery=4021, heap=8729615, sweep_pending=true, seeded=2378, enq=90401977, traced=90401977, skipped_young=0, satb=40954701, satb_young_drop=37668899)
[bactrian] schedule Nursery (marking=false, mature_pages=2991055, reserved=3054400, immix=2991055, los=21, nonmoving=0, nursery=4021, heap=8729615, sweep_pending=true, seeded=2378, enq=90401977, traced=90401977, skipped_young=0, satb=40954701, satb_young_drop=37668899)
[bactrian] schedule Nursery (marking=false, mature_pages=2985238, reserved=3048476, immix=2985238, los=21, nonmoving=0, nursery=4021, heap=8729615, sweep_pending=true, seeded=2378, enq=90401977, traced=90401977, skipped_young=0, satb=40954701, satb_young_drop=37668899)
[bactrian] schedule Nursery (marking=false, mature_pages=2979421, reserved=3042551, immix=2979421, los=21, nonmoving=0, nursery=4021, heap=8729615, sweep_pending=true, seeded=2378, enq=90401977, traced=90401977, skipped_young=0, satb=40954701, satb_young_drop=37668899)
[bactrian] schedule Nursery (marking=false, mature_pages=2973602, reserved=3036625, immix=2973602, los=21, nonmoving=0, nursery=4021, heap=8729615, sweep_pending=true, seeded=2378, enq=90401977, traced=90401977, skipped_young=0, satb=40954701, satb_young_drop=37668899)
[bactrian] schedule Nursery (marking=false, mature_pages=2967785, reserved=3030700, immix=2967785, los=21, nonmoving=0, nursery=4155, heap=8729615, sweep_pending=true, seeded=2378, enq=90401977, traced=90401977, skipped_young=0, satb=40954701, satb_young_drop=37668899)
[bactrian] schedule Nursery (marking=false, mature_pages=2961968, reserved=3024910, immix=2961968, los=21, nonmoving=0, nursery=4021, heap=8729615, sweep_pending=true, seeded=2378, enq=90401977, traced=90401977, skipped_young=0, satb=40954701, satb_young_drop=37668899)
[bactrian] schedule Nursery (marking=false, mature_pages=2956151, reserved=3018985, immix=2956151, los=21, nonmoving=0, nursery=4021, heap=8729615, sweep_pending=true, seeded=2378, enq=90401977, traced=90401977, skipped_young=0, satb=40954701, satb_young_drop=37668899)
[bactrian] schedule Nursery (marking=false, mature_pages=2950334, reserved=3012927, immix=2950334, los=21, nonmoving=0, nursery=4155, heap=8729615, sweep_pending=true, seeded=2378, enq=90401977, traced=90401977, skipped_young=0, satb=40954701, satb_young_drop=37668899)
[bactrian] schedule Nursery (marking=false, mature_pages=2944517, reserved=3007136, immix=2944517, los=21, nonmoving=0, nursery=4021, heap=8729615, sweep_pending=true, seeded=2378, enq=90401977, traced=90401977, skipped_young=0, satb=40954701, satb_young_drop=37668899)
[bactrian] schedule Nursery (marking=false, mature_pages=2938698, reserved=3001076, immix=2938698, los=21, nonmoving=0, nursery=4021, heap=8729615, sweep_pending=true, seeded=2378, enq=90401977, traced=90401977, skipped_young=0, satb=40954701, satb_young_drop=37668899)
[bactrian] schedule Nursery (marking=false, mature_pages=2932881, reserved=2995285, immix=2932881, los=21, nonmoving=0, nursery=4021, heap=8729615, sweep_pending=true, seeded=2378, enq=90401977, traced=90401977, skipped_young=0, satb=40954701, satb_young_drop=37668899)
[bactrian] schedule Nursery (marking=false, mature_pages=2927064, reserved=2989361, immix=2927064, los=21, nonmoving=0, nursery=4021, heap=8729615, sweep_pending=true, seeded=2378, enq=90401977, traced=90401977, skipped_young=0, satb=40954701, satb_young_drop=37668899)
[bactrian] schedule Nursery (marking=false, mature_pages=2921247, reserved=2983302, immix=2921247, los=21, nonmoving=0, nursery=4021, heap=8729615, sweep_pending=true, seeded=2378, enq=90401977, traced=90401977, skipped_young=0, satb=40954701, satb_young_drop=37668899)
[bactrian] schedule Nursery (marking=false, mature_pages=2915430, reserved=2977511, immix=2915430, los=21, nonmoving=0, nursery=4021, heap=8729615, sweep_pending=true, seeded=2378, enq=90401977, traced=90401977, skipped_young=0, satb=40954701, satb_young_drop=37668899)
[bactrian] schedule Nursery (marking=false, mature_pages=2909613, reserved=2971587, immix=2909613, los=21, nonmoving=0, nursery=4021, heap=8729615, sweep_pending=true, seeded=2378, enq=90401977, traced=90401977, skipped_young=0, satb=40954701, satb_young_drop=37668899)
[bactrian] schedule Nursery (marking=false, mature_pages=2903794, reserved=2965526, immix=2903794, los=21, nonmoving=0, nursery=4021, heap=8729615, sweep_pending=true, seeded=2378, enq=90401977, traced=90401977, skipped_young=0, satb=40954701, satb_young_drop=37668899)
[bactrian] schedule Nursery (marking=false, mature_pages=2897977, reserved=2959602, immix=2897977, los=21, nonmoving=0, nursery=4021, heap=8729615, sweep_pending=true, seeded=2378, enq=90401977, traced=90401977, skipped_young=0, satb=40954701, satb_young_drop=37668899)
[bactrian] schedule Nursery (marking=false, mature_pages=2892160, reserved=2953677, immix=2892160, los=21, nonmoving=0, nursery=4155, heap=8729615, sweep_pending=true, seeded=2378, enq=90401977, traced=90401977, skipped_young=0, satb=40954701, satb_young_drop=37668899)
[bactrian] schedule Nursery (marking=false, mature_pages=2886343, reserved=2947753, immix=2886343, los=21, nonmoving=0, nursery=4021, heap=8729615, sweep_pending=true, seeded=2378, enq=90401977, traced=90401977, skipped_young=0, satb=40954701, satb_young_drop=37668899)
[bactrian] schedule Nursery (marking=false, mature_pages=2880526, reserved=2941962, immix=2880526, los=21, nonmoving=0, nursery=4021, heap=8729615, sweep_pending=true, seeded=2378, enq=90401977, traced=90401977, skipped_young=0, satb=40954701, satb_young_drop=37668899)
[bactrian] schedule Nursery (marking=false, mature_pages=2874709, reserved=2935904, immix=2874709, los=21, nonmoving=0, nursery=4155, heap=8729615, sweep_pending=true, seeded=2378, enq=90401977, traced=90401977, skipped_young=0, satb=40954701, satb_young_drop=37668899)
[bactrian] schedule Nursery (marking=false, mature_pages=2868890, reserved=2930111, immix=2868890, los=21, nonmoving=0, nursery=4021, heap=8729615, sweep_pending=true, seeded=2378, enq=90401977, traced=90401977, skipped_young=0, satb=40954701, satb_young_drop=37668899)
[bactrian] schedule Nursery (marking=false, mature_pages=2863073, reserved=2924053, immix=2863073, los=21, nonmoving=0, nursery=4155, heap=8729615, sweep_pending=true, seeded=2378, enq=90401977, traced=90401977, skipped_young=0, satb=40954701, satb_young_drop=37668899)
[bactrian] schedule Nursery (marking=false, mature_pages=2857256, reserved=2918128, immix=2857256, los=21, nonmoving=0, nursery=4021, heap=8729615, sweep_pending=true, seeded=2378, enq=90401977, traced=90401977, skipped_young=0, satb=40954701, satb_young_drop=37668899)
[bactrian] schedule Nursery (marking=false, mature_pages=2851439, reserved=2912204, immix=2851439, los=21, nonmoving=0, nursery=4021, heap=8729615, sweep_pending=true, seeded=2378, enq=90401977, traced=90401977, skipped_young=0, satb=40954701, satb_young_drop=37668899)
[bactrian] schedule Nursery (marking=false, mature_pages=2845622, reserved=2906279, immix=2845622, los=21, nonmoving=0, nursery=4021, heap=8729615, sweep_pending=true, seeded=2378, enq=90401977, traced=90401977, skipped_young=0, satb=40954701, satb_young_drop=37668899)
[bactrian] schedule Nursery (marking=false, mature_pages=2839805, reserved=2900355, immix=2839805, los=21, nonmoving=0, nursery=4021, heap=8729615, sweep_pending=true, seeded=2378, enq=90401977, traced=90401977, skipped_young=0, satb=40954701, satb_young_drop=37668899)
[bactrian] schedule Nursery (marking=false, mature_pages=2833986, reserved=2894428, immix=2833986, los=21, nonmoving=0, nursery=4021, heap=8729615, sweep_pending=true, seeded=2378, enq=90401977, traced=90401977, skipped_young=0, satb=40954701, satb_young_drop=37668899)
[bactrian] schedule Nursery (marking=false, mature_pages=2828169, reserved=2888638, immix=2828169, los=21, nonmoving=0, nursery=4021, heap=8729615, sweep_pending=true, seeded=2378, enq=90401977, traced=90401977, skipped_young=0, satb=40954701, satb_young_drop=37668899)
[bactrian] schedule Nursery (marking=false, mature_pages=2822352, reserved=2882579, immix=2822352, los=21, nonmoving=0, nursery=4021, heap=8729615, sweep_pending=true, seeded=2378, enq=90401977, traced=90401977, skipped_young=0, satb=40954701, satb_young_drop=37668899)
[bactrian] schedule Nursery (marking=false, mature_pages=2816535, reserved=2876655, immix=2816535, los=21, nonmoving=0, nursery=4021, heap=8729615, sweep_pending=true, seeded=2378, enq=90401977, traced=90401977, skipped_young=0, satb=40954701, satb_young_drop=37668899)
[bactrian] schedule Nursery (marking=false, mature_pages=2810718, reserved=2870864, immix=2810718, los=21, nonmoving=0, nursery=4021, heap=8729615, sweep_pending=true, seeded=2378, enq=90401977, traced=90401977, skipped_young=0, satb=40954701, satb_young_drop=37668899)
[bactrian] schedule Nursery (marking=false, mature_pages=2804901, reserved=2864806, immix=2804901, los=21, nonmoving=0, nursery=4021, heap=8729615, sweep_pending=true, seeded=2378, enq=90401977, traced=90401977, skipped_young=0, satb=40954701, satb_young_drop=37668899)
[bactrian] schedule Nursery (marking=false, mature_pages=2800190, reserved=2860008, immix=2800190, los=21, nonmoving=0, nursery=4021, heap=8729615, sweep_pending=true, seeded=2378, enq=90401977, traced=90401977, skipped_young=0, satb=40954701, satb_young_drop=37668899)
[bactrian] schedule Nursery (marking=false, mature_pages=2794373, reserved=2854083, immix=2794373, los=21, nonmoving=0, nursery=4021, heap=8729615, sweep_pending=true, seeded=2378, enq=90401977, traced=90401977, skipped_young=0, satb=40954701, satb_young_drop=37668899)
[bactrian] schedule Nursery (marking=false, mature_pages=2788556, reserved=2848159, immix=2788556, los=21, nonmoving=0, nursery=4021, heap=8729615, sweep_pending=true, seeded=2378, enq=90401977, traced=90401977, skipped_young=0, satb=40954701, satb_young_drop=37668899)
[bactrian] schedule Nursery (marking=false, mature_pages=2782739, reserved=2842234, immix=2782739, los=21, nonmoving=0, nursery=4155, heap=8729615, sweep_pending=true, seeded=2378, enq=90401977, traced=90401977, skipped_young=0, satb=40954701, satb_young_drop=37668899)
[bactrian] schedule Nursery (marking=false, mature_pages=2776922, reserved=2836309, immix=2776922, los=21, nonmoving=0, nursery=4021, heap=8729615, sweep_pending=true, seeded=2378, enq=90401977, traced=90401977, skipped_young=0, satb=40954701, satb_young_drop=37668899)
[bactrian] schedule Nursery (marking=false, mature_pages=2771105, reserved=2830385, immix=2771105, los=21, nonmoving=0, nursery=4155, heap=8729615, sweep_pending=true, seeded=2378, enq=90401977, traced=90401977, skipped_young=0, satb=40954701, satb_young_drop=37668899)
[bactrian] schedule Nursery (marking=false, mature_pages=2765286, reserved=2824458, immix=2765286, los=21, nonmoving=0, nursery=4155, heap=8729615, sweep_pending=true, seeded=2378, enq=90401977, traced=90401977, skipped_young=0, satb=40954701, satb_young_drop=37668899)
[bactrian] schedule Nursery (marking=false, mature_pages=2759469, reserved=2818534, immix=2759469, los=21, nonmoving=0, nursery=4021, heap=8729615, sweep_pending=true, seeded=2378, enq=90401977, traced=90401977, skipped_young=0, satb=40954701, satb_young_drop=37668899)
[bactrian] schedule Nursery (marking=false, mature_pages=2753652, reserved=2812609, immix=2753652, los=21, nonmoving=0, nursery=4155, heap=8729615, sweep_pending=true, seeded=2378, enq=90401977, traced=90401977, skipped_young=0, satb=40954701, satb_young_drop=37668899)
[bactrian] schedule Nursery (marking=false, mature_pages=2747835, reserved=2806685, immix=2747835, los=21, nonmoving=0, nursery=4155, heap=8729615, sweep_pending=true, seeded=2378, enq=90401977, traced=90401977, skipped_young=0, satb=40954701, satb_young_drop=37668899)
[bactrian] schedule Nursery (marking=false, mature_pages=2742018, reserved=2800760, immix=2742018, los=21, nonmoving=0, nursery=4021, heap=8729615, sweep_pending=true, seeded=2378, enq=90401977, traced=90401977, skipped_young=0, satb=40954701, satb_young_drop=37668899)
[bactrian] schedule Nursery (marking=false, mature_pages=2736201, reserved=2794970, immix=2736201, los=21, nonmoving=0, nursery=4021, heap=8729615, sweep_pending=true, seeded=2378, enq=90401977, traced=90401977, skipped_young=0, satb=40954701, satb_young_drop=37668899)
[bactrian] schedule Nursery (marking=false, mature_pages=2730384, reserved=2788911, immix=2730384, los=21, nonmoving=0, nursery=4021, heap=8729615, sweep_pending=true, seeded=2378, enq=90401977, traced=90401977, skipped_young=0, satb=40954701, satb_young_drop=37668899)
[bactrian] schedule Nursery (marking=false, mature_pages=2724565, reserved=2783119, immix=2724565, los=21, nonmoving=0, nursery=4021, heap=8729615, sweep_pending=true, seeded=2378, enq=90401977, traced=90401977, skipped_young=0, satb=40954701, satb_young_drop=37668899)
[bactrian] schedule Nursery (marking=false, mature_pages=2718748, reserved=2777060, immix=2718748, los=21, nonmoving=0, nursery=4155, heap=8729615, sweep_pending=true, seeded=2378, enq=90401977, traced=90401977, skipped_young=0, satb=40954701, satb_young_drop=37668899)
[bactrian] schedule Nursery (marking=false, mature_pages=2712931, reserved=2771270, immix=2712931, los=21, nonmoving=0, nursery=4021, heap=8729615, sweep_pending=true, seeded=2378, enq=90401977, traced=90401977, skipped_young=0, satb=40954701, satb_young_drop=37668899)
[bactrian] schedule Nursery (marking=false, mature_pages=2707114, reserved=2765345, immix=2707114, los=21, nonmoving=0, nursery=4021, heap=8729615, sweep_pending=true, seeded=2378, enq=90401977, traced=90401977, skipped_young=0, satb=40954701, satb_young_drop=37668899)
[bactrian] schedule Nursery (marking=false, mature_pages=2701297, reserved=2759287, immix=2701297, los=21, nonmoving=0, nursery=4021, heap=8729615, sweep_pending=true, seeded=2378, enq=90401977, traced=90401977, skipped_young=0, satb=40954701, satb_young_drop=37668899)
[bactrian] schedule Nursery (marking=false, mature_pages=2695480, reserved=2753362, immix=2695480, los=21, nonmoving=0, nursery=4155, heap=8729615, sweep_pending=true, seeded=2378, enq=90401977, traced=90401977, skipped_young=0, satb=40954701, satb_young_drop=37668899)
[bactrian] schedule Nursery (marking=false, mature_pages=2689661, reserved=2747570, immix=2689661, los=21, nonmoving=0, nursery=4021, heap=8729615, sweep_pending=true, seeded=2378, enq=90401977, traced=90401977, skipped_young=0, satb=40954701, satb_young_drop=37668899)
[bactrian] schedule Nursery (marking=false, mature_pages=2683844, reserved=2741511, immix=2683844, los=21, nonmoving=0, nursery=4021, heap=8729615, sweep_pending=true, seeded=2378, enq=90401977, traced=90401977, skipped_young=0, satb=40954701, satb_young_drop=37668899)
[bactrian] schedule Nursery (marking=false, mature_pages=2678027, reserved=2735721, immix=2678027, los=21, nonmoving=0, nursery=4021, heap=8729615, sweep_pending=true, seeded=2378, enq=90401977, traced=90401977, skipped_young=0, satb=40954701, satb_young_drop=37668899)
[bactrian] schedule Nursery (marking=false, mature_pages=2672210, reserved=2729662, immix=2672210, los=21, nonmoving=0, nursery=4021, heap=8729615, sweep_pending=true, seeded=2378, enq=90401977, traced=90401977, skipped_young=0, satb=40954701, satb_young_drop=37668899)
[bactrian] schedule Nursery (marking=false, mature_pages=2666393, reserved=2723738, immix=2666393, los=21, nonmoving=0, nursery=4021, heap=8729615, sweep_pending=true, seeded=2378, enq=90401977, traced=90401977, skipped_young=0, satb=40954701, satb_young_drop=37668899)
[bactrian] schedule Nursery (marking=false, mature_pages=2660576, reserved=2717947, immix=2660576, los=21, nonmoving=0, nursery=4021, heap=8729615, sweep_pending=true, seeded=2378, enq=90401977, traced=90401977, skipped_young=0, satb=40954701, satb_young_drop=37668899)
[bactrian] schedule Nursery (marking=false, mature_pages=2654757, reserved=2711887, immix=2654757, los=21, nonmoving=0, nursery=4021, heap=8729615, sweep_pending=true, seeded=2378, enq=90401977, traced=90401977, skipped_young=0, satb=40954701, satb_young_drop=37668899)
[bactrian] schedule Nursery (marking=false, mature_pages=2648940, reserved=2706096, immix=2648940, los=21, nonmoving=0, nursery=4021, heap=8729615, sweep_pending=true, seeded=2378, enq=90401977, traced=90401977, skipped_young=0, satb=40954701, satb_young_drop=37668899)
[bactrian] schedule Nursery (marking=false, mature_pages=2643123, reserved=2700038, immix=2643123, los=21, nonmoving=0, nursery=4021, heap=8729615, sweep_pending=true, seeded=2378, enq=90401977, traced=90401977, skipped_young=0, satb=40954701, satb_young_drop=37668899)
[bactrian] schedule Nursery (marking=false, mature_pages=2639522, reserved=2696370, immix=2639522, los=21, nonmoving=0, nursery=4021, heap=8729615, sweep_pending=true, seeded=2378, enq=90401977, traced=90401977, skipped_young=0, satb=40954701, satb_young_drop=37668899)
[bactrian] schedule Nursery (marking=false, mature_pages=2635921, reserved=2692702, immix=2635921, los=21, nonmoving=0, nursery=4021, heap=8729615, sweep_pending=true, seeded=2378, enq=90401977, traced=90401977, skipped_young=0, satb=40954701, satb_young_drop=37668899)
[bactrian] schedule Nursery (marking=false, mature_pages=2632320, reserved=2689035, immix=2632320, los=21, nonmoving=0, nursery=4155, heap=8729615, sweep_pending=true, seeded=2378, enq=90401977, traced=90401977, skipped_young=0, satb=40954701, satb_young_drop=37668899)
[bactrian] schedule Nursery (marking=false, mature_pages=2628719, reserved=2685367, immix=2628719, los=21, nonmoving=0, nursery=4155, heap=8729615, sweep_pending=true, seeded=2378, enq=90401977, traced=90401977, skipped_young=0, satb=40954701, satb_young_drop=37668899)
[bactrian] schedule Nursery (marking=false, mature_pages=2625118, reserved=2681834, immix=2625118, los=21, nonmoving=0, nursery=4021, heap=8729615, sweep_pending=true, seeded=2378, enq=90401977, traced=90401977, skipped_young=0, satb=40954701, satb_young_drop=37668899)
[bactrian] schedule Nursery (marking=false, mature_pages=2621515, reserved=2678164, immix=2621515, los=21, nonmoving=0, nursery=4021, heap=8729615, sweep_pending=true, seeded=2378, enq=90401977, traced=90401977, skipped_young=0, satb=40954701, satb_young_drop=37668899)
[bactrian] schedule Nursery (marking=false, mature_pages=2617914, reserved=2674363, immix=2617914, los=21, nonmoving=0, nursery=4021, heap=8729615, sweep_pending=true, seeded=2378, enq=90401977, traced=90401977, skipped_young=0, satb=40954701, satb_young_drop=37668899)
[bactrian] schedule Nursery (marking=false, mature_pages=2614313, reserved=2670695, immix=2614313, los=21, nonmoving=0, nursery=4021, heap=8729615, sweep_pending=true, seeded=2378, enq=90401977, traced=90401977, skipped_young=0, satb=40954701, satb_young_drop=37668899)
[bactrian] schedule Nursery (marking=false, mature_pages=2607709, reserved=2663969, immix=2607709, los=21, nonmoving=0, nursery=4021, heap=8729615, sweep_pending=true, seeded=2378, enq=90401977, traced=90401977, skipped_young=0, satb=40954701, satb_young_drop=37668899)
[bactrian] schedule Nursery (marking=false, mature_pages=2603362, reserved=2659542, immix=2603362, los=21, nonmoving=0, nursery=4155, heap=8729615, sweep_pending=true, seeded=2378, enq=90401977, traced=90401977, skipped_young=0, satb=40954701, satb_young_drop=37668899)
[bactrian] schedule Nursery (marking=false, mature_pages=2599017, reserved=2655384, immix=2599017, los=21, nonmoving=0, nursery=4021, heap=8729615, sweep_pending=true, seeded=2378, enq=90401977, traced=90401977, skipped_young=0, satb=40954701, satb_young_drop=37668899)
[bactrian] schedule Nursery (marking=false, mature_pages=2593562, reserved=2649695, immix=2593562, los=21, nonmoving=0, nursery=4021, heap=8729615, sweep_pending=true, seeded=2378, enq=90401977, traced=90401977, skipped_young=0, satb=40954701, satb_young_drop=37668899)
[bactrian] schedule Nursery (marking=false, mature_pages=2588109, reserved=2644141, immix=2588109, los=21, nonmoving=0, nursery=4021, heap=8729615, sweep_pending=true, seeded=2378, enq=90401977, traced=90401977, skipped_young=0, satb=40954701, satb_young_drop=37668899)
[bactrian] schedule Nursery (marking=false, mature_pages=2583763, reserved=2639580, immix=2583763, los=21, nonmoving=0, nursery=4021, heap=8729615, sweep_pending=true, seeded=2378, enq=90401977, traced=90401977, skipped_young=0, satb=40954701, satb_young_drop=37668899)
[bactrian] schedule Nursery (marking=false, mature_pages=2579417, reserved=2635154, immix=2579417, los=21, nonmoving=0, nursery=4021, heap=8729615, sweep_pending=true, seeded=2378, enq=90401977, traced=90401977, skipped_young=0, satb=40954701, satb_young_drop=37668899)
[bactrian] schedule Nursery (marking=false, mature_pages=2575070, reserved=2630727, immix=2575070, los=21, nonmoving=0, nursery=4021, heap=8729615, sweep_pending=true, seeded=2378, enq=90401977, traced=90401977, skipped_young=0, satb=40954701, satb_young_drop=37668899)
[bactrian] schedule Nursery (marking=false, mature_pages=2569620, reserved=2625176, immix=2569620, los=21, nonmoving=0, nursery=4021, heap=8729615, sweep_pending=true, seeded=2378, enq=90401977, traced=90401977, skipped_young=0, satb=40954701, satb_young_drop=37668899)
[bactrian] schedule Nursery (marking=false, mature_pages=2562120, reserved=2617671, immix=2562120, los=21, nonmoving=0, nursery=4021, heap=8729615, sweep_pending=true, seeded=2378, enq=90401977, traced=90401977, skipped_young=0, satb=40954701, satb_young_drop=37668899)
[bactrian] schedule Nursery (marking=false, mature_pages=2558519, reserved=2614004, immix=2558519, los=21, nonmoving=0, nursery=4021, heap=8729615, sweep_pending=true, seeded=2378, enq=90401977, traced=90401977, skipped_young=0, satb=40954701, satb_young_drop=37668899)
[bactrian] schedule Nursery (marking=false, mature_pages=2554918, reserved=2610202, immix=2554918, los=21, nonmoving=0, nursery=4021, heap=8729615, sweep_pending=true, seeded=2378, enq=90401977, traced=90401977, skipped_young=0, satb=40954701, satb_young_drop=37668899)
[bactrian] schedule Nursery (marking=false, mature_pages=2551315, reserved=2606533, immix=2551315, los=21, nonmoving=0, nursery=4155, heap=8729615, sweep_pending=true, seeded=2378, enq=90401977, traced=90401977, skipped_young=0, satb=40954701, satb_young_drop=37668899)
[bactrian] schedule Nursery (marking=false, mature_pages=2547714, reserved=2602999, immix=2547714, los=21, nonmoving=0, nursery=4021, heap=8729615, sweep_pending=true, seeded=2378, enq=90401977, traced=90401977, skipped_young=0, satb=40954701, satb_young_drop=37668899)
[bactrian] schedule Nursery (marking=false, mature_pages=2544113, reserved=2599332, immix=2544113, los=21, nonmoving=0, nursery=4021, heap=8729615, sweep_pending=true, seeded=2378, enq=90401977, traced=90401977, skipped_young=0, satb=40954701, satb_young_drop=37668899)
[bactrian] schedule Nursery (marking=false, mature_pages=2540512, reserved=2595664, immix=2540512, los=21, nonmoving=0, nursery=4021, heap=8729615, sweep_pending=true, seeded=2378, enq=90401977, traced=90401977, skipped_young=0, satb=40954701, satb_young_drop=37668899)
[bactrian] schedule Nursery (marking=false, mature_pages=2536911, reserved=2591862, immix=2536911, los=21, nonmoving=0, nursery=4021, heap=8729615, sweep_pending=true, seeded=2378, enq=90401977, traced=90401977, skipped_young=0, satb=40954701, satb_young_drop=37668899)
[bactrian] schedule Nursery (marking=false, mature_pages=2533310, reserved=2588329, immix=2533310, los=21, nonmoving=0, nursery=4021, heap=8729615, sweep_pending=true, seeded=2378, enq=90401977, traced=90401977, skipped_young=0, satb=40954701, satb_young_drop=37668899)
[bactrian] schedule Nursery (marking=false, mature_pages=2529709, reserved=2584661, immix=2529709, los=21, nonmoving=0, nursery=4021, heap=8729615, sweep_pending=true, seeded=2378, enq=90401977, traced=90401977, skipped_young=0, satb=40954701, satb_young_drop=37668899)
[bactrian] schedule Nursery (marking=false, mature_pages=2526108, reserved=2580994, immix=2526108, los=21, nonmoving=0, nursery=4021, heap=8729615, sweep_pending=true, seeded=2378, enq=90401977, traced=90401977, skipped_young=0, satb=40954701, satb_young_drop=37668899)
[bactrian] schedule Nursery (marking=false, mature_pages=2522507, reserved=2577192, immix=2522507, los=21, nonmoving=0, nursery=4021, heap=8729615, sweep_pending=true, seeded=2378, enq=90401977, traced=90401977, skipped_young=0, satb=40954701, satb_young_drop=37668899)
[bactrian] schedule Nursery (marking=false, mature_pages=2518906, reserved=2573659, immix=2518906, los=21, nonmoving=0, nursery=4021, heap=8729615, sweep_pending=true, seeded=2378, enq=90401977, traced=90401977, skipped_young=0, satb=40954701, satb_young_drop=37668899)
[bactrian] schedule Nursery (marking=false, mature_pages=2515303, reserved=2569855, immix=2515303, los=21, nonmoving=0, nursery=4155, heap=8729615, sweep_pending=true, seeded=2378, enq=90401977, traced=90401977, skipped_young=0, satb=40954701, satb_young_drop=37668899)
[bactrian] schedule Nursery (marking=false, mature_pages=2511702, reserved=2566188, immix=2511702, los=21, nonmoving=0, nursery=4021, heap=8729615, sweep_pending=true, seeded=2378, enq=90401977, traced=90401977, skipped_young=0, satb=40954701, satb_young_drop=37668899)
[bactrian] schedule Nursery (marking=false, mature_pages=2508101, reserved=2562520, immix=2508101, los=21, nonmoving=0, nursery=4155, heap=8729615, sweep_pending=true, seeded=2378, enq=90401977, traced=90401977, skipped_young=0, satb=40954701, satb_young_drop=37668899)
[bactrian] schedule Nursery (marking=false, mature_pages=2504500, reserved=2558986, immix=2504500, los=21, nonmoving=0, nursery=4021, heap=8729615, sweep_pending=true, seeded=2378, enq=90401977, traced=90401977, skipped_young=0, satb=40954701, satb_young_drop=37668899)
[bactrian] schedule Nursery (marking=false, mature_pages=2500899, reserved=2555185, immix=2500899, los=21, nonmoving=0, nursery=4021, heap=8729615, sweep_pending=true, seeded=2378, enq=90401977, traced=90401977, skipped_young=0, satb=40954701, satb_young_drop=37668899)
[bactrian] schedule Nursery (marking=false, mature_pages=2497298, reserved=2551517, immix=2497298, los=21, nonmoving=0, nursery=4155, heap=8729615, sweep_pending=true, seeded=2378, enq=90401977, traced=90401977, skipped_young=0, satb=40954701, satb_young_drop=37668899)
[bactrian] schedule Nursery (marking=false, mature_pages=2493697, reserved=2547984, immix=2493697, los=21, nonmoving=0, nursery=4021, heap=8729615, sweep_pending=true, seeded=2378, enq=90401977, traced=90401977, skipped_young=0, satb=40954701, satb_young_drop=37668899)
[bactrian] schedule Nursery (marking=false, mature_pages=2490096, reserved=2544316, immix=2490096, los=21, nonmoving=0, nursery=4021, heap=8729615, sweep_pending=true, seeded=2378, enq=90401977, traced=90401977, skipped_young=0, satb=40954701, satb_young_drop=37668899)
[bactrian] schedule Nursery (marking=false, mature_pages=2486495, reserved=2540515, immix=2486495, los=21, nonmoving=0, nursery=4155, heap=8729615, sweep_pending=true, seeded=2378, enq=90401977, traced=90401977, skipped_young=0, satb=40954701, satb_young_drop=37668899)
[bactrian] schedule Nursery (marking=false, mature_pages=2482894, reserved=2536847, immix=2482894, los=21, nonmoving=0, nursery=4021, heap=8729615, sweep_pending=true, seeded=2378, enq=90401977, traced=90401977, skipped_young=0, satb=40954701, satb_young_drop=37668899)
[bactrian] schedule Nursery (marking=false, mature_pages=2479291, reserved=2533178, immix=2479291, los=21, nonmoving=0, nursery=4021, heap=8729615, sweep_pending=true, seeded=2378, enq=90401977, traced=90401977, skipped_young=0, satb=40954701, satb_young_drop=37668899)
[bactrian] schedule Nursery (marking=false, mature_pages=2475690, reserved=2529510, immix=2475690, los=21, nonmoving=0, nursery=4155, heap=8729615, sweep_pending=true, seeded=2378, enq=90401977, traced=90401977, skipped_young=0, satb=40954701, satb_young_drop=37668899)
[bactrian] schedule Nursery (marking=false, mature_pages=2472089, reserved=2525976, immix=2472089, los=21, nonmoving=0, nursery=4021, heap=8729615, sweep_pending=true, seeded=2378, enq=90401977, traced=90401977, skipped_young=0, satb=40954701, satb_young_drop=37668899)
[bactrian] schedule Nursery (marking=false, mature_pages=2468488, reserved=2522175, immix=2468488, los=21, nonmoving=0, nursery=4021, heap=8729615, sweep_pending=true, seeded=2378, enq=90401977, traced=90401977, skipped_young=0, satb=40954701, satb_young_drop=37668899)
[bactrian] schedule Nursery (marking=false, mature_pages=2464887, reserved=2518507, immix=2464887, los=21, nonmoving=0, nursery=4021, heap=8729615, sweep_pending=true, seeded=2378, enq=90401977, traced=90401977, skipped_young=0, satb=40954701, satb_young_drop=37668899)
[bactrian] schedule Nursery (marking=false, mature_pages=2461286, reserved=2514840, immix=2461286, los=21, nonmoving=0, nursery=4021, heap=8729615, sweep_pending=true, seeded=2378, enq=90401977, traced=90401977, skipped_young=0, satb=40954701, satb_young_drop=37668899)
[bactrian] schedule Nursery (marking=false, mature_pages=2457685, reserved=2511172, immix=2457685, los=21, nonmoving=0, nursery=4021, heap=8729615, sweep_pending=true, seeded=2378, enq=90401977, traced=90401977, skipped_young=0, satb=40954701, satb_young_drop=37668899)
[bactrian] schedule Nursery (marking=false, mature_pages=2454084, reserved=2507505, immix=2454084, los=21, nonmoving=0, nursery=4021, heap=8729615, sweep_pending=true, seeded=2378, enq=90401977, traced=90401977, skipped_young=0, satb=40954701, satb_young_drop=37668899)
[bactrian] schedule Nursery (marking=false, mature_pages=2450483, reserved=2503971, immix=2450483, los=21, nonmoving=0, nursery=4021, heap=8729615, sweep_pending=true, seeded=2378, enq=90401977, traced=90401977, skipped_young=0, satb=40954701, satb_young_drop=37668899)
[bactrian] schedule Nursery (marking=false, mature_pages=2446882, reserved=2500303, immix=2446882, los=21, nonmoving=0, nursery=4021, heap=8729615, sweep_pending=true, seeded=2378, enq=90401977, traced=90401977, skipped_young=0, satb=40954701, satb_young_drop=37668899)
[bactrian] schedule Nursery (marking=false, mature_pages=2443279, reserved=2496634, immix=2443279, los=21, nonmoving=0, nursery=4021, heap=8729615, sweep_pending=true, seeded=2378, enq=90401977, traced=90401977, skipped_young=0, satb=40954701, satb_young_drop=37668899)
[bactrian] schedule Nursery (marking=false, mature_pages=2439678, reserved=2492966, immix=2439678, los=21, nonmoving=0, nursery=4021, heap=8729615, sweep_pending=true, seeded=2378, enq=90401977, traced=90401977, skipped_young=0, satb=40954701, satb_young_drop=37668899)
[bactrian] schedule Nursery (marking=false, mature_pages=2436077, reserved=2489165, immix=2436077, los=21, nonmoving=0, nursery=4021, heap=8729615, sweep_pending=true, seeded=2378, enq=90401977, traced=90401977, skipped_young=0, satb=40954701, satb_young_drop=37668899)
[bactrian] schedule Nursery (marking=false, mature_pages=2432476, reserved=2485497, immix=2432476, los=21, nonmoving=0, nursery=4155, heap=8729615, sweep_pending=true, seeded=2378, enq=90401977, traced=90401977, skipped_young=0, satb=40954701, satb_young_drop=37668899)
[bactrian] schedule Nursery (marking=false, mature_pages=2428875, reserved=2481830, immix=2428875, los=21, nonmoving=0, nursery=4155, heap=8729615, sweep_pending=true, seeded=2378, enq=90401977, traced=90401977, skipped_young=0, satb=40954701, satb_young_drop=37668899)
[bactrian] schedule Nursery (marking=false, mature_pages=2425274, reserved=2478162, immix=2425274, los=21, nonmoving=0, nursery=4021, heap=8729615, sweep_pending=true, seeded=2378, enq=90401977, traced=90401977, skipped_young=0, satb=40954701, satb_young_drop=37668899)
[bactrian] schedule Nursery (marking=false, mature_pages=2421673, reserved=2474495, immix=2421673, los=21, nonmoving=0, nursery=4021, heap=8729615, sweep_pending=true, seeded=2378, enq=90401977, traced=90401977, skipped_young=0, satb=40954701, satb_young_drop=37668899)
[bactrian] schedule Nursery (marking=false, mature_pages=2418072, reserved=2470827, immix=2418072, los=21, nonmoving=0, nursery=4155, heap=8729615, sweep_pending=true, seeded=2378, enq=90401977, traced=90401977, skipped_young=0, satb=40954701, satb_young_drop=37668899)
[bactrian] schedule Nursery (marking=false, mature_pages=2414471, reserved=2467293, immix=2414471, los=21, nonmoving=0, nursery=4021, heap=8729615, sweep_pending=true, seeded=2378, enq=90401977, traced=90401977, skipped_young=0, satb=40954701, satb_young_drop=37668899)
[bactrian] schedule Nursery (marking=false, mature_pages=2410868, reserved=2463490, immix=2410868, los=21, nonmoving=0, nursery=4021, heap=8729615, sweep_pending=true, seeded=2378, enq=90401977, traced=90401977, skipped_young=0, satb=40954701, satb_young_drop=37668899)
[bactrian] schedule Nursery (marking=false, mature_pages=2407267, reserved=2459822, immix=2407267, los=21, nonmoving=0, nursery=4155, heap=8729615, sweep_pending=true, seeded=2378, enq=90401977, traced=90401977, skipped_young=0, satb=40954701, satb_young_drop=37668899)
[bactrian] schedule Nursery (marking=false, mature_pages=2403666, reserved=2456289, immix=2403666, los=21, nonmoving=0, nursery=4021, heap=8729615, sweep_pending=true, seeded=2378, enq=90401977, traced=90401977, skipped_young=0, satb=40954701, satb_young_drop=37668899)
[bactrian] schedule Nursery (marking=false, mature_pages=2400065, reserved=2452621, immix=2400065, los=21, nonmoving=0, nursery=4021, heap=8729615, sweep_pending=true, seeded=2378, enq=90401977, traced=90401977, skipped_young=0, satb=40954701, satb_young_drop=37668899)
[bactrian] schedule Nursery (marking=false, mature_pages=2396464, reserved=2449088, immix=2396464, los=21, nonmoving=0, nursery=4155, heap=8729615, sweep_pending=true, seeded=2378, enq=90401977, traced=90401977, skipped_young=0, satb=40954701, satb_young_drop=37668899)
[bactrian] schedule Nursery (marking=false, mature_pages=2392863, reserved=2445286, immix=2392863, los=21, nonmoving=0, nursery=4021, heap=8729615, sweep_pending=true, seeded=2378, enq=90401977, traced=90401977, skipped_young=0, satb=40954701, satb_young_drop=37668899)
[bactrian] schedule Nursery (marking=false, mature_pages=2389262, reserved=2441485, immix=2389262, los=21, nonmoving=0, nursery=4155, heap=8729615, sweep_pending=true, seeded=2378, enq=90401977, traced=90401977, skipped_young=0, satb=40954701, satb_young_drop=37668899)
[bactrian] schedule Nursery (marking=false, mature_pages=2386769, reserved=2438945, immix=2386769, los=21, nonmoving=0, nursery=4021, heap=8729615, sweep_pending=true, seeded=2378, enq=90401977, traced=90401977, skipped_young=0, satb=40954701, satb_young_drop=37668899)
[bactrian] schedule Nursery (marking=false, mature_pages=2383168, reserved=2435278, immix=2383168, los=21, nonmoving=0, nursery=4021, heap=8729615, sweep_pending=true, seeded=2378, enq=90401977, traced=90401977, skipped_young=0, satb=40954701, satb_young_drop=37668899)
[bactrian] schedule Nursery (marking=false, mature_pages=2379567, reserved=2431610, immix=2379567, los=21, nonmoving=0, nursery=4155, heap=8729615, sweep_pending=true, seeded=2378, enq=90401977, traced=90401977, skipped_young=0, satb=40954701, satb_young_drop=37668899)
[bactrian] schedule Nursery (marking=false, mature_pages=2375966, reserved=2428077, immix=2375966, los=21, nonmoving=0, nursery=4021, heap=8729615, sweep_pending=true, seeded=2378, enq=90401977, traced=90401977, skipped_young=0, satb=40954701, satb_young_drop=37668899)
[bactrian] schedule Nursery (marking=false, mature_pages=2372363, reserved=2424273, immix=2372363, los=21, nonmoving=0, nursery=4155, heap=8729615, sweep_pending=true, seeded=2378, enq=90401977, traced=90401977, skipped_young=0, satb=40954701, satb_young_drop=37668899)
[bactrian] schedule Nursery (marking=false, mature_pages=2368762, reserved=2420740, immix=2368762, los=21, nonmoving=0, nursery=4021, heap=8729615, sweep_pending=true, seeded=2378, enq=90401977, traced=90401977, skipped_young=0, satb=40954701, satb_young_drop=37668899)
[bactrian] schedule Nursery (marking=false, mature_pages=2366269, reserved=2418201, immix=2366269, los=21, nonmoving=0, nursery=4021, heap=8729615, sweep_pending=true, seeded=2378, enq=90401977, traced=90401977, skipped_young=0, satb=40954701, satb_young_drop=37668899)
[bactrian] schedule Nursery (marking=false, mature_pages=2362668, reserved=2414533, immix=2362668, los=21, nonmoving=0, nursery=4021, heap=8729615, sweep_pending=true, seeded=2378, enq=90401977, traced=90401977, skipped_young=0, satb=40954701, satb_young_drop=37668899)
[bactrian] schedule Nursery (marking=false, mature_pages=2359067, reserved=2410731, immix=2359067, los=21, nonmoving=0, nursery=4021, heap=8729615, sweep_pending=true, seeded=2378, enq=90401977, traced=90401977, skipped_young=0, satb=40954701, satb_young_drop=37668899)
[bactrian] schedule Nursery (marking=false, mature_pages=2355466, reserved=2407198, immix=2355466, los=21, nonmoving=0, nursery=4021, heap=8729615, sweep_pending=true, seeded=2378, enq=90401977, traced=90401977, skipped_young=0, satb=40954701, satb_young_drop=37668899)
[bactrian] schedule Nursery (marking=false, mature_pages=2351865, reserved=2403396, immix=2351865, los=21, nonmoving=0, nursery=4155, heap=8729615, sweep_pending=true, seeded=2378, enq=90401977, traced=90401977, skipped_young=0, satb=40954701, satb_young_drop=37668899)
[bactrian] schedule Nursery (marking=false, mature_pages=2348264, reserved=2399729, immix=2348264, los=21, nonmoving=0, nursery=4155, heap=8729615, sweep_pending=true, seeded=2378, enq=90401977, traced=90401977, skipped_young=0, satb=40954701, satb_young_drop=37668899)
[bactrian] schedule Nursery (marking=false, mature_pages=2344663, reserved=2396061, immix=2344663, los=21, nonmoving=0, nursery=4021, heap=8729615, sweep_pending=true, seeded=2378, enq=90401977, traced=90401977, skipped_young=0, satb=40954701, satb_young_drop=37668899)
[bactrian] schedule Nursery (marking=false, mature_pages=2341062, reserved=2392528, immix=2341062, los=21, nonmoving=0, nursery=4021, heap=8729615, sweep_pending=true, seeded=2378, enq=90401977, traced=90401977, skipped_young=0, satb=40954701, satb_young_drop=37668899)
[bactrian] schedule Nursery (marking=false, mature_pages=2337459, reserved=2388724, immix=2337459, los=21, nonmoving=0, nursery=4021, heap=8729615, sweep_pending=true, seeded=2378, enq=90401977, traced=90401977, skipped_young=0, satb=40954701, satb_young_drop=37668899)
[bactrian] schedule Nursery (marking=false, mature_pages=2333858, reserved=2385057, immix=2333858, los=21, nonmoving=0, nursery=4021, heap=8729615, sweep_pending=true, seeded=2378, enq=90401977, traced=90401977, skipped_young=0, satb=40954701, satb_young_drop=37668899)
[bactrian] schedule Nursery (marking=false, mature_pages=2330257, reserved=2381523, immix=2330257, los=21, nonmoving=0, nursery=4021, heap=8729615, sweep_pending=true, seeded=2378, enq=90401977, traced=90401977, skipped_young=0, satb=40954701, satb_young_drop=37668899)
[bactrian] schedule Nursery (marking=false, mature_pages=2326656, reserved=2377721, immix=2326656, los=21, nonmoving=0, nursery=4155, heap=8729615, sweep_pending=true, seeded=2378, enq=90401977, traced=90401977, skipped_young=0, satb=40954701, satb_young_drop=37668899)
[bactrian] schedule Nursery (marking=false, mature_pages=2324163, reserved=2375182, immix=2324163, los=21, nonmoving=0, nursery=4021, heap=8729615, sweep_pending=true, seeded=2378, enq=90401977, traced=90401977, skipped_young=0, satb=40954701, satb_young_drop=37668899)
[bactrian] schedule Nursery (marking=false, mature_pages=2320562, reserved=2371515, immix=2320562, los=21, nonmoving=0, nursery=4155, heap=8729615, sweep_pending=true, seeded=2378, enq=90401977, traced=90401977, skipped_young=0, satb=40954701, satb_young_drop=37668899)
[bactrian] schedule Nursery (marking=false, mature_pages=2316961, reserved=2367981, immix=2316961, los=21, nonmoving=0, nursery=4021, heap=8729615, sweep_pending=true, seeded=2378, enq=90401977, traced=90401977, skipped_young=0, satb=40954701, satb_young_drop=37668899)
[bactrian] schedule Nursery (marking=false, mature_pages=2313360, reserved=2364314, immix=2313360, los=21, nonmoving=0, nursery=4021, heap=8729615, sweep_pending=true, seeded=2378, enq=90401977, traced=90401977, skipped_young=0, satb=40954701, satb_young_drop=37668899)
[bactrian] schedule Nursery (marking=false, mature_pages=2309759, reserved=2360512, immix=2309759, los=21, nonmoving=0, nursery=4021, heap=8729615, sweep_pending=true, seeded=2378, enq=90401977, traced=90401977, skipped_young=0, satb=40954701, satb_young_drop=37668899)
[bactrian] schedule Nursery (marking=false, mature_pages=2306158, reserved=2356979, immix=2306158, los=21, nonmoving=0, nursery=4021, heap=8729615, sweep_pending=true, seeded=2378, enq=90401977, traced=90401977, skipped_young=0, satb=40954701, satb_young_drop=37668899)
[bactrian] schedule Nursery (marking=false, mature_pages=2302555, reserved=2353309, immix=2302555, los=21, nonmoving=0, nursery=4021, heap=8729615, sweep_pending=true, seeded=2378, enq=90401977, traced=90401977, skipped_young=0, satb=40954701, satb_young_drop=37668899)
[bactrian] schedule Nursery (marking=false, mature_pages=2298954, reserved=2349507, immix=2298954, los=21, nonmoving=0, nursery=4021, heap=8729615, sweep_pending=true, seeded=2378, enq=90401977, traced=90401977, skipped_young=0, satb=40954701, satb_young_drop=37668899)
[bactrian] schedule Nursery (marking=false, mature_pages=2295353, reserved=2345974, immix=2295353, los=21, nonmoving=0, nursery=4021, heap=8729615, sweep_pending=true, seeded=2378, enq=90401977, traced=90401977, skipped_young=0, satb=40954701, satb_young_drop=37668899)
[bactrian] schedule Nursery (marking=false, mature_pages=2291752, reserved=2342306, immix=2291752, los=21, nonmoving=0, nursery=4021, heap=8729615, sweep_pending=true, seeded=2378, enq=90401977, traced=90401977, skipped_young=0, satb=40954701, satb_young_drop=37668899)
[bactrian] schedule Nursery (marking=false, mature_pages=2288151, reserved=2338639, immix=2288151, los=21, nonmoving=0, nursery=4021, heap=8729615, sweep_pending=true, seeded=2378, enq=90401977, traced=90401977, skipped_young=0, satb=40954701, satb_young_drop=37668899)
[bactrian] schedule Nursery (marking=false, mature_pages=2284550, reserved=2334837, immix=2284550, los=21, nonmoving=0, nursery=4155, heap=8729615, sweep_pending=true, seeded=2378, enq=90401977, traced=90401977, skipped_young=0, satb=40954701, satb_young_drop=37668899)
[bactrian] schedule Nursery (marking=false, mature_pages=2280949, reserved=2331170, immix=2280949, los=21, nonmoving=0, nursery=4021, heap=8729615, sweep_pending=true, seeded=2378, enq=90401977, traced=90401977, skipped_young=0, satb=40954701, satb_young_drop=37668899)
[bactrian] schedule Nursery (marking=false, mature_pages=2277348, reserved=2327770, immix=2277348, los=21, nonmoving=0, nursery=4021, heap=8729615, sweep_pending=true, seeded=2378, enq=90401977, traced=90401977, skipped_young=0, satb=40954701, satb_young_drop=37668899)
[bactrian] schedule Nursery (marking=false, mature_pages=2272362, reserved=2322424, immix=2272362, los=21, nonmoving=0, nursery=4021, heap=8729615, sweep_pending=true, seeded=2378, enq=90401977, traced=90401977, skipped_young=0, satb=40954701, satb_young_drop=37668899)
[bactrian] schedule Nursery (marking=false, mature_pages=2266910, reserved=2317005, immix=2266910, los=21, nonmoving=0, nursery=4021, heap=8729615, sweep_pending=true, seeded=2378, enq=90401977, traced=90401977, skipped_young=0, satb=40954701, satb_young_drop=37668899)
[bactrian] schedule Nursery (marking=false, mature_pages=2260347, reserved=2310187, immix=2260347, los=21, nonmoving=0, nursery=4021, heap=8729615, sweep_pending=true, seeded=2378, enq=90401977, traced=90401977, skipped_young=0, satb=40954701, satb_young_drop=37668899)
[bactrian] schedule Nursery (marking=false, mature_pages=2254893, reserved=2304632, immix=2254893, los=21, nonmoving=0, nursery=4155, heap=8729615, sweep_pending=true, seeded=2378, enq=90401977, traced=90401977, skipped_young=0, satb=40954701, satb_young_drop=37668899)
[bactrian] schedule Nursery (marking=false, mature_pages=2248331, reserved=2297949, immix=2248331, los=21, nonmoving=0, nursery=4155, heap=8729615, sweep_pending=true, seeded=2378, enq=90401977, traced=90401977, skipped_young=0, satb=40954701, satb_young_drop=37668899)
[bactrian] schedule Nursery (marking=false, mature_pages=2242880, reserved=2292397, immix=2242880, los=21, nonmoving=0, nursery=4021, heap=8729615, sweep_pending=true, seeded=2378, enq=90401977, traced=90401977, skipped_young=0, satb=40954701, satb_young_drop=37668899)
[bactrian] schedule Nursery (marking=false, mature_pages=2236317, reserved=2285713, immix=2236317, los=21, nonmoving=0, nursery=4021, heap=8729615, sweep_pending=true, seeded=2378, enq=90401977, traced=90401977, skipped_young=0, satb=40954701, satb_young_drop=37668899)
[bactrian] schedule Nursery (marking=false, mature_pages=2231970, reserved=2281285, immix=2231970, los=21, nonmoving=0, nursery=4021, heap=8729615, sweep_pending=true, seeded=2378, enq=90401977, traced=90401977, skipped_young=0, satb=40954701, satb_young_drop=37668899)
[bactrian] schedule Nursery (marking=false, mature_pages=2227623, reserved=2276992, immix=2227623, los=21, nonmoving=0, nursery=4021, heap=8729615, sweep_pending=true, seeded=2378, enq=90401977, traced=90401977, skipped_young=0, satb=40954701, satb_young_drop=37668899)
[bactrian] schedule Nursery (marking=false, mature_pages=2220726, reserved=2269833, immix=2220726, los=21, nonmoving=0, nursery=4155, heap=8729615, sweep_pending=true, seeded=2378, enq=90401977, traced=90401977, skipped_young=0, satb=40954701, satb_young_drop=37668899)
[bactrian] schedule Nursery (marking=false, mature_pages=2217125, reserved=2266166, immix=2217125, los=21, nonmoving=0, nursery=4021, heap=8729615, sweep_pending=true, seeded=2378, enq=90401977, traced=90401977, skipped_young=0, satb=40954701, satb_young_drop=37668899)
[bactrian] schedule Nursery (marking=false, mature_pages=2213524, reserved=2262498, immix=2213524, los=21, nonmoving=0, nursery=4021, heap=8729615, sweep_pending=true, seeded=2378, enq=90401977, traced=90401977, skipped_young=0, satb=40954701, satb_young_drop=37668899)
[bactrian] schedule Nursery (marking=false, mature_pages=2209923, reserved=2258831, immix=2209923, los=21, nonmoving=0, nursery=4155, heap=8729615, sweep_pending=true, seeded=2378, enq=90401977, traced=90401977, skipped_young=0, satb=40954701, satb_young_drop=37668899)
[bactrian] schedule Nursery (marking=false, mature_pages=2206322, reserved=2255297, immix=2206322, los=21, nonmoving=0, nursery=4021, heap=8729615, sweep_pending=true, seeded=2378, enq=90401977, traced=90401977, skipped_young=0, satb=40954701, satb_young_drop=37668899)
[bactrian] schedule Nursery (marking=false, mature_pages=2202721, reserved=2251496, immix=2202721, los=21, nonmoving=0, nursery=4155, heap=8729615, sweep_pending=true, seeded=2378, enq=90401977, traced=90401977, skipped_young=0, satb=40954701, satb_young_drop=37668899)
[bactrian] schedule Nursery (marking=false, mature_pages=2199120, reserved=2247828, immix=2199120, los=21, nonmoving=0, nursery=4021, heap=8729615, sweep_pending=true, seeded=2378, enq=90401977, traced=90401977, skipped_young=0, satb=40954701, satb_young_drop=37668899)
[bactrian] schedule Nursery (marking=false, mature_pages=2195517, reserved=2244159, immix=2195517, los=21, nonmoving=0, nursery=4155, heap=8729615, sweep_pending=true, seeded=2378, enq=90401977, traced=90401977, skipped_young=0, satb=40954701, satb_young_drop=37668899)
[bactrian] schedule Nursery (marking=false, mature_pages=2191916, reserved=2240491, immix=2191916, los=21, nonmoving=0, nursery=4021, heap=8729615, sweep_pending=true, seeded=2378, enq=90401977, traced=90401977, skipped_young=0, satb=40954701, satb_young_drop=37668899)
[bactrian] schedule Nursery (marking=false, mature_pages=2188315, reserved=2236823, immix=2188315, los=21, nonmoving=0, nursery=4021, heap=8729615, sweep_pending=true, seeded=2378, enq=90401977, traced=90401977, skipped_young=0, satb=40954701, satb_young_drop=37668899)
[bactrian] schedule Nursery (marking=false, mature_pages=2184714, reserved=2233156, immix=2184714, los=21, nonmoving=0, nursery=4155, heap=8729615, sweep_pending=true, seeded=2378, enq=90401977, traced=90401977, skipped_young=0, satb=40954701, satb_young_drop=37668899)
[bactrian] schedule Nursery (marking=false, mature_pages=2181113, reserved=2229488, immix=2181113, los=21, nonmoving=0, nursery=4155, heap=8729615, sweep_pending=true, seeded=2378, enq=90401977, traced=90401977, skipped_young=0, satb=40954701, satb_young_drop=37668899)
[bactrian] schedule Nursery (marking=false, mature_pages=2177512, reserved=2225821, immix=2177512, los=21, nonmoving=0, nursery=4021, heap=8729615, sweep_pending=true, seeded=2378, enq=90401977, traced=90401977, skipped_young=0, satb=40954701, satb_young_drop=37668899)
[bactrian] schedule Nursery (marking=false, mature_pages=2173911, reserved=2222287, immix=2173911, los=21, nonmoving=0, nursery=4021, heap=8729615, sweep_pending=true, seeded=2378, enq=90401977, traced=90401977, skipped_young=0, satb=40954701, satb_young_drop=37668899)
[bactrian] schedule Nursery (marking=false, mature_pages=2170310, reserved=2218486, immix=2170310, los=21, nonmoving=0, nursery=4155, heap=8729615, sweep_pending=true, seeded=2378, enq=90401977, traced=90401977, skipped_young=0, satb=40954701, satb_young_drop=37668899)
[bactrian] schedule Nursery (marking=false, mature_pages=2166709, reserved=2214952, immix=2166709, los=21, nonmoving=0, nursery=4021, heap=8729615, sweep_pending=true, seeded=2378, enq=90401977, traced=90401977, skipped_young=0, satb=40954701, satb_young_drop=37668899)
[bactrian] schedule Nursery (marking=false, mature_pages=2163108, reserved=2211151, immix=2163108, los=21, nonmoving=0, nursery=4021, heap=8729615, sweep_pending=true, seeded=2378, enq=90401977, traced=90401977, skipped_young=0, satb=40954701, satb_young_drop=37668899)
[bactrian] schedule Nursery (marking=false, mature_pages=2159505, reserved=2207615, immix=2159505, los=21, nonmoving=0, nursery=4021, heap=8729615, sweep_pending=true, seeded=2378, enq=90401977, traced=90401977, skipped_young=0, satb=40954701, satb_young_drop=37668899)
[bactrian] schedule Nursery (marking=false, mature_pages=2155904, reserved=2203813, immix=2155904, los=21, nonmoving=0, nursery=4155, heap=8729615, sweep_pending=true, seeded=2378, enq=90401977, traced=90401977, skipped_young=0, satb=40954701, satb_young_drop=37668899)
[bactrian] schedule Nursery (marking=false, mature_pages=2152303, reserved=2200146, immix=2152303, los=21, nonmoving=0, nursery=4021, heap=8729615, sweep_pending=true, seeded=2378, enq=90401977, traced=90401977, skipped_young=0, satb=40954701, satb_young_drop=37668899)
[bactrian] schedule Nursery (marking=false, mature_pages=2148702, reserved=2196478, immix=2148702, los=21, nonmoving=0, nursery=4155, heap=8729615, sweep_pending=true, seeded=2378, enq=90401977, traced=90401977, skipped_young=0, satb=40954701, satb_young_drop=37668899)
[bactrian] schedule Nursery (marking=false, mature_pages=2145101, reserved=2192811, immix=2145101, los=21, nonmoving=0, nursery=4021, heap=8729615, sweep_pending=true, seeded=2378, enq=90401977, traced=90401977, skipped_young=0, satb=40954701, satb_young_drop=37668899)
[bactrian] schedule Nursery (marking=false, mature_pages=2141500, reserved=2189143, immix=2141500, los=21, nonmoving=0, nursery=4155, heap=8729615, sweep_pending=true, seeded=2378, enq=90401977, traced=90401977, skipped_young=0, satb=40954701, satb_young_drop=37668899)
[bactrian] schedule Nursery (marking=false, mature_pages=2137899, reserved=2185610, immix=2137899, los=21, nonmoving=0, nursery=4021, heap=8729615, sweep_pending=true, seeded=2378, enq=90401977, traced=90401977, skipped_young=0, satb=40954701, satb_young_drop=37668899)
[bactrian] schedule Nursery (marking=false, mature_pages=2134298, reserved=2181808, immix=2134298, los=21, nonmoving=0, nursery=4021, heap=8729615, sweep_pending=true, seeded=2378, enq=90401977, traced=90401977, skipped_young=0, satb=40954701, satb_young_drop=37668899)
[bactrian] schedule Nursery (marking=false, mature_pages=2130697, reserved=2178274, immix=2130697, los=21, nonmoving=0, nursery=4021, heap=8729615, sweep_pending=true, seeded=2378, enq=90401977, traced=90401977, skipped_young=0, satb=40954701, satb_young_drop=37668899)
[bactrian] schedule Nursery (marking=false, mature_pages=2128204, reserved=2175735, immix=2128204, los=21, nonmoving=0, nursery=4021, heap=8729615, sweep_pending=true, seeded=2378, enq=90401977, traced=90401977, skipped_young=0, satb=40954701, satb_young_drop=37668899)
[bactrian] schedule Nursery (marking=false, mature_pages=2124601, reserved=2172066, immix=2124601, los=21, nonmoving=0, nursery=4021, heap=8729615, sweep_pending=true, seeded=2378, enq=90401977, traced=90401977, skipped_young=0, satb=40954701, satb_young_drop=37668899)
[bactrian] schedule Nursery (marking=false, mature_pages=2121000, reserved=2168398, immix=2121000, los=21, nonmoving=0, nursery=4021, heap=8729615, sweep_pending=true, seeded=2378, enq=90401977, traced=90401977, skipped_young=0, satb=40954701, satb_young_drop=37668899)
[bactrian] schedule Nursery (marking=false, mature_pages=2117399, reserved=2164731, immix=2117399, los=21, nonmoving=0, nursery=4021, heap=8729615, sweep_pending=true, seeded=2378, enq=90401977, traced=90401977, skipped_young=0, satb=40954701, satb_young_drop=37668899)
[bactrian] schedule Nursery (marking=false, mature_pages=2113798, reserved=2161063, immix=2113798, los=21, nonmoving=0, nursery=4021, heap=8729615, sweep_pending=true, seeded=2378, enq=90401977, traced=90401977, skipped_young=0, satb=40954701, satb_young_drop=37668899)
[bactrian] schedule Nursery (marking=false, mature_pages=2110197, reserved=2157262, immix=2110197, los=21, nonmoving=0, nursery=4155, heap=8729615, sweep_pending=true, seeded=2378, enq=90401977, traced=90401977, skipped_young=0, satb=40954701, satb_young_drop=37668899)
[bactrian] schedule Nursery (marking=false, mature_pages=2106596, reserved=2153728, immix=2106596, los=21, nonmoving=0, nursery=4021, heap=8729615, sweep_pending=true, seeded=2378, enq=90401977, traced=90401977, skipped_young=0, satb=40954701, satb_young_drop=37668899)
[bactrian] schedule Nursery (marking=false, mature_pages=2102995, reserved=2149926, immix=2102995, los=21, nonmoving=0, nursery=4155, heap=8729615, sweep_pending=true, seeded=2378, enq=90401977, traced=90401977, skipped_young=0, satb=40954701, satb_young_drop=37668899)
[bactrian] schedule Nursery (marking=false, mature_pages=2099394, reserved=2146393, immix=2099394, los=21, nonmoving=0, nursery=4021, heap=8729615, sweep_pending=true, seeded=2378, enq=90401977, traced=90401977, skipped_young=0, satb=40954701, satb_young_drop=37668899)
[bactrian] schedule Nursery (marking=false, mature_pages=2095793, reserved=2142725, immix=2095793, los=21, nonmoving=0, nursery=4021, heap=8729615, sweep_pending=true, seeded=2378, enq=90401977, traced=90401977, skipped_young=0, satb=40954701, satb_young_drop=37668899)
[bactrian] schedule Nursery (marking=false, mature_pages=2092192, reserved=2138924, immix=2092192, los=21, nonmoving=0, nursery=4021, heap=8729615, sweep_pending=true, seeded=2378, enq=90401977, traced=90401977, skipped_young=0, satb=40954701, satb_young_drop=37668899)
[bactrian] schedule Nursery (marking=false, mature_pages=2088589, reserved=2135254, immix=2088589, los=21, nonmoving=0, nursery=4021, heap=8729615, sweep_pending=true, seeded=2378, enq=90401977, traced=90401977, skipped_young=0, satb=40954701, satb_young_drop=37668899)
[bactrian] schedule Nursery (marking=false, mature_pages=2084988, reserved=2131721, immix=2084988, los=21, nonmoving=0, nursery=4021, heap=8729615, sweep_pending=true, seeded=2378, enq=90401977, traced=90401977, skipped_young=0, satb=40954701, satb_young_drop=37668899)
[bactrian] schedule Nursery (marking=false, mature_pages=2081387, reserved=2127919, immix=2081387, los=21, nonmoving=0, nursery=4021, heap=8729615, sweep_pending=true, seeded=2378, enq=90401977, traced=90401977, skipped_young=0, satb=40954701, satb_young_drop=37668899)
[bactrian] schedule Nursery (marking=false, mature_pages=2077786, reserved=2124252, immix=2077786, los=21, nonmoving=0, nursery=4021, heap=8729615, sweep_pending=true, seeded=2378, enq=90401977, traced=90401977, skipped_young=0, satb=40954701, satb_young_drop=37668899)
[bactrian] schedule Nursery (marking=false, mature_pages=2074185, reserved=2120718, immix=2074185, los=21, nonmoving=0, nursery=4021, heap=8729615, sweep_pending=true, seeded=2378, enq=90401977, traced=90401977, skipped_young=0, satb=40954701, satb_young_drop=37668899)
[bactrian] schedule Nursery (marking=false, mature_pages=2070584, reserved=2116916, immix=2070584, los=21, nonmoving=0, nursery=4021, heap=8729615, sweep_pending=true, seeded=2378, enq=90401977, traced=90401977, skipped_young=0, satb=40954701, satb_young_drop=37668899)
[bactrian] schedule Nursery (marking=false, mature_pages=2066983, reserved=2113249, immix=2066983, los=21, nonmoving=0, nursery=4021, heap=8729615, sweep_pending=true, seeded=2378, enq=90401977, traced=90401977, skipped_young=0, satb=40954701, satb_young_drop=37668899)
[bactrian] schedule Nursery (marking=false, mature_pages=2063382, reserved=2109581, immix=2063382, los=21, nonmoving=0, nursery=4021, heap=8729615, sweep_pending=true, seeded=2378, enq=90401977, traced=90401977, skipped_young=0, satb=40954701, satb_young_drop=37668899)
[bactrian] schedule Nursery (marking=false, mature_pages=2059781, reserved=2106048, immix=2059781, los=21, nonmoving=0, nursery=4021, heap=8729615, sweep_pending=true, seeded=2378, enq=90401977, traced=90401977, skipped_young=0, satb=40954701, satb_young_drop=37668899)
[bactrian] schedule Nursery (marking=false, mature_pages=2056178, reserved=2102244, immix=2056178, los=21, nonmoving=0, nursery=4021, heap=8729615, sweep_pending=true, seeded=2378, enq=90401977, traced=90401977, skipped_young=0, satb=40954701, satb_young_drop=37668899)
[bactrian] schedule Nursery (marking=false, mature_pages=2052577, reserved=2098711, immix=2052577, los=21, nonmoving=0, nursery=4021, heap=8729615, sweep_pending=true, seeded=2378, enq=90401977, traced=90401977, skipped_young=0, satb=40954701, satb_young_drop=37668899)
[bactrian] schedule Nursery (marking=false, mature_pages=2048976, reserved=2094909, immix=2048976, los=21, nonmoving=0, nursery=4021, heap=8729615, sweep_pending=true, seeded=2378, enq=90401977, traced=90401977, skipped_young=0, satb=40954701, satb_young_drop=37668899)
[bactrian] schedule Nursery (marking=false, mature_pages=2045375, reserved=2091242, immix=2045375, los=21, nonmoving=0, nursery=4021, heap=8729615, sweep_pending=true, seeded=2378, enq=90401977, traced=90401977, skipped_young=0, satb=40954701, satb_young_drop=37668899)
[bactrian] schedule Nursery (marking=false, mature_pages=2041774, reserved=2087574, immix=2041774, los=21, nonmoving=0, nursery=4155, heap=8729615, sweep_pending=true, seeded=2378, enq=90401977, traced=90401977, skipped_young=0, satb=40954701, satb_young_drop=37668899)
[bactrian] schedule Nursery (marking=false, mature_pages=2038173, reserved=2083906, immix=2038173, los=21, nonmoving=0, nursery=4155, heap=8729615, sweep_pending=true, seeded=2378, enq=90401977, traced=90401977, skipped_young=0, satb=40954701, satb_young_drop=37668899)
[bactrian] schedule Nursery (marking=false, mature_pages=2034572, reserved=2080373, immix=2034572, los=21, nonmoving=0, nursery=4021, heap=8729615, sweep_pending=true, seeded=2378, enq=90401977, traced=90401977, skipped_young=0, satb=40954701, satb_young_drop=37668899)
[bactrian] schedule Nursery (marking=false, mature_pages=2030971, reserved=2076571, immix=2030971, los=21, nonmoving=0, nursery=4155, heap=8729615, sweep_pending=true, seeded=2378, enq=90401977, traced=90401977, skipped_young=0, satb=40954701, satb_young_drop=37668899)
[bactrian] schedule Nursery (marking=false, mature_pages=2027370, reserved=2072904, immix=2027370, los=21, nonmoving=0, nursery=4021, heap=8729615, sweep_pending=true, seeded=2378, enq=90401977, traced=90401977, skipped_young=0, satb=40954701, satb_young_drop=37668899)
[bactrian] schedule Nursery (marking=false, mature_pages=2023769, reserved=2069370, immix=2023769, los=21, nonmoving=0, nursery=4021, heap=8729615, sweep_pending=true, seeded=2378, enq=90401977, traced=90401977, skipped_young=0, satb=40954701, satb_young_drop=37668899)
[bactrian] schedule Nursery (marking=false, mature_pages=2020166, reserved=2065567, immix=2020166, los=21, nonmoving=0, nursery=4021, heap=8729615, sweep_pending=true, seeded=2378, enq=90401977, traced=90401977, skipped_young=0, satb=40954701, satb_young_drop=37668899)
[bactrian] schedule Nursery (marking=false, mature_pages=2016565, reserved=2061899, immix=2016565, los=21, nonmoving=0, nursery=4155, heap=8729615, sweep_pending=true, seeded=2378, enq=90401977, traced=90401977, skipped_young=0, satb=40954701, satb_young_drop=37668899)
[bactrian] schedule Nursery (marking=false, mature_pages=2012964, reserved=2058231, immix=2012964, los=21, nonmoving=0, nursery=4021, heap=8729615, sweep_pending=true, seeded=2378, enq=90401977, traced=90401977, skipped_young=0, satb=40954701, satb_young_drop=37668899)
[bactrian] schedule Nursery (marking=false, mature_pages=2009363, reserved=2054564, immix=2009363, los=21, nonmoving=0, nursery=4021, heap=8729615, sweep_pending=true, seeded=2378, enq=90401977, traced=90401977, skipped_young=0, satb=40954701, satb_young_drop=37668899)
[bactrian] schedule Nursery (marking=false, mature_pages=2005762, reserved=2051030, immix=2005762, los=21, nonmoving=0, nursery=4021, heap=8729615, sweep_pending=true, seeded=2378, enq=90401977, traced=90401977, skipped_young=0, satb=40954701, satb_young_drop=37668899)
[bactrian] schedule Nursery (marking=false, mature_pages=2002161, reserved=2047363, immix=2002161, los=21, nonmoving=0, nursery=4021, heap=8729615, sweep_pending=true, seeded=2378, enq=90401977, traced=90401977, skipped_young=0, satb=40954701, satb_young_drop=37668899)
[bactrian] schedule Nursery (marking=false, mature_pages=1998560, reserved=2043561, immix=1998560, los=21, nonmoving=0, nursery=4155, heap=8729615, sweep_pending=true, seeded=2378, enq=90401977, traced=90401977, skipped_young=0, satb=40954701, satb_young_drop=37668899)
[bactrian] schedule Nursery (marking=false, mature_pages=1994959, reserved=2039894, immix=1994959, los=21, nonmoving=0, nursery=4021, heap=8729615, sweep_pending=true, seeded=2378, enq=90401977, traced=90401977, skipped_young=0, satb=40954701, satb_young_drop=37668899)
[bactrian] schedule Nursery (marking=false, mature_pages=1991358, reserved=2036226, immix=1991358, los=21, nonmoving=0, nursery=4021, heap=8729615, sweep_pending=true, seeded=2378, enq=90401977, traced=90401977, skipped_young=0, satb=40954701, satb_young_drop=37668899)
[bactrian] schedule Nursery (marking=false, mature_pages=1987757, reserved=2032559, immix=1987757, los=21, nonmoving=0, nursery=4155, heap=8729615, sweep_pending=true, seeded=2378, enq=90401977, traced=90401977, skipped_young=0, satb=40954701, satb_young_drop=37668899)
[bactrian] schedule Nursery (marking=false, mature_pages=1984154, reserved=2029023, immix=1984154, los=21, nonmoving=0, nursery=4021, heap=8729615, sweep_pending=true, seeded=2378, enq=90401977, traced=90401977, skipped_young=0, satb=40954701, satb_young_drop=37668899)
[bactrian] schedule Nursery (marking=false, mature_pages=1980553, reserved=2025355, immix=1980553, los=21, nonmoving=0, nursery=4021, heap=8729615, sweep_pending=true, seeded=2378, enq=90401977, traced=90401977, skipped_young=0, satb=40954701, satb_young_drop=37668899)
[bactrian] schedule Nursery (marking=false, mature_pages=1976952, reserved=2021554, immix=1976952, los=21, nonmoving=0, nursery=4021, heap=8729615, sweep_pending=true, seeded=2378, enq=90401977, traced=90401977, skipped_young=0, satb=40954701, satb_young_drop=37668899)
[bactrian] schedule Nursery (marking=false, mature_pages=1974459, reserved=2019149, immix=1974459, los=21, nonmoving=0, nursery=4021, heap=8729615, sweep_pending=true, seeded=2378, enq=90401977, traced=90401977, skipped_young=0, satb=40954701, satb_young_drop=37668899)
[bactrian] schedule Nursery (marking=false, mature_pages=1971966, reserved=2016476, immix=1971966, los=21, nonmoving=0, nursery=4021, heap=8729615, sweep_pending=true, seeded=2378, enq=90401977, traced=90401977, skipped_young=0, satb=40954701, satb_young_drop=37668899)
[bactrian] schedule Nursery (marking=false, mature_pages=1968365, reserved=2012808, immix=1968365, los=21, nonmoving=0, nursery=4021, heap=8729615, sweep_pending=true, seeded=2378, enq=90401977, traced=90401977, skipped_young=0, satb=40954701, satb_young_drop=37668899)
[bactrian] schedule Nursery (marking=false, mature_pages=1964764, reserved=2009275, immix=1964764, los=21, nonmoving=0, nursery=4021, heap=8729615, sweep_pending=true, seeded=2378, enq=90401977, traced=90401977, skipped_young=0, satb=40954701, satb_young_drop=37668899)
[bactrian] schedule Nursery (marking=false, mature_pages=1961163, reserved=2005473, immix=1961163, los=21, nonmoving=0, nursery=4155, heap=8729615, sweep_pending=true, seeded=2378, enq=90401977, traced=90401977, skipped_young=0, satb=40954701, satb_young_drop=37668899)
[bactrian] schedule Nursery (marking=false, mature_pages=1957562, reserved=2001805, immix=1957562, los=21, nonmoving=0, nursery=4021, heap=8729615, sweep_pending=true, seeded=2378, enq=90401977, traced=90401977, skipped_young=0, satb=40954701, satb_young_drop=37668899)
[bactrian] schedule Nursery (marking=false, mature_pages=1953961, reserved=1998138, immix=1953961, los=21, nonmoving=0, nursery=4155, heap=8729615, sweep_pending=true, seeded=2378, enq=90401977, traced=90401977, skipped_young=0, satb=40954701, satb_young_drop=37668899)
[bactrian] schedule Nursery (marking=false, mature_pages=1950690, reserved=1994940, immix=1950690, los=21, nonmoving=0, nursery=4021, heap=8729615, sweep_pending=true, seeded=2378, enq=90401977, traced=90401977, skipped_young=0, satb=40954701, satb_young_drop=37668899)
[bactrian] schedule Nursery (marking=false, mature_pages=1947190, reserved=1991242, immix=1947190, los=21, nonmoving=0, nursery=4021, heap=8729615, sweep_pending=true, seeded=2378, enq=90401977, traced=90401977, skipped_young=0, satb=40954701, satb_young_drop=37668899)
[bactrian] schedule Nursery (marking=false, mature_pages=1944089, reserved=1988218, immix=1944089, los=21, nonmoving=0, nursery=4021, heap=8729615, sweep_pending=true, seeded=2378, enq=90401977, traced=90401977, skipped_young=0, satb=40954701, satb_young_drop=37668899)
[bactrian] schedule Nursery (marking=false, mature_pages=1941009, reserved=1984947, immix=1941009, los=21, nonmoving=0, nursery=4021, heap=8729615, sweep_pending=true, seeded=2378, enq=90401977, traced=90401977, skipped_young=0, satb=40954701, satb_young_drop=37668899)
[bactrian] schedule Nursery (marking=false, mature_pages=1937796, reserved=1981674, immix=1937796, los=21, nonmoving=0, nursery=4021, heap=8729615, sweep_pending=true, seeded=2378, enq=90401977, traced=90401977, skipped_young=0, satb=40954701, satb_young_drop=37668899)
[bactrian] schedule Nursery (marking=false, mature_pages=1931591, reserved=1975354, immix=1931591, los=21, nonmoving=0, nursery=4021, heap=8729615, sweep_pending=true, seeded=2378, enq=90401977, traced=90401977, skipped_young=0, satb=40954701, satb_young_drop=37668899)
[bactrian] schedule Nursery (marking=false, mature_pages=1926406, reserved=1970074, immix=1926406, los=21, nonmoving=0, nursery=4021, heap=8729615, sweep_pending=true, seeded=2378, enq=90401977, traced=90401977, skipped_young=0, satb=40954701, satb_young_drop=37668899)
[bactrian] schedule Nursery (marking=false, mature_pages=1922268, reserved=1965859, immix=1922268, los=21, nonmoving=0, nursery=4021, heap=8729615, sweep_pending=true, seeded=2378, enq=90401977, traced=90401977, skipped_young=0, satb=40954701, satb_young_drop=37668899)
[bactrian] schedule Nursery (marking=false, mature_pages=1916035, reserved=1959645, immix=1916035, los=21, nonmoving=0, nursery=4021, heap=8729615, sweep_pending=true, seeded=2378, enq=90401977, traced=90401977, skipped_young=0, satb=40954701, satb_young_drop=37668899)
[bactrian] schedule Nursery (marking=false, mature_pages=1910855, reserved=1954235, immix=1910855, los=21, nonmoving=0, nursery=4021, heap=8729615, sweep_pending=true, seeded=2378, enq=90401977, traced=90401977, skipped_young=0, satb=40954701, satb_young_drop=37668899)
[bactrian] schedule Nursery (marking=false, mature_pages=1905682, reserved=1948967, immix=1905682, los=21, nonmoving=0, nursery=4021, heap=8729615, sweep_pending=true, seeded=2378, enq=90401977, traced=90401977, skipped_young=0, satb=40954701, satb_young_drop=37668899)
[bactrian] schedule Nursery (marking=false, mature_pages=1901527, reserved=1944735, immix=1901527, los=21, nonmoving=0, nursery=4021, heap=8729615, sweep_pending=true, seeded=2378, enq=90401977, traced=90401977, skipped_young=0, satb=40954701, satb_young_drop=37668899)
[bactrian] schedule Nursery (marking=false, mature_pages=1896366, reserved=1939478, immix=1896366, los=21, nonmoving=0, nursery=4021, heap=8729615, sweep_pending=true, seeded=2378, enq=90401977, traced=90401977, skipped_young=0, satb=40954701, satb_young_drop=37668899)
[bactrian] schedule Nursery (marking=false, mature_pages=1891180, reserved=1934465, immix=1891180, los=21, nonmoving=0, nursery=4021, heap=8729615, sweep_pending=true, seeded=2378, enq=90401977, traced=90401977, skipped_young=0, satb=40954701, satb_young_drop=37668899)
[bactrian] schedule Nursery (marking=false, mature_pages=1883937, reserved=1926820, immix=1883937, los=21, nonmoving=0, nursery=4021, heap=8729615, sweep_pending=true, seeded=2378, enq=90401977, traced=90401977, skipped_young=0, satb=40954701, satb_young_drop=37668899)
[bactrian] schedule Nursery (marking=false, mature_pages=1879165, reserved=1921960, immix=1879165, los=21, nonmoving=0, nursery=4155, heap=8729615, sweep_pending=true, seeded=2378, enq=90401977, traced=90401977, skipped_young=0, satb=40954701, satb_young_drop=37668899)
[bactrian] schedule Nursery (marking=false, mature_pages=1876082, reserved=1918820, immix=1876082, los=21, nonmoving=0, nursery=4155, heap=8729615, sweep_pending=true, seeded=2378, enq=90401977, traced=90401977, skipped_young=0, satb=40954701, satb_young_drop=37668899)
[bactrian] schedule Nursery (marking=false, mature_pages=1871027, reserved=1913671, immix=1871027, los=21, nonmoving=0, nursery=4155, heap=8729615, sweep_pending=true, seeded=2378, enq=90401977, traced=90401977, skipped_young=0, satb=40954701, satb_young_drop=37668899)
[bactrian] schedule Nursery (marking=false, mature_pages=1867939, reserved=1910660, immix=1867939, los=21, nonmoving=0, nursery=4021, heap=8729615, sweep_pending=true, seeded=2378, enq=90401977, traced=90401977, skipped_young=0, satb=40954701, satb_young_drop=37668899)
[bactrian] schedule Nursery (marking=false, mature_pages=1864863, reserved=1907393, immix=1864863, los=21, nonmoving=0, nursery=4021, heap=8729615, sweep_pending=true, seeded=2378, enq=90401977, traced=90401977, skipped_young=0, satb=40954701, satb_young_drop=37668899)
[bactrian] schedule Nursery (marking=false, mature_pages=1861775, reserved=1904248, immix=1861775, los=21, nonmoving=0, nursery=4021, heap=8729615, sweep_pending=true, seeded=2378, enq=90401977, traced=90401977, skipped_young=0, satb=40954701, satb_young_drop=37668899)
[bactrian] schedule Nursery (marking=false, mature_pages=1856745, reserved=1899125, immix=1856745, los=21, nonmoving=0, nursery=4021, heap=8729615, sweep_pending=true, seeded=2378, enq=90401977, traced=90401977, skipped_young=0, satb=40954701, satb_young_drop=37668899)
[bactrian] schedule Nursery (marking=false, mature_pages=1853681, reserved=1896138, immix=1853681, los=21, nonmoving=0, nursery=4021, heap=8729615, sweep_pending=true, seeded=2378, enq=90401977, traced=90401977, skipped_young=0, satb=40954701, satb_young_drop=37668899)
[bactrian] schedule Nursery (marking=false, mature_pages=1850590, reserved=1892856, immix=1850590, los=21, nonmoving=0, nursery=4021, heap=8729615, sweep_pending=true, seeded=2378, enq=90401977, traced=90401977, skipped_young=0, satb=40954701, satb_young_drop=37668899)
[bactrian] schedule Nursery (marking=false, mature_pages=1847490, reserved=1889833, immix=1847490, los=21, nonmoving=0, nursery=4021, heap=8729615, sweep_pending=true, seeded=2378, enq=90401977, traced=90401977, skipped_young=0, satb=40954701, satb_young_drop=37668899)
[bactrian] schedule Nursery (marking=false, mature_pages=1842453, reserved=1884569, immix=1842453, los=21, nonmoving=0, nursery=4155, heap=8729615, sweep_pending=true, seeded=2378, enq=90401977, traced=90401977, skipped_young=0, satb=40954701, satb_young_drop=37668899)
[bactrian] schedule Nursery (marking=false, mature_pages=1839361, reserved=1881554, immix=1839361, los=21, nonmoving=0, nursery=4021, heap=8729615, sweep_pending=true, seeded=2378, enq=90401977, traced=90401977, skipped_young=0, satb=40954701, satb_young_drop=37668899)
[bactrian] schedule Nursery (marking=false, mature_pages=1836253, reserved=1878388, immix=1836253, los=21, nonmoving=0, nursery=4021, heap=8729615, sweep_pending=true, seeded=2378, enq=90401977, traced=90401977, skipped_young=0, satb=40954701, satb_young_drop=37668899)
[bactrian] schedule Nursery (marking=false, mature_pages=1833189, reserved=1875268, immix=1833189, los=21, nonmoving=0, nursery=4021, heap=8729615, sweep_pending=true, seeded=2378, enq=90401977, traced=90401977, skipped_young=0, satb=40954701, satb_young_drop=37668899)
[bactrian] schedule Nursery (marking=false, mature_pages=1830118, reserved=1872006, immix=1830118, los=21, nonmoving=0, nursery=4021, heap=8729615, sweep_pending=true, seeded=2378, enq=90401977, traced=90401977, skipped_young=0, satb=40954701, satb_young_drop=37668899)
[bactrian] schedule Nursery (marking=false, mature_pages=1825087, reserved=1866882, immix=1825087, los=21, nonmoving=0, nursery=4021, heap=8729615, sweep_pending=true, seeded=2378, enq=90401977, traced=90401977, skipped_young=0, satb=40954701, satb_young_drop=37668899)
[bactrian] schedule Nursery (marking=false, mature_pages=1821980, reserved=1863718, immix=1821980, los=21, nonmoving=0, nursery=4021, heap=8729615, sweep_pending=true, seeded=2378, enq=90401977, traced=90401977, skipped_young=0, satb=40954701, satb_young_drop=37668899)
[bactrian] schedule Nursery (marking=false, mature_pages=1818900, reserved=1860715, immix=1818900, los=21, nonmoving=0, nursery=4021, heap=8729615, sweep_pending=true, seeded=2378, enq=90401977, traced=90401977, skipped_young=0, satb=40954701, satb_young_drop=37668899)
[bactrian] schedule Nursery (marking=false, mature_pages=1815807, reserved=1857564, immix=1815807, los=21, nonmoving=0, nursery=4021, heap=8729615, sweep_pending=true, seeded=2378, enq=90401977, traced=90401977, skipped_young=0, satb=40954701, satb_young_drop=37668899)
[bactrian] schedule Nursery (marking=false, mature_pages=1810761, reserved=1852425, immix=1810761, los=21, nonmoving=0, nursery=4021, heap=8729615, sweep_pending=true, seeded=2378, enq=90401977, traced=90401977, skipped_young=0, satb=40954701, satb_young_drop=37668899)
[bactrian] schedule Nursery (marking=false, mature_pages=1807687, reserved=1849160, immix=1807687, los=21, nonmoving=0, nursery=4021, heap=8729615, sweep_pending=true, seeded=2378, enq=90401977, traced=90401977, skipped_young=0, satb=40954701, satb_young_drop=37668899)
[bactrian] schedule Nursery (marking=false, mature_pages=1804604, reserved=1846154, immix=1804604, los=21, nonmoving=0, nursery=4021, heap=8729615, sweep_pending=true, seeded=2378, enq=90401977, traced=90401977, skipped_young=0, satb=40954701, satb_young_drop=37668899)
[bactrian] schedule Nursery (marking=false, mature_pages=1801549, reserved=1842909, immix=1801549, los=21, nonmoving=0, nursery=4021, heap=8729615, sweep_pending=true, seeded=2378, enq=90401977, traced=90401977, skipped_young=0, satb=40954701, satb_young_drop=37668899)
[bactrian] schedule Nursery (marking=false, mature_pages=1796477, reserved=1837743, immix=1796477, los=21, nonmoving=0, nursery=4021, heap=8729615, sweep_pending=true, seeded=2378, enq=90401977, traced=90401977, skipped_young=0, satb=40954701, satb_young_drop=37668899)
[bactrian] schedule Nursery (marking=false, mature_pages=1793393, reserved=1834870, immix=1793393, los=21, nonmoving=0, nursery=4155, heap=8729615, sweep_pending=true, seeded=2378, enq=90401977, traced=90401977, skipped_young=0, satb=40954701, satb_young_drop=37668899)
[bactrian] schedule Nursery (marking=false, mature_pages=1791344, reserved=1832649, immix=1791344, los=21, nonmoving=0, nursery=4021, heap=8729615, sweep_pending=true, seeded=2378, enq=90401977, traced=90401977, skipped_young=0, satb=40954701, satb_young_drop=37668899)
[bactrian] schedule Nursery (marking=false, mature_pages=1792591, reserved=1833919, immix=1792591, los=21, nonmoving=0, nursery=4021, heap=8729615, sweep_pending=true, seeded=2378, enq=90401977, traced=90401977, skipped_young=0, satb=40954701, satb_young_drop=37668899)
[bactrian] schedule Nursery (marking=false, mature_pages=1796754, reserved=1838025, immix=1796754, los=21, nonmoving=0, nursery=4021, heap=8729615, sweep_pending=true, seeded=2378, enq=90401977, traced=90401977, skipped_young=0, satb=40954701, satb_young_drop=37668899)
[bactrian] schedule Nursery (marking=false, mature_pages=1800917, reserved=1842265, immix=1800917, los=21, nonmoving=0, nursery=4021, heap=8729615, sweep_pending=true, seeded=2378, enq=90401977, traced=90401977, skipped_young=0, satb=40954701, satb_young_drop=37668899)
[bactrian] schedule Nursery (marking=false, mature_pages=1805081, reserved=1846640, immix=1805081, los=21, nonmoving=0, nursery=4021, heap=8729615, sweep_pending=true, seeded=2378, enq=90401977, traced=90401977, skipped_young=0, satb=40954701, satb_young_drop=37668899)
[bactrian] schedule Nursery (marking=false, mature_pages=1809246, reserved=1850748, immix=1809246, los=21, nonmoving=0, nursery=4155, heap=8729615, sweep_pending=true, seeded=2378, enq=90401977, traced=90401977, skipped_young=0, satb=40954701, satb_young_drop=37668899)
[bactrian] schedule Nursery (marking=false, mature_pages=1813409, reserved=1855122, immix=1813409, los=21, nonmoving=0, nursery=4021, heap=8729615, sweep_pending=true, seeded=2378, enq=90401977, traced=90401977, skipped_young=0, satb=40954701, satb_young_drop=37668899)
[bactrian] schedule Nursery (marking=false, mature_pages=1817572, reserved=1859362, immix=1817572, los=21, nonmoving=0, nursery=4021, heap=8729615, sweep_pending=true, seeded=2378, enq=90401977, traced=90401977, skipped_young=0, satb=40954701, satb_young_drop=37668899)
[bactrian] schedule Nursery (marking=false, mature_pages=1821739, reserved=1863472, immix=1821739, los=21, nonmoving=0, nursery=4021, heap=8729615, sweep_pending=true, seeded=2378, enq=90401977, traced=90401977, skipped_young=0, satb=40954701, satb_young_drop=37668899)
[bactrian] schedule Nursery (marking=false, mature_pages=1825902, reserved=1867846, immix=1825902, los=21, nonmoving=0, nursery=4021, heap=8729615, sweep_pending=true, seeded=2378, enq=90401977, traced=90401977, skipped_young=0, satb=40954701, satb_young_drop=37668899)
[bactrian] schedule Nursery (marking=false, mature_pages=1830065, reserved=1871952, immix=1830065, los=21, nonmoving=0, nursery=4021, heap=8729615, sweep_pending=true, seeded=2378, enq=90401977, traced=90401977, skipped_young=0, satb=40954701, satb_young_drop=37668899)
[bactrian] schedule Nursery (marking=false, mature_pages=1834228, reserved=1876192, immix=1834228, los=21, nonmoving=0, nursery=4021, heap=8729615, sweep_pending=true, seeded=2378, enq=90401977, traced=90401977, skipped_young=0, satb=40954701, satb_young_drop=37668899)
[bactrian] schedule Nursery (marking=false, mature_pages=1838392, reserved=1880433, immix=1838392, los=21, nonmoving=0, nursery=4021, heap=8729615, sweep_pending=true, seeded=2378, enq=90401977, traced=90401977, skipped_young=0, satb=40954701, satb_young_drop=37668899)
[bactrian] decide: cycle_req=false user=false emergency=false vm_exhausted=false -> Nursery
[bactrian] schedule Nursery (marking=false, mature_pages=1842555, reserved=1884673, immix=1842555, los=21, nonmoving=0, nursery=4155, heap=8729615, sweep_pending=false, seeded=2378, enq=90401977, traced=90401977, skipped_young=0, satb=40954701, satb_young_drop=37668899)
[bactrian] decide: cycle_req=false user=false emergency=false vm_exhausted=false -> Nursery
[bactrian] schedule Nursery (marking=false, mature_pages=1842555, reserved=1884807, immix=1842555, los=21, nonmoving=0, nursery=4021, heap=8729615, sweep_pending=false, seeded=2378, enq=90401977, traced=90401977, skipped_young=0, satb=40954701, satb_young_drop=37668899)
[bactrian] decide: cycle_req=false user=false emergency=false vm_exhausted=false -> Nursery
[bactrian] schedule Nursery (marking=false, mature_pages=1842555, reserved=1884807, immix=1842555, los=21, nonmoving=0, nursery=4021, heap=8729615, sweep_pending=false, seeded=2378, enq=90401977, traced=90401977, skipped_young=0, satb=40954701, satb_young_drop=37668899)
[bactrian] decide: cycle_req=false user=false emergency=false vm_exhausted=false -> Nursery
[bactrian] schedule Nursery (marking=false, mature_pages=1842555, reserved=1884673, immix=1842555, los=21, nonmoving=0, nursery=4021, heap=8729615, sweep_pending=false, seeded=2378, enq=90401977, traced=90401977, skipped_young=0, satb=40954701, satb_young_drop=37668899)
