[probe] gc=0 kind=InitialMark modbuf_objs=0 region_entries=1940 satb_nodes=0 copied=0 scanned=275 | cum modbuf=0 region=1940 satb=0 copied=0 scanned=275
[probe] gc=1 kind=Nursery modbuf_objs=0 region_entries=0 satb_nodes=0 copied=0 scanned=17 | cum modbuf=0 region=1940 satb=0 copied=0 scanned=292
[probe] gc=2 kind=FinalMark modbuf_objs=0 region_entries=0 satb_nodes=0 copied=0 scanned=0 | cum modbuf=0 region=1940 satb=0 copied=0 scanned=292
[probe] gc=3 kind=Nursery modbuf_objs=0 region_entries=0 satb_nodes=0 copied=0 scanned=17 | cum modbuf=0 region=1940 satb=0 copied=0 scanned=309
[probe] gc=4 kind=Nursery modbuf_objs=0 region_entries=0 satb_nodes=0 copied=0 scanned=5 | cum modbuf=0 region=1940 satb=0 copied=0 scanned=314
[probe] gc=5 kind=Nursery modbuf_objs=0 region_entries=0 satb_nodes=0 copied=0 scanned=2 | cum modbuf=0 region=1940 satb=0 copied=0 scanned=316
[probe] gc=6 kind=Nursery modbuf_objs=0 region_entries=0 satb_nodes=0 copied=0 scanned=5 | cum modbuf=0 region=1940 satb=0 copied=0 scanned=321
[probe] gc=7 kind=Nursery modbuf_objs=0 region_entries=0 satb_nodes=0 copied=0 scanned=2 | cum modbuf=0 region=1940 satb=0 copied=0 scanned=323
[probe] gc=8 kind=Nursery modbuf_objs=0 region_entries=0 satb_nodes=0 copied=0 scanned=5 | cum modbuf=0 region=1940 satb=0 copied=0 scanned=328
[probe] gc=9 kind=Nursery modbuf_objs=0 region_entries=0 satb_nodes=0 copied=0 scanned=2 | cum modbuf=0 region=1940 satb=0 copied=0 scanned=330
[probe] gc=10 kind=Nursery modbuf_objs=0 region_entries=0 satb_nodes=0 copied=0 scanned=5 | cum modbuf=0 region=1940 satb=0 copied=0 scanned=335
[probe] gc=11 kind=Nursery modbuf_objs=0 region_entries=0 satb_nodes=0 copied=0 scanned=2 | cum modbuf=0 region=1940 satb=0 copied=0 scanned=337
[probe] gc=12 kind=Nursery modbuf_objs=0 region_entries=0 satb_nodes=0 copied=0 scanned=4 | cum modbuf=0 region=1940 satb=0 copied=0 scanned=341
[probe] gc=13 kind=Nursery modbuf_objs=0 region_entries=0 satb_nodes=0 copied=0 scanned=2 | cum modbuf=0 region=1940 satb=0 copied=0 scanned=343
[probe] gc=14 kind=Nursery modbuf_objs=0 region_entries=0 satb_nodes=0 copied=0 scanned=17 | cum modbuf=0 region=1940 satb=0 copied=0 scanned=360
[probe] gc=15 kind=Nursery modbuf_objs=0 region_entries=0 satb_nodes=0 copied=0 scanned=20 | cum modbuf=0 region=1940 satb=0 copied=0 scanned=380
[probe] gc=16 kind=Nursery modbuf_objs=0 region_entries=0 satb_nodes=0 copied=0 scanned=17 | cum modbuf=0 region=1940 satb=0 copied=0 scanned=397
[probe] gc=17 kind=Nursery modbuf_objs=0 region_entries=0 satb_nodes=0 copied=0 scanned=21 | cum modbuf=0 region=1940 satb=0 copied=0 scanned=418
[probe] gc=18 kind=Nursery modbuf_objs=0 region_entries=0 satb_nodes=0 copied=0 scanned=17 | cum modbuf=0 region=1940 satb=0 copied=0 scanned=435
[probe] gc=19 kind=Nursery modbuf_objs=0 region_entries=0 satb_nodes=0 copied=0 scanned=8 | cum modbuf=0 region=1940 satb=0 copied=0 scanned=443
[probe] gc=20 kind=Nursery modbuf_objs=0 region_entries=0 satb_nodes=0 copied=0 scanned=12 | cum modbuf=0 region=1940 satb=0 copied=0 scanned=455
[probe] gc=21 kind=Nursery modbuf_objs=0 region_entries=0 satb_nodes=0 copied=0 scanned=10 | cum modbuf=0 region=1940 satb=0 copied=0 scanned=465
[probe] gc=22 kind=Nursery modbuf_objs=0 region_entries=0 satb_nodes=0 copied=0 scanned=13 | cum modbuf=0 region=1940 satb=0 copied=0 scanned=478
[probe] gc=23 kind=Nursery modbuf_objs=0 region_entries=0 satb_nodes=0 copied=0 scanned=11 | cum modbuf=0 region=1940 satb=0 copied=0 scanned=489
[probe] gc=24 kind=Nursery modbuf_objs=0 region_entries=0 satb_nodes=0 copied=0 scanned=13 | cum modbuf=0 region=1940 satb=0 copied=0 scanned=502
[probe] gc=25 kind=Nursery modbuf_objs=0 region_entries=0 satb_nodes=0 copied=0 scanned=5 | cum modbuf=0 region=1940 satb=0 copied=0 scanned=507
[probe] gc=26 kind=Nursery modbuf_objs=0 region_entries=0 satb_nodes=0 copied=0 scanned=2 | cum modbuf=0 region=1940 satb=0 copied=0 scanned=509
[probe] gc=27 kind=Nursery modbuf_objs=0 region_entries=0 satb_nodes=0 copied=0 scanned=5 | cum modbuf=0 region=1940 satb=0 copied=0 scanned=514
[probe] gc=28 kind=Nursery modbuf_objs=0 region_entries=0 satb_nodes=0 copied=0 scanned=2 | cum modbuf=0 region=1940 satb=0 copied=0 scanned=516
[probe] gc=29 kind=Nursery modbuf_objs=0 region_entries=0 satb_nodes=0 copied=0 scanned=5 | cum modbuf=0 region=1940 satb=0 copied=0 scanned=521
[probe] gc=30 kind=Nursery modbuf_objs=0 region_entries=0 satb_nodes=0 copied=0 scanned=2 | cum modbuf=0 region=1940 satb=0 copied=0 scanned=523
[probe] gc=31 kind=Nursery modbuf_objs=0 region_entries=0 satb_nodes=0 copied=0 scanned=17 | cum modbuf=0 region=1940 satb=0 copied=0 scanned=540
[probe] gc=32 kind=Nursery modbuf_objs=0 region_entries=0 satb_nodes=0 copied=0 scanned=20 | cum modbuf=0 region=1940 satb=0 copied=0 scanned=560
[probe] gc=33 kind=Full modbuf_objs=0 region_entries=0 satb_nodes=0 copied=0 scanned=0 | cum modbuf=0 region=1940 satb=0 copied=0 scanned=560
[probe] gc=34 kind=Nursery modbuf_objs=0 region_entries=0 satb_nodes=0 copied=0 scanned=2 | cum modbuf=0 region=1940 satb=0 copied=0 scanned=562
[probe] gc=35 kind=Nursery modbuf_objs=0 region_entries=0 satb_nodes=0 copied=0 scanned=2 | cum modbuf=0 region=1940 satb=0 copied=0 scanned=564
[probe] gc=36 kind=Nursery modbuf_objs=0 region_entries=0 satb_nodes=0 copied=0 scanned=21 | cum modbuf=0 region=1940 satb=0 copied=0 scanned=585
[probe] gc=37 kind=Nursery modbuf_objs=0 region_entries=0 satb_nodes=0 copied=0 scanned=4 | cum modbuf=0 region=1940 satb=0 copied=0 scanned=589
[probe] gc=38 kind=Nursery modbuf_objs=0 region_entries=0 satb_nodes=0 copied=0 scanned=21 | cum modbuf=0 region=1940 satb=0 copied=0 scanned=610
[probe] gc=39 kind=Nursery modbuf_objs=0 region_entries=0 satb_nodes=0 copied=0 scanned=4 | cum modbuf=0 region=1940 satb=0 copied=0 scanned=614
[probe] gc=40 kind=Nursery modbuf_objs=0 region_entries=0 satb_nodes=0 copied=0 scanned=17 | cum modbuf=0 region=1940 satb=0 copied=0 scanned=631
[probe] gc=41 kind=Nursery modbuf_objs=0 region_entries=0 satb_nodes=0 copied=0 scanned=14 | cum modbuf=0 region=1940 satb=0 copied=0 scanned=645
[probe] gc=42 kind=Nursery modbuf_objs=0 region_entries=0 satb_nodes=0 copied=0 scanned=19 | cum modbuf=0 region=1940 satb=0 copied=0 scanned=664
[probe] gc=43 kind=Nursery modbuf_objs=0 region_entries=0 satb_nodes=0 copied=0 scanned=14 | cum modbuf=0 region=1940 satb=0 copied=0 scanned=678
[probe] gc=44 kind=Nursery modbuf_objs=0 region_entries=0 satb_nodes=0 copied=0 scanned=19 | cum modbuf=0 region=1940 satb=0 copied=0 scanned=697
[probe] gc=45 kind=Nursery modbuf_objs=0 region_entries=0 satb_nodes=0 copied=0 scanned=2 | cum modbuf=0 region=1940 satb=0 copied=0 scanned=699
[probe] gc=46 kind=Nursery modbuf_objs=0 region_entries=0 satb_nodes=0 copied=0 scanned=6 | cum modbuf=0 region=1940 satb=0 copied=0 scanned=705
[probe] gc=47 kind=Nursery modbuf_objs=0 region_entries=0 satb_nodes=0 copied=0 scanned=10 | cum modbuf=0 region=1940 satb=0 copied=0 scanned=715
[probe] gc=48 kind=Nursery modbuf_objs=0 region_entries=0 satb_nodes=0 copied=0 scanned=6 | cum modbuf=0 region=1940 satb=0 copied=0 scanned=721
[probe] gc=49 kind=Nursery modbuf_objs=0 region_entries=0 satb_nodes=0 copied=0 scanned=11 | cum modbuf=0 region=1940 satb=0 copied=0 scanned=732
[probe] gc=50 kind=Nursery modbuf_objs=0 region_entries=0 satb_nodes=0 copied=0 scanned=7 | cum modbuf=0 region=1940 satb=0 copied=0 scanned=739
[probe] gc=51 kind=Nursery modbuf_objs=0 region_entries=0 satb_nodes=0 copied=0 scanned=2 | cum modbuf=0 region=1940 satb=0 copied=0 scanned=741
[probe] gc=52 kind=Nursery modbuf_objs=0 region_entries=0 satb_nodes=0 copied=0 scanned=2 | cum modbuf=0 region=1940 satb=0 copied=0 scanned=743
[probe] gc=53 kind=Nursery modbuf_objs=0 region_entries=0 satb_nodes=0 copied=0 scanned=21 | cum modbuf=0 region=1940 satb=0 copied=0 scanned=764
[probe] gc=54 kind=Nursery modbuf_objs=0 region_entries=0 satb_nodes=0 copied=0 scanned=4 | cum modbuf=0 region=1940 satb=0 copied=0 scanned=768
[probe] gc=55 kind=Nursery modbuf_objs=0 region_entries=0 satb_nodes=0 copied=0 scanned=21 | cum modbuf=0 region=1940 satb=0 copied=0 scanned=789
[probe] gc=56 kind=Nursery modbuf_objs=0 region_entries=0 satb_nodes=0 copied=0 scanned=4 | cum modbuf=0 region=1940 satb=0 copied=0 scanned=793
[probe] gc=57 kind=Nursery modbuf_objs=0 region_entries=0 satb_nodes=0 copied=0 scanned=17 | cum modbuf=0 region=1940 satb=0 copied=0 scanned=810
[probe] gc=58 kind=Nursery modbuf_objs=0 region_entries=0 satb_nodes=0 copied=0 scanned=14 | cum modbuf=0 region=1940 satb=0 copied=0 scanned=824
[probe] gc=59 kind=Nursery modbuf_objs=0 region_entries=0 satb_nodes=0 copied=0 scanned=19 | cum modbuf=0 region=1940 satb=0 copied=0 scanned=843
[probe] gc=60 kind=Nursery modbuf_objs=0 region_entries=0 satb_nodes=0 copied=0 scanned=14 | cum modbuf=0 region=1940 satb=0 copied=0 scanned=857
[probe] gc=61 kind=Nursery modbuf_objs=0 region_entries=0 satb_nodes=0 copied=0 scanned=19 | cum modbuf=0 region=1940 satb=0 copied=0 scanned=876
[probe] gc=62 kind=Nursery modbuf_objs=0 region_entries=0 satb_nodes=0 copied=0 scanned=2 | cum modbuf=0 region=1940 satb=0 copied=0 scanned=878
[probe] gc=63 kind=Nursery modbuf_objs=0 region_entries=0 satb_nodes=0 copied=0 scanned=6 | cum modbuf=0 region=1940 satb=0 copied=0 scanned=884
[probe] gc=64 kind=Nursery modbuf_objs=0 region_entries=0 satb_nodes=0 copied=0 scanned=10 | cum modbuf=0 region=1940 satb=0 copied=0 scanned=894
[probe] gc=65 kind=Nursery modbuf_objs=0 region_entries=0 satb_nodes=0 copied=0 scanned=6 | cum modbuf=0 region=1940 satb=0 copied=0 scanned=900
[probe] gc=66 kind=Full modbuf_objs=0 region_entries=0 satb_nodes=0 copied=0 scanned=0 | cum modbuf=0 region=1940 satb=0 copied=0 scanned=900
[probe] gc=67 kind=Nursery modbuf_objs=0 region_entries=0 satb_nodes=0 copied=0 scanned=2 | cum modbuf=0 region=1940 satb=0 copied=0 scanned=902
[probe] gc=68 kind=Nursery modbuf_objs=0 region_entries=0 satb_nodes=0 copied=0 scanned=6 | cum modbuf=0 region=1940 satb=0 copied=0 scanned=908
[probe] gc=69 kind=Nursery modbuf_objs=0 region_entries=0 satb_nodes=0 copied=0 scanned=10 | cum modbuf=0 region=1940 satb=0 copied=0 scanned=918
[probe] gc=70 kind=Nursery modbuf_objs=0 region_entries=0 satb_nodes=0 copied=0 scanned=6 | cum modbuf=0 region=1940 satb=0 copied=0 scanned=924
[probe] gc=71 kind=Nursery modbuf_objs=0 region_entries=0 satb_nodes=0 copied=0 scanned=11 | cum modbuf=0 region=1940 satb=0 copied=0 scanned=935
[probe] gc=72 kind=Nursery modbuf_objs=0 region_entries=0 satb_nodes=0 copied=0 scanned=7 | cum modbuf=0 region=1940 satb=0 copied=0 scanned=942
[probe] gc=73 kind=Nursery modbuf_objs=0 region_entries=0 satb_nodes=0 copied=0 scanned=2 | cum modbuf=0 region=1940 satb=0 copied=0 scanned=944
[probe] gc=74 kind=Nursery modbuf_objs=0 region_entries=0 satb_nodes=0 copied=0 scanned=2 | cum modbuf=0 region=1940 satb=0 copied=0 scanned=946
[probe] gc=75 kind=Nursery modbuf_objs=0 region_entries=0 satb_nodes=0 copied=0 scanned=21 | cum modbuf=0 region=1940 satb=0 copied=0 scanned=967
[probe] gc=76 kind=Nursery modbuf_objs=0 region_entries=0 satb_nodes=0 copied=0 scanned=4 | cum modbuf=0 region=1940 satb=0 copied=0 scanned=971
[probe] gc=77 kind=Nursery modbuf_objs=0 region_entries=0 satb_nodes=0 copied=0 scanned=21 | cum modbuf=0 region=1940 satb=0 copied=0 scanned=992
[probe] gc=78 kind=Nursery modbuf_objs=0 region_entries=0 satb_nodes=0 copied=0 scanned=4 | cum modbuf=0 region=1940 satb=0 copied=0 scanned=996
[probe] gc=79 kind=Nursery modbuf_objs=0 region_entries=0 satb_nodes=0 copied=0 scanned=17 | cum modbuf=0 region=1940 satb=0 copied=0 scanned=1013
[probe] gc=80 kind=Nursery modbuf_objs=0 region_entries=0 satb_nodes=0 copied=0 scanned=5 | cum modbuf=0 region=1940 satb=0 copied=0 scanned=1018
[probe] gc=81 kind=Nursery modbuf_objs=0 region_entries=0 satb_nodes=0 copied=0 scanned=4 | cum modbuf=0 region=1940 satb=0 copied=0 scanned=1022
[probe] gc=82 kind=Nursery modbuf_objs=0 region_entries=0 satb_nodes=0 copied=0 scanned=7 | cum modbuf=0 region=1940 satb=0 copied=0 scanned=1029
[probe] gc=83 kind=Nursery modbuf_objs=0 region_entries=0 satb_nodes=0 copied=0 scanned=10 | cum modbuf=0 region=1940 satb=0 copied=0 scanned=1039
[probe] gc=84 kind=Nursery modbuf_objs=0 region_entries=0 satb_nodes=0 copied=0 scanned=1 | cum modbuf=0 region=1940 satb=0 copied=0 scanned=1040
[probe] gc=85 kind=Nursery modbuf_objs=0 region_entries=0 satb_nodes=0 copied=0 scanned=4 | cum modbuf=0 region=1940 satb=0 copied=0 scanned=1044
[probe] gc=86 kind=Nursery modbuf_objs=0 region_entries=0 satb_nodes=0 copied=0 scanned=8 | cum modbuf=0 region=1940 satb=0 copied=0 scanned=1052
[probe] gc=87 kind=Nursery modbuf_objs=0 region_entries=0 satb_nodes=0 copied=0 scanned=7 | cum modbuf=0 region=1940 satb=0 copied=0 scanned=1059
[probe] gc=88 kind=Nursery modbuf_objs=0 region_entries=0 satb_nodes=0 copied=0 scanned=10 | cum modbuf=0 region=1940 satb=0 copied=0 scanned=1069
[probe] gc=89 kind=Nursery modbuf_objs=0 region_entries=0 satb_nodes=0 copied=0 scanned=13 | cum modbuf=0 region=1940 satb=0 copied=0 scanned=1082
[probe] gc=90 kind=Nursery modbuf_objs=0 region_entries=0 satb_nodes=0 copied=0 scanned=4 | cum modbuf=0 region=1940 satb=0 copied=0 scanned=1086
[probe] gc=91 kind=Nursery modbuf_objs=0 region_entries=0 satb_nodes=0 copied=0 scanned=8 | cum modbuf=0 region=1940 satb=0 copied=0 scanned=1094
[probe] gc=92 kind=Nursery modbuf_objs=0 region_entries=0 satb_nodes=0 copied=0 scanned=11 | cum modbuf=0 region=1940 satb=0 copied=0 scanned=1105
[probe] gc=93 kind=Nursery modbuf_objs=0 region_entries=0 satb_nodes=0 copied=0 scanned=10 | cum modbuf=0 region=1940 satb=0 copied=0 scanned=1115
[probe] gc=94 kind=Nursery modbuf_objs=0 region_entries=0 satb_nodes=0 copied=0 scanned=14 | cum modbuf=0 region=1940 satb=0 copied=0 scanned=1129
[probe] gc=95 kind=Nursery modbuf_objs=0 region_entries=0 satb_nodes=0 copied=0 scanned=17 | cum modbuf=0 region=1940 satb=0 copied=0 scanned=1146
[probe] gc=96 kind=Nursery modbuf_objs=0 region_entries=0 satb_nodes=0 copied=0 scanned=8 | cum modbuf=0 region=1940 satb=0 copied=0 scanned=1154
[probe] gc=97 kind=Nursery modbuf_objs=0 region_entries=0 satb_nodes=0 copied=0 scanned=11 | cum modbuf=0 region=1940 satb=0 copied=0 scanned=1165
[probe] gc=98 kind=Nursery modbuf_objs=0 region_entries=0 satb_nodes=0 copied=0 scanned=14 | cum modbuf=0 region=1940 satb=0 copied=0 scanned=1179
[probe] gc=99 kind=Full modbuf_objs=0 region_entries=0 satb_nodes=0 copied=0 scanned=0 | cum modbuf=0 region=1940 satb=0 copied=0 scanned=1179
[probe] gc=100 kind=Nursery modbuf_objs=0 region_entries=0 satb_nodes=0 copied=0 scanned=19 | cum modbuf=0 region=1940 satb=0 copied=0 scanned=1198
[probe] gc=101 kind=Nursery modbuf_objs=0 region_entries=0 satb_nodes=0 copied=0 scanned=21 | cum modbuf=0 region=1940 satb=0 copied=0 scanned=1219
[probe] gc=102 kind=Nursery modbuf_objs=0 region_entries=0 satb_nodes=0 copied=0 scanned=2 | cum modbuf=0 region=1940 satb=0 copied=0 scanned=1221
[probe] gc=103 kind=Nursery modbuf_objs=0 region_entries=0 satb_nodes=0 copied=0 scanned=0 | cum modbuf=0 region=1940 satb=0 copied=0 scanned=1221
[probe] gc=104 kind=Nursery modbuf_objs=0 region_entries=0 satb_nodes=0 copied=0 scanned=4 | cum modbuf=0 region=1940 satb=0 copied=0 scanned=1225
[probe] gc=105 kind=Nursery modbuf_objs=0 region_entries=0 satb_nodes=0 copied=0 scanned=7 | cum modbuf=0 region=1940 satb=0 copied=0 scanned=1232
[probe] gc=106 kind=Nursery modbuf_objs=0 region_entries=0 satb_nodes=0 copied=0 scanned=21 | cum modbuf=0 region=1940 satb=0 copied=0 scanned=1253
[probe] gc=107 kind=Nursery modbuf_objs=0 region_entries=0 satb_nodes=0 copied=0 scanned=0 | cum modbuf=0 region=1940 satb=0 copied=0 scanned=1253
[probe] gc=108 kind=Nursery modbuf_objs=0 region_entries=0 satb_nodes=0 copied=0 scanned=5 | cum modbuf=0 region=1940 satb=0 copied=0 scanned=1258
[probe] gc=109 kind=Nursery modbuf_objs=0 region_entries=0 satb_nodes=0 copied=0 scanned=4 | cum modbuf=0 region=1940 satb=0 copied=0 scanned=1262
[probe] gc=110 kind=Nursery modbuf_objs=0 region_entries=0 satb_nodes=0 copied=0 scanned=7 | cum modbuf=0 region=1940 satb=0 copied=0 scanned=1269
[probe] gc=111 kind=Nursery modbuf_objs=0 region_entries=0 satb_nodes=0 copied=0 scanned=10 | cum modbuf=0 region=1940 satb=0 copied=0 scanned=1279
[probe] gc=112 kind=Nursery modbuf_objs=0 region_entries=0 satb_nodes=0 copied=0 scanned=1 | cum modbuf=0 region=1940 satb=0 copied=0 scanned=1280
[probe] gc=113 kind=Nursery modbuf_objs=0 region_entries=0 satb_nodes=0 copied=0 scanned=4 | cum modbuf=0 region=1940 satb=0 copied=0 scanned=1284
[probe] gc=114 kind=Nursery modbuf_objs=0 region_entries=0 satb_nodes=0 copied=0 scanned=2 | cum modbuf=0 region=1940 satb=0 copied=0 scanned=1286
[probe] gc=115 kind=Nursery modbuf_objs=0 region_entries=0 satb_nodes=0 copied=0 scanned=13 | cum modbuf=0 region=1940 satb=0 copied=0 scanned=1299
[probe] gc=116 kind=Nursery modbuf_objs=0 region_entries=0 satb_nodes=0 copied=0 scanned=17 | cum modbuf=0 region=1940 satb=0 copied=0 scanned=1316
[probe] gc=117 kind=Nursery modbuf_objs=0 region_entries=0 satb_nodes=0 copied=0 scanned=5 | cum modbuf=0 region=1940 satb=0 copied=0 scanned=1321
[probe] gc=118 kind=Nursery modbuf_objs=0 region_entries=0 satb_nodes=0 copied=0 scanned=4 | cum modbuf=0 region=1940 satb=0 copied=0 scanned=1325
[probe] gc=119 kind=Nursery modbuf_objs=0 region_entries=0 satb_nodes=0 copied=0 scanned=8 | cum modbuf=0 region=1940 satb=0 copied=0 scanned=1333
[probe] gc=120 kind=Nursery modbuf_objs=0 region_entries=0 satb_nodes=0 copied=0 scanned=20 | cum modbuf=0 region=1940 satb=0 copied=0 scanned=1353
[probe] gc=121 kind=Nursery modbuf_objs=0 region_entries=0 satb_nodes=0 copied=0 scanned=19 | cum modbuf=0 region=1940 satb=0 copied=0 scanned=1372
[probe] gc=122 kind=Nursery modbuf_objs=0 region_entries=0 satb_nodes=0 copied=0 scanned=2 | cum modbuf=0 region=1940 satb=0 copied=0 scanned=1374
[probe] gc=123 kind=Nursery modbuf_objs=0 region_entries=0 satb_nodes=0 copied=0 scanned=11 | cum modbuf=0 region=1940 satb=0 copied=0 scanned=1385
[probe] gc=124 kind=Nursery modbuf_objs=0 region_entries=0 satb_nodes=0 copied=0 scanned=2 | cum modbuf=0 region=1940 satb=0 copied=0 scanned=1387
[probe] gc=125 kind=Nursery modbuf_objs=0 region_entries=0 satb_nodes=0 copied=0 scanned=14 | cum modbuf=0 region=1940 satb=0 copied=0 scanned=1401
[probe] gc=126 kind=Nursery modbuf_objs=0 region_entries=0 satb_nodes=0 copied=0 scanned=2 | cum modbuf=0 region=1940 satb=0 copied=0 scanned=1403
[probe] gc=127 kind=Nursery modbuf_objs=0 region_entries=0 satb_nodes=0 copied=0 scanned=5 | cum modbuf=0 region=1940 satb=0 copied=0 scanned=1408
[probe] gc=128 kind=Nursery modbuf_objs=0 region_entries=0 satb_nodes=0 copied=0 scanned=5 | cum modbuf=0 region=1940 satb=0 copied=0 scanned=1413
[probe] gc=129 kind=Nursery modbuf_objs=0 region_entries=0 satb_nodes=0 copied=0 scanned=16 | cum modbuf=0 region=1940 satb=0 copied=0 scanned=1429
[probe] gc=130 kind=Nursery modbuf_objs=0 region_entries=0 satb_nodes=0 copied=0 scanned=20 | cum modbuf=0 region=1940 satb=0 copied=0 scanned=1449
[probe] gc=131 kind=Nursery modbuf_objs=0 region_entries=0 satb_nodes=0 copied=0 scanned=20 | cum modbuf=0 region=1940 satb=0 copied=0 scanned=1469
[probe] gc=132 kind=Full modbuf_objs=0 region_entries=0 satb_nodes=0 copied=0 scanned=0 | cum modbuf=0 region=1940 satb=0 copied=0 scanned=1469
[probe] gc=133 kind=Nursery modbuf_objs=0 region_entries=0 satb_nodes=0 copied=0 scanned=14 | cum modbuf=0 region=1940 satb=0 copied=0 scanned=1483
[probe] gc=134 kind=Nursery modbuf_objs=0 region_entries=0 satb_nodes=0 copied=0 scanned=2 | cum modbuf=0 region=1940 satb=0 copied=0 scanned=1485
[probe] gc=135 kind=Nursery modbuf_objs=0 region_entries=0 satb_nodes=0 copied=0 scanned=1 | cum modbuf=0 region=1940 satb=0 copied=0 scanned=1486
[probe] gc=136 kind=Nursery modbuf_objs=0 region_entries=0 satb_nodes=0 copied=0 scanned=5 | cum modbuf=0 region=1940 satb=0 copied=0 scanned=1491
[probe] gc=137 kind=Nursery modbuf_objs=0 region_entries=0 satb_nodes=0 copied=0 scanned=16 | cum modbuf=0 region=1940 satb=0 copied=0 scanned=1507
[probe] gc=138 kind=Nursery modbuf_objs=0 region_entries=0 satb_nodes=0 copied=0 scanned=8 | cum modbuf=0 region=1940 satb=0 copied=0 scanned=1515
[probe] gc=139 kind=Nursery modbuf_objs=0 region_entries=0 satb_nodes=0 copied=0 scanned=20 | cum modbuf=0 region=1940 satb=0 copied=0 scanned=1535
[probe] gc=140 kind=Nursery modbuf_objs=0 region_entries=0 satb_nodes=0 copied=0 scanned=7 | cum modbuf=0 region=1940 satb=0 copied=0 scanned=1542
[probe] gc=141 kind=Nursery modbuf_objs=0 region_entries=0 satb_nodes=0 copied=0 scanned=11 | cum modbuf=0 region=1940 satb=0 copied=0 scanned=1553
[probe] gc=142 kind=Nursery modbuf_objs=0 region_entries=0 satb_nodes=0 copied=0 scanned=11 | cum modbuf=0 region=1940 satb=0 copied=0 scanned=1564
[probe] gc=143 kind=Nursery modbuf_objs=0 region_entries=0 satb_nodes=0 copied=0 scanned=21 | cum modbuf=0 region=1940 satb=0 copied=0 scanned=1585
[probe] gc=144 kind=Nursery modbuf_objs=0 region_entries=0 satb_nodes=0 copied=0 scanned=2 | cum modbuf=0 region=1940 satb=0 copied=0 scanned=1587
[probe] gc=145 kind=Nursery modbuf_objs=0 region_entries=0 satb_nodes=0 copied=0 scanned=2 | cum modbuf=0 region=1940 satb=0 copied=0 scanned=1589
[probe] gc=146 kind=Nursery modbuf_objs=0 region_entries=0 satb_nodes=0 copied=0 scanned=13 | cum modbuf=0 region=1940 satb=0 copied=0 scanned=1602
[probe] gc=147 kind=Nursery modbuf_objs=0 region_entries=0 satb_nodes=0 copied=0 scanned=17 | cum modbuf=0 region=1940 satb=0 copied=0 scanned=1619
[probe] gc=148 kind=Nursery modbuf_objs=0 region_entries=0 satb_nodes=0 copied=0 scanned=5 | cum modbuf=0 region=1940 satb=0 copied=0 scanned=1624
[probe] gc=149 kind=Nursery modbuf_objs=0 region_entries=0 satb_nodes=0 copied=0 scanned=4 | cum modbuf=0 region=1940 satb=0 copied=0 scanned=1628
[probe] gc=150 kind=Nursery modbuf_objs=0 region_entries=0 satb_nodes=0 copied=0 scanned=8 | cum modbuf=0 region=1940 satb=0 copied=0 scanned=1636
[probe] gc=151 kind=Nursery modbuf_objs=0 region_entries=0 satb_nodes=0 copied=0 scanned=20 | cum modbuf=0 region=1940 satb=0 copied=0 scanned=1656
[probe] gc=152 kind=Nursery modbuf_objs=0 region_entries=0 satb_nodes=0 copied=0 scanned=19 | cum modbuf=0 region=1940 satb=0 copied=0 scanned=1675
[probe] gc=153 kind=Nursery modbuf_objs=0 region_entries=0 satb_nodes=0 copied=0 scanned=2 | cum modbuf=0 region=1940 satb=0 copied=0 scanned=1677
[probe] gc=154 kind=Nursery modbuf_objs=0 region_entries=0 satb_nodes=0 copied=0 scanned=11 | cum modbuf=0 region=1940 satb=0 copied=0 scanned=1688
[probe] gc=155 kind=Nursery modbuf_objs=0 region_entries=0 satb_nodes=0 copied=0 scanned=2 | cum modbuf=0 region=1940 satb=0 copied=0 scanned=1690
[probe] gc=156 kind=Nursery modbuf_objs=0 region_entries=0 satb_nodes=0 copied=0 scanned=14 | cum modbuf=0 region=1940 satb=0 copied=0 scanned=1704
[probe] gc=157 kind=Nursery modbuf_objs=0 region_entries=0 satb_nodes=0 copied=0 scanned=2 | cum modbuf=0 region=1940 satb=0 copied=0 scanned=1706
[probe] gc=158 kind=Nursery modbuf_objs=0 region_entries=0 satb_nodes=0 copied=0 scanned=5 | cum modbuf=0 region=1940 satb=0 copied=0 scanned=1711
[probe] gc=159 kind=Nursery modbuf_objs=0 region_entries=0 satb_nodes=0 copied=0 scanned=5 | cum modbuf=0 region=1940 satb=0 copied=0 scanned=1716
[probe] gc=160 kind=InitialMark modbuf_objs=0 region_entries=0 satb_nodes=0 copied=0 scanned=11 | cum modbuf=0 region=1940 satb=0 copied=0 scanned=1727
[probe] gc=161 kind=Nursery modbuf_objs=0 region_entries=1 satb_nodes=1 copied=0 scanned=124075 | cum modbuf=0 region=1941 satb=1 copied=0 scanned=125802
[probe] gc=162 kind=FinalMark modbuf_objs=0 region_entries=0 satb_nodes=0 copied=0 scanned=0 | cum modbuf=0 region=1941 satb=1 copied=0 scanned=125802
[probe] gc=163 kind=Nursery modbuf_objs=0 region_entries=0 satb_nodes=0 copied=0 scanned=121126 | cum modbuf=0 region=1941 satb=1 copied=0 scanned=246928
[probe] gc=164 kind=Nursery modbuf_objs=0 region_entries=0 satb_nodes=0 copied=0 scanned=120883 | cum modbuf=0 region=1941 satb=1 copied=0 scanned=367811
[probe] gc=165 kind=Nursery modbuf_objs=0 region_entries=0 satb_nodes=0 copied=0 scanned=119869 | cum modbuf=0 region=1941 satb=1 copied=0 scanned=487680
[probe] gc=166 kind=Nursery modbuf_objs=0 region_entries=0 satb_nodes=0 copied=0 scanned=118636 | cum modbuf=0 region=1941 satb=1 copied=0 scanned=606316
[probe] gc=167 kind=Nursery modbuf_objs=0 region_entries=0 satb_nodes=0 copied=0 scanned=117370 | cum modbuf=0 region=1941 satb=1 copied=0 scanned=723686
[probe] gc=168 kind=Nursery modbuf_objs=0 region_entries=0 satb_nodes=0 copied=0 scanned=117361 | cum modbuf=0 region=1941 satb=1 copied=0 scanned=841047
[probe] gc=169 kind=Nursery modbuf_objs=0 region_entries=0 satb_nodes=0 copied=0 scanned=117292 | cum modbuf=0 region=1941 satb=1 copied=0 scanned=958339
[probe] gc=170 kind=Nursery modbuf_objs=0 region_entries=0 satb_nodes=0 copied=0 scanned=117144 | cum modbuf=0 region=1941 satb=1 copied=0 scanned=1075483
[probe] gc=171 kind=Nursery modbuf_objs=0 region_entries=0 satb_nodes=0 copied=0 scanned=117129 | cum modbuf=0 region=1941 satb=1 copied=0 scanned=1192612
[probe] gc=172 kind=Nursery modbuf_objs=0 region_entries=0 satb_nodes=0 copied=0 scanned=117325 | cum modbuf=0 region=1941 satb=1 copied=0 scanned=1309937
[probe] gc=173 kind=Nursery modbuf_objs=0 region_entries=0 satb_nodes=0 copied=0 scanned=117347 | cum modbuf=0 region=1941 satb=1 copied=0 scanned=1427284
[probe] gc=174 kind=Nursery modbuf_objs=0 region_entries=0 satb_nodes=0 copied=0 scanned=115697 | cum modbuf=0 region=1941 satb=1 copied=0 scanned=1542981
[probe] gc=175 kind=Nursery modbuf_objs=0 region_entries=0 satb_nodes=0 copied=0 scanned=115883 | cum modbuf=0 region=1941 satb=1 copied=0 scanned=1658864
[probe] gc=176 kind=Nursery modbuf_objs=0 region_entries=0 satb_nodes=0 copied=0 scanned=115921 | cum modbuf=0 region=1941 satb=1 copied=0 scanned=1774785
[probe] gc=177 kind=Nursery modbuf_objs=0 region_entries=0 satb_nodes=0 copied=0 scanned=115741 | cum modbuf=0 region=1941 satb=1 copied=0 scanned=1890526
[probe] gc=178 kind=Nursery modbuf_objs=0 region_entries=0 satb_nodes=0 copied=0 scanned=115637 | cum modbuf=0 region=1941 satb=1 copied=0 scanned=2006163
[probe] gc=179 kind=Nursery modbuf_objs=0 region_entries=0 satb_nodes=0 copied=0 scanned=115944 | cum modbuf=0 region=1941 satb=1 copied=0 scanned=2122107
[probe] gc=180 kind=Nursery modbuf_objs=0 region_entries=0 satb_nodes=0 copied=0 scanned=115896 | cum modbuf=0 region=1941 satb=1 copied=0 scanned=2238003
[probe] gc=181 kind=Nursery modbuf_objs=0 region_entries=0 satb_nodes=0 copied=0 scanned=115646 | cum modbuf=0 region=1941 satb=1 copied=0 scanned=2353649
[probe] gc=182 kind=Nursery modbuf_objs=0 region_entries=0 satb_nodes=0 copied=0 scanned=115732 | cum modbuf=0 region=1941 satb=1 copied=0 scanned=2469381
[probe] gc=183 kind=Nursery modbuf_objs=0 region_entries=0 satb_nodes=0 copied=0 scanned=115968 | cum modbuf=0 region=1941 satb=1 copied=0 scanned=2585349
[probe] gc=184 kind=Nursery modbuf_objs=0 region_entries=0 satb_nodes=0 copied=0 scanned=115840 | cum modbuf=0 region=1941 satb=1 copied=0 scanned=2701189
[probe] gc=185 kind=Nursery modbuf_objs=0 region_entries=0 satb_nodes=0 copied=0 scanned=115664 | cum modbuf=0 region=1941 satb=1 copied=0 scanned=2816853
[probe] gc=186 kind=Nursery modbuf_objs=0 region_entries=0 satb_nodes=0 copied=0 scanned=115750 | cum modbuf=0 region=1941 satb=1 copied=0 scanned=2932603
[probe] gc=187 kind=Nursery modbuf_objs=0 region_entries=0 satb_nodes=0 copied=0 scanned=115989 | cum modbuf=0 region=1941 satb=1 copied=0 scanned=3048592
[probe] gc=188 kind=Nursery modbuf_objs=0 region_entries=0 satb_nodes=0 copied=0 scanned=115734 | cum modbuf=0 region=1941 satb=1 copied=0 scanned=3164326
[probe] gc=189 kind=Nursery modbuf_objs=0 region_entries=0 satb_nodes=0 copied=0 scanned=115744 | cum modbuf=0 region=1941 satb=1 copied=0 scanned=3280070
[probe] gc=190 kind=Nursery modbuf_objs=0 region_entries=0 satb_nodes=0 copied=0 scanned=115778 | cum modbuf=0 region=1941 satb=1 copied=0 scanned=3395848
[probe] gc=191 kind=Nursery modbuf_objs=0 region_entries=0 satb_nodes=0 copied=0 scanned=115972 | cum modbuf=0 region=1941 satb=1 copied=0 scanned=3511820
[probe] gc=192 kind=Nursery modbuf_objs=0 region_entries=0 satb_nodes=0 copied=0 scanned=115739 | cum modbuf=0 region=1941 satb=1 copied=0 scanned=3627559
[probe] gc=193 kind=Full modbuf_objs=0 region_entries=0 satb_nodes=0 copied=0 scanned=0 | cum modbuf=0 region=1941 satb=1 copied=0 scanned=3627559
[probe] gc=194 kind=Nursery modbuf_objs=0 region_entries=0 satb_nodes=0 copied=0 scanned=115989 | cum modbuf=0 region=1941 satb=1 copied=0 scanned=3743548
[probe] gc=195 kind=Nursery modbuf_objs=0 region_entries=0 satb_nodes=0 copied=0 scanned=115847 | cum modbuf=0 region=1941 satb=1 copied=0 scanned=3859395
[probe] gc=196 kind=Nursery modbuf_objs=0 region_entries=0 satb_nodes=0 copied=0 scanned=115655 | cum modbuf=0 region=1941 satb=1 copied=0 scanned=3975050
[probe] gc=197 kind=Nursery modbuf_objs=0 region_entries=0 satb_nodes=0 copied=0 scanned=115748 | cum modbuf=0 region=1941 satb=1 copied=0 scanned=4090798
[probe] gc=198 kind=Nursery modbuf_objs=0 region_entries=0 satb_nodes=0 copied=0 scanned=115989 | cum modbuf=0 region=1941 satb=1 copied=0 scanned=4206787
[probe] gc=199 kind=Nursery modbuf_objs=0 region_entries=0 satb_nodes=0 copied=0 scanned=115013 | cum modbuf=0 region=1941 satb=1 copied=0 scanned=4321800
[probe] gc=200 kind=Nursery modbuf_objs=0 region_entries=0 satb_nodes=0 copied=0 scanned=113576 | cum modbuf=0 region=1941 satb=1 copied=0 scanned=4435376
[probe] gc=201 kind=Nursery modbuf_objs=0 region_entries=0 satb_nodes=0 copied=0 scanned=113686 | cum modbuf=0 region=1941 satb=1 copied=0 scanned=4549062
[probe] gc=202 kind=Nursery modbuf_objs=0 region_entries=0 satb_nodes=0 copied=0 scanned=113787 | cum modbuf=0 region=1941 satb=1 copied=0 scanned=4662849
[probe] gc=203 kind=Nursery modbuf_objs=0 region_entries=0 satb_nodes=0 copied=0 scanned=113586 | cum modbuf=0 region=1941 satb=1 copied=0 scanned=4776435
[probe] gc=204 kind=Nursery modbuf_objs=0 region_entries=0 satb_nodes=0 copied=0 scanned=113829 | cum modbuf=0 region=1941 satb=1 copied=0 scanned=4890264
[probe] gc=205 kind=Nursery modbuf_objs=0 region_entries=0 satb_nodes=0 copied=0 scanned=113643 | cum modbuf=0 region=1941 satb=1 copied=0 scanned=5003907
[probe] gc=206 kind=Nursery modbuf_objs=0 region_entries=0 satb_nodes=0 copied=0 scanned=113588 | cum modbuf=0 region=1941 satb=1 copied=0 scanned=5117495
[probe] gc=207 kind=Nursery modbuf_objs=0 region_entries=0 satb_nodes=0 copied=0 scanned=113952 | cum modbuf=0 region=1941 satb=1 copied=0 scanned=5231447
[probe] gc=208 kind=Nursery modbuf_objs=0 region_entries=0 satb_nodes=0 copied=0 scanned=113523 | cum modbuf=0 region=1941 satb=1 copied=0 scanned=5344970
[probe] gc=209 kind=Nursery modbuf_objs=0 region_entries=0 satb_nodes=0 copied=0 scanned=113724 | cum modbuf=0 region=1941 satb=1 copied=0 scanned=5458694
[probe] gc=210 kind=Nursery modbuf_objs=0 region_entries=0 satb_nodes=0 copied=0 scanned=113812 | cum modbuf=0 region=1941 satb=1 copied=0 scanned=5572506
[probe] gc=211 kind=Nursery modbuf_objs=0 region_entries=0 satb_nodes=0 copied=0 scanned=113520 | cum modbuf=0 region=1941 satb=1 copied=0 scanned=5686026
[probe] gc=212 kind=Nursery modbuf_objs=0 region_entries=0 satb_nodes=0 copied=0 scanned=113869 | cum modbuf=0 region=1941 satb=1 copied=0 scanned=5799895
[probe] gc=213 kind=Nursery modbuf_objs=0 region_entries=0 satb_nodes=0 copied=0 scanned=113672 | cum modbuf=0 region=1941 satb=1 copied=0 scanned=5913567
[probe] gc=214 kind=Nursery modbuf_objs=0 region_entries=0 satb_nodes=0 copied=0 scanned=113556 | cum modbuf=0 region=1941 satb=1 copied=0 scanned=6027123
[probe] gc=215 kind=Nursery modbuf_objs=0 region_entries=0 satb_nodes=0 copied=0 scanned=113459 | cum modbuf=0 region=1941 satb=1 copied=0 scanned=6140582
[probe] gc=216 kind=Nursery modbuf_objs=0 region_entries=0 satb_nodes=0 copied=0 scanned=112448 | cum modbuf=0 region=1941 satb=1 copied=0 scanned=6253030
[probe] gc=217 kind=Nursery modbuf_objs=0 region_entries=0 satb_nodes=0 copied=0 scanned=112530 | cum modbuf=0 region=1941 satb=1 copied=0 scanned=6365560
[probe] gc=218 kind=Nursery modbuf_objs=0 region_entries=0 satb_nodes=0 copied=0 scanned=112585 | cum modbuf=0 region=1941 satb=1 copied=0 scanned=6478145
[probe] gc=219 kind=Nursery modbuf_objs=0 region_entries=0 satb_nodes=0 copied=0 scanned=112499 | cum modbuf=0 region=1941 satb=1 copied=0 scanned=6590644
[probe] gc=220 kind=Nursery modbuf_objs=0 region_entries=0 satb_nodes=0 copied=0 scanned=112441 | cum modbuf=0 region=1941 satb=1 copied=0 scanned=6703085
[probe] gc=221 kind=Nursery modbuf_objs=0 region_entries=0 satb_nodes=0 copied=0 scanned=112458 | cum modbuf=0 region=1941 satb=1 copied=0 scanned=6815543
[probe] gc=222 kind=Nursery modbuf_objs=0 region_entries=0 satb_nodes=0 copied=0 scanned=112381 | cum modbuf=0 region=1941 satb=1 copied=0 scanned=6927924
[probe] gc=223 kind=Nursery modbuf_objs=0 region_entries=0 satb_nodes=0 copied=0 scanned=112478 | cum modbuf=0 region=1941 satb=1 copied=0 scanned=7040402
[probe] gc=224 kind=Nursery modbuf_objs=0 region_entries=0 satb_nodes=0 copied=0 scanned=112548 | cum modbuf=0 region=1941 satb=1 copied=0 scanned=7152950
[probe] gc=225 kind=Nursery modbuf_objs=0 region_entries=0 satb_nodes=0 copied=0 scanned=112571 | cum modbuf=0 region=1941 satb=1 copied=0 scanned=7265521
[probe] gc=226 kind=Full modbuf_objs=0 region_entries=0 satb_nodes=0 copied=0 scanned=0 | cum modbuf=0 region=1941 satb=1 copied=0 scanned=7265521
[probe] gc=227 kind=Nursery modbuf_objs=0 region_entries=0 satb_nodes=0 copied=0 scanned=112545 | cum modbuf=0 region=1941 satb=1 copied=0 scanned=7378066
[probe] gc=228 kind=Nursery modbuf_objs=0 region_entries=0 satb_nodes=0 copied=0 scanned=112427 | cum modbuf=0 region=1941 satb=1 copied=0 scanned=7490493
[probe] gc=229 kind=Nursery modbuf_objs=0 region_entries=0 satb_nodes=0 copied=0 scanned=112393 | cum modbuf=0 region=1941 satb=1 copied=0 scanned=7602886
[probe] gc=230 kind=Nursery modbuf_objs=0 region_entries=0 satb_nodes=0 copied=0 scanned=112495 | cum modbuf=0 region=1941 satb=1 copied=0 scanned=7715381
[probe] gc=231 kind=Nursery modbuf_objs=0 region_entries=0 satb_nodes=0 copied=0 scanned=112378 | cum modbuf=0 region=1941 satb=1 copied=0 scanned=7827759
[probe] gc=232 kind=Nursery modbuf_objs=0 region_entries=0 satb_nodes=0 copied=0 scanned=112574 | cum modbuf=0 region=1941 satb=1 copied=0 scanned=7940333
[probe] gc=233 kind=Nursery modbuf_objs=0 region_entries=0 satb_nodes=0 copied=0 scanned=112587 | cum modbuf=0 region=1941 satb=1 copied=0 scanned=8052920
[probe] gc=234 kind=Nursery modbuf_objs=0 region_entries=0 satb_nodes=0 copied=0 scanned=112499 | cum modbuf=0 region=1941 satb=1 copied=0 scanned=8165419
[probe] gc=235 kind=Nursery modbuf_objs=0 region_entries=0 satb_nodes=0 copied=0 scanned=112448 | cum modbuf=0 region=1941 satb=1 copied=0 scanned=8277867
[probe] gc=236 kind=Nursery modbuf_objs=0 region_entries=0 satb_nodes=0 copied=0 scanned=112463 | cum modbuf=0 region=1941 satb=1 copied=0 scanned=8390330
[probe] gc=237 kind=Nursery modbuf_objs=0 region_entries=0 satb_nodes=0 copied=0 scanned=112396 | cum modbuf=0 region=1941 satb=1 copied=0 scanned=8502726
[probe] gc=238 kind=Nursery modbuf_objs=0 region_entries=0 satb_nodes=0 copied=0 scanned=112456 | cum modbuf=0 region=1941 satb=1 copied=0 scanned=8615182
[probe] gc=239 kind=Nursery modbuf_objs=0 region_entries=0 satb_nodes=0 copied=0 scanned=112530 | cum modbuf=0 region=1941 satb=1 copied=0 scanned=8727712
[probe] gc=240 kind=Nursery modbuf_objs=0 region_entries=0 satb_nodes=0 copied=0 scanned=112587 | cum modbuf=0 region=1941 satb=1 copied=0 scanned=8840299
[probe] gc=241 kind=Nursery modbuf_objs=0 region_entries=0 satb_nodes=0 copied=0 scanned=112544 | cum modbuf=0 region=1941 satb=1 copied=0 scanned=8952843
[probe] gc=242 kind=Nursery modbuf_objs=0 region_entries=0 satb_nodes=0 copied=0 scanned=112394 | cum modbuf=0 region=1941 satb=1 copied=0 scanned=9065237
[probe] gc=243 kind=Nursery modbuf_objs=0 region_entries=0 satb_nodes=0 copied=0 scanned=112459 | cum modbuf=0 region=1941 satb=1 copied=0 scanned=9177696
[probe] gc=244 kind=Nursery modbuf_objs=0 region_entries=0 satb_nodes=0 copied=0 scanned=112454 | cum modbuf=0 region=1941 satb=1 copied=0 scanned=9290150
[probe] gc=245 kind=Nursery modbuf_objs=0 region_entries=0 satb_nodes=0 copied=0 scanned=112405 | cum modbuf=0 region=1941 satb=1 copied=0 scanned=9402555
[probe] gc=246 kind=Nursery modbuf_objs=0 region_entries=0 satb_nodes=0 copied=0 scanned=112548 | cum modbuf=0 region=1941 satb=1 copied=0 scanned=9515103
[probe] gc=247 kind=Nursery modbuf_objs=0 region_entries=0 satb_nodes=0 copied=0 scanned=112567 | cum modbuf=0 region=1941 satb=1 copied=0 scanned=9627670
[probe] gc=248 kind=Nursery modbuf_objs=0 region_entries=0 satb_nodes=0 copied=0 scanned=112545 | cum modbuf=0 region=1941 satb=1 copied=0 scanned=9740215
[probe] gc=249 kind=Nursery modbuf_objs=0 region_entries=0 satb_nodes=0 copied=0 scanned=112451 | cum modbuf=0 region=1941 satb=1 copied=0 scanned=9852666
[probe] gc=250 kind=Nursery modbuf_objs=0 region_entries=0 satb_nodes=0 copied=0 scanned=112373 | cum modbuf=0 region=1941 satb=1 copied=0 scanned=9965039
[probe] gc=251 kind=Nursery modbuf_objs=0 region_entries=0 satb_nodes=0 copied=0 scanned=112477 | cum modbuf=0 region=1941 satb=1 copied=0 scanned=10077516
[probe] gc=252 kind=Nursery modbuf_objs=0 region_entries=0 satb_nodes=0 copied=0 scanned=112465 | cum modbuf=0 region=1941 satb=1 copied=0 scanned=10189981
[probe] gc=253 kind=Nursery modbuf_objs=0 region_entries=0 satb_nodes=0 copied=0 scanned=112497 | cum modbuf=0 region=1941 satb=1 copied=0 scanned=10302478
[probe] gc=254 kind=Nursery modbuf_objs=0 region_entries=0 satb_nodes=0 copied=0 scanned=112586 | cum modbuf=0 region=1941 satb=1 copied=0 scanned=10415064
[probe] gc=255 kind=Nursery modbuf_objs=0 region_entries=0 satb_nodes=0 copied=0 scanned=112520 | cum modbuf=0 region=1941 satb=1 copied=0 scanned=10527584
[probe] gc=256 kind=Nursery modbuf_objs=0 region_entries=0 satb_nodes=0 copied=0 scanned=112435 | cum modbuf=0 region=1941 satb=1 copied=0 scanned=10640019
[probe] gc=257 kind=Nursery modbuf_objs=0 region_entries=0 satb_nodes=0 copied=0 scanned=112474 | cum modbuf=0 region=1941 satb=1 copied=0 scanned=10752493
[probe] gc=258 kind=Nursery modbuf_objs=0 region_entries=0 satb_nodes=0 copied=0 scanned=112374 | cum modbuf=0 region=1941 satb=1 copied=0 scanned=10864867
[probe] gc=259 kind=Nursery modbuf_objs=0 region_entries=0 satb_nodes=0 copied=0 scanned=112466 | cum modbuf=0 region=1941 satb=1 copied=0 scanned=10977333
[probe] gc=260 kind=Nursery modbuf_objs=0 region_entries=0 satb_nodes=0 copied=0 scanned=112537 | cum modbuf=0 region=1941 satb=1 copied=0 scanned=11089870
[probe] gc=261 kind=Nursery modbuf_objs=0 region_entries=0 satb_nodes=0 copied=0 scanned=112573 | cum modbuf=0 region=1941 satb=1 copied=0 scanned=11202443
[probe] gc=262 kind=Full modbuf_objs=0 region_entries=0 satb_nodes=0 copied=0 scanned=0 | cum modbuf=0 region=1941 satb=1 copied=0 scanned=11202443
[probe] gc=263 kind=Nursery modbuf_objs=0 region_entries=0 satb_nodes=0 copied=0 scanned=112549 | cum modbuf=0 region=1941 satb=1 copied=0 scanned=11314992
[probe] gc=264 kind=Nursery modbuf_objs=0 region_entries=0 satb_nodes=0 copied=0 scanned=112429 | cum modbuf=0 region=1941 satb=1 copied=0 scanned=11427421
[probe] gc=265 kind=Nursery modbuf_objs=0 region_entries=0 satb_nodes=0 copied=0 scanned=112425 | cum modbuf=0 region=1941 satb=1 copied=0 scanned=11539846
[probe] gc=266 kind=Nursery modbuf_objs=0 region_entries=0 satb_nodes=0 copied=0 scanned=112448 | cum modbuf=0 region=1941 satb=1 copied=0 scanned=11652294
[probe] gc=267 kind=Nursery modbuf_objs=0 region_entries=0 satb_nodes=0 copied=0 scanned=112410 | cum modbuf=0 region=1941 satb=1 copied=0 scanned=11764704
[probe] gc=268 kind=Nursery modbuf_objs=0 region_entries=0 satb_nodes=0 copied=0 scanned=112550 | cum modbuf=0 region=1941 satb=1 copied=0 scanned=11877254
[probe] gc=269 kind=Nursery modbuf_objs=0 region_entries=0 satb_nodes=0 copied=0 scanned=112590 | cum modbuf=0 region=1941 satb=1 copied=0 scanned=11989844
[probe] gc=270 kind=Nursery modbuf_objs=0 region_entries=0 satb_nodes=0 copied=0 scanned=112516 | cum modbuf=0 region=1941 satb=1 copied=0 scanned=12102360
[probe] gc=271 kind=Nursery modbuf_objs=0 region_entries=0 satb_nodes=0 copied=0 scanned=112454 | cum modbuf=0 region=1941 satb=1 copied=0 scanned=12214814
[probe] gc=272 kind=Nursery modbuf_objs=0 region_entries=0 satb_nodes=0 copied=0 scanned=112430 | cum modbuf=0 region=1941 satb=1 copied=0 scanned=12327244
[probe] gc=273 kind=Nursery modbuf_objs=0 region_entries=0 satb_nodes=0 copied=0 scanned=112421 | cum modbuf=0 region=1941 satb=1 copied=0 scanned=12439665
[probe] gc=274 kind=Nursery modbuf_objs=0 region_entries=0 satb_nodes=0 copied=0 scanned=112460 | cum modbuf=0 region=1941 satb=1 copied=0 scanned=12552125
[probe] gc=275 kind=Nursery modbuf_objs=0 region_entries=0 satb_nodes=0 copied=0 scanned=112516 | cum modbuf=0 region=1941 satb=1 copied=0 scanned=12664641
[probe] gc=276 kind=Nursery modbuf_objs=0 region_entries=0 satb_nodes=0 copied=0 scanned=112586 | cum modbuf=0 region=1941 satb=1 copied=0 scanned=12777227
[probe] gc=277 kind=Nursery modbuf_objs=0 region_entries=0 satb_nodes=0 copied=0 scanned=112554 | cum modbuf=0 region=1941 satb=1 copied=0 scanned=12889781
[probe] gc=278 kind=Nursery modbuf_objs=0 region_entries=0 satb_nodes=0 copied=0 scanned=112387 | cum modbuf=0 region=1941 satb=1 copied=0 scanned=13002168
[probe] gc=279 kind=Nursery modbuf_objs=0 region_entries=0 satb_nodes=0 copied=0 scanned=112472 | cum modbuf=0 region=1941 satb=1 copied=0 scanned=13114640
[probe] gc=280 kind=Nursery modbuf_objs=0 region_entries=0 satb_nodes=0 copied=0 scanned=112444 | cum modbuf=0 region=1941 satb=1 copied=0 scanned=13227084
[probe] gc=281 kind=Nursery modbuf_objs=0 region_entries=0 satb_nodes=0 copied=0 scanned=112398 | cum modbuf=0 region=1941 satb=1 copied=0 scanned=13339482
[probe] gc=282 kind=Nursery modbuf_objs=0 region_entries=0 satb_nodes=0 copied=0 scanned=112548 | cum modbuf=0 region=1941 satb=1 copied=0 scanned=13452030
[probe] gc=283 kind=Nursery modbuf_objs=0 region_entries=0 satb_nodes=0 copied=0 scanned=112575 | cum modbuf=0 region=1941 satb=1 copied=0 scanned=13564605
[probe] gc=284 kind=Nursery modbuf_objs=0 region_entries=0 satb_nodes=0 copied=0 scanned=112530 | cum modbuf=0 region=1941 satb=1 copied=0 scanned=13677135
[probe] gc=285 kind=Nursery modbuf_objs=0 region_entries=0 satb_nodes=0 copied=0 scanned=112485 | cum modbuf=0 region=1941 satb=1 copied=0 scanned=13789620
[probe] gc=286 kind=Nursery modbuf_objs=0 region_entries=0 satb_nodes=0 copied=0 scanned=112380 | cum modbuf=0 region=1941 satb=1 copied=0 scanned=13902000
[probe] gc=287 kind=Nursery modbuf_objs=0 region_entries=0 satb_nodes=0 copied=0 scanned=112448 | cum modbuf=0 region=1941 satb=1 copied=0 scanned=14014448
[probe] gc=288 kind=Nursery modbuf_objs=0 region_entries=0 satb_nodes=0 copied=0 scanned=112470 | cum modbuf=0 region=1941 satb=1 copied=0 scanned=14126918
[probe] gc=289 kind=Nursery modbuf_objs=0 region_entries=0 satb_nodes=0 copied=0 scanned=112493 | cum modbuf=0 region=1941 satb=1 copied=0 scanned=14239411
[probe] gc=290 kind=Nursery modbuf_objs=0 region_entries=0 satb_nodes=0 copied=0 scanned=111667 | cum modbuf=0 region=1941 satb=1 copied=0 scanned=14351078
[probe] gc=291 kind=Nursery modbuf_objs=0 region_entries=0 satb_nodes=0 copied=0 scanned=111297 | cum modbuf=0 region=1941 satb=1 copied=0 scanned=14462375
[probe] gc=292 kind=Nursery modbuf_objs=0 region_entries=0 satb_nodes=0 copied=0 scanned=111334 | cum modbuf=0 region=1941 satb=1 copied=0 scanned=14573709
[probe] gc=293 kind=Nursery modbuf_objs=0 region_entries=0 satb_nodes=0 copied=0 scanned=111207 | cum modbuf=0 region=1941 satb=1 copied=0 scanned=14684916
[probe] gc=294 kind=Nursery modbuf_objs=0 region_entries=0 satb_nodes=0 copied=0 scanned=111191 | cum modbuf=0 region=1941 satb=1 copied=0 scanned=14796107
[probe] gc=295 kind=Nursery modbuf_objs=0 region_entries=0 satb_nodes=0 copied=0 scanned=111304 | cum modbuf=0 region=1941 satb=1 copied=0 scanned=14907411
[probe] gc=296 kind=Nursery modbuf_objs=0 region_entries=0 satb_nodes=0 copied=0 scanned=111292 | cum modbuf=0 region=1941 satb=1 copied=0 scanned=15018703
[probe] gc=297 kind=Nursery modbuf_objs=0 region_entries=0 satb_nodes=0 copied=0 scanned=111376 | cum modbuf=0 region=1941 satb=1 copied=0 scanned=15130079
[probe] gc=298 kind=Nursery modbuf_objs=0 region_entries=0 satb_nodes=0 copied=0 scanned=111358 | cum modbuf=0 region=1941 satb=1 copied=0 scanned=15241437
[probe] gc=299 kind=Nursery modbuf_objs=0 region_entries=0 satb_nodes=0 copied=0 scanned=111287 | cum modbuf=0 region=1941 satb=1 copied=0 scanned=15352724
[probe] gc=300 kind=Nursery modbuf_objs=0 region_entries=0 satb_nodes=0 copied=0 scanned=111299 | cum modbuf=0 region=1941 satb=1 copied=0 scanned=15464023
[probe] gc=301 kind=Nursery modbuf_objs=0 region_entries=0 satb_nodes=0 copied=0 scanned=111191 | cum modbuf=0 region=1941 satb=1 copied=0 scanned=15575214
[probe] gc=302 kind=Nursery modbuf_objs=0 region_entries=0 satb_nodes=0 copied=0 scanned=111206 | cum modbuf=0 region=1941 satb=1 copied=0 scanned=15686420
[probe] gc=303 kind=Nursery modbuf_objs=0 region_entries=0 satb_nodes=0 copied=0 scanned=111359 | cum modbuf=0 region=1941 satb=1 copied=0 scanned=15797779
[probe] gc=304 kind=Nursery modbuf_objs=0 region_entries=0 satb_nodes=0 copied=0 scanned=111297 | cum modbuf=0 region=1941 satb=1 copied=0 scanned=15909076
[probe] gc=305 kind=Nursery modbuf_objs=0 region_entries=0 satb_nodes=0 copied=0 scanned=111347 | cum modbuf=0 region=1941 satb=1 copied=0 scanned=16020423
[probe] gc=306 kind=Nursery modbuf_objs=0 region_entries=0 satb_nodes=0 copied=0 scanned=111291 | cum modbuf=0 region=1941 satb=1 copied=0 scanned=16131714
[probe] gc=307 kind=Nursery modbuf_objs=0 region_entries=0 satb_nodes=0 copied=0 scanned=111375 | cum modbuf=0 region=1941 satb=1 copied=0 scanned=16243089
[probe] gc=308 kind=Full modbuf_objs=0 region_entries=0 satb_nodes=0 copied=0 scanned=0 | cum modbuf=0 region=1941 satb=1 copied=0 scanned=16243089
[probe] gc=309 kind=Nursery modbuf_objs=0 region_entries=0 satb_nodes=0 copied=0 scanned=111363 | cum modbuf=0 region=1941 satb=1 copied=0 scanned=16354452
[probe] gc=310 kind=Nursery modbuf_objs=0 region_entries=0 satb_nodes=0 copied=0 scanned=111291 | cum modbuf=0 region=1941 satb=1 copied=0 scanned=16465743
[probe] gc=311 kind=Nursery modbuf_objs=0 region_entries=0 satb_nodes=0 copied=0 scanned=111377 | cum modbuf=0 region=1941 satb=1 copied=0 scanned=16577120
[probe] gc=312 kind=Nursery modbuf_objs=0 region_entries=0 satb_nodes=0 copied=0 scanned=111314 | cum modbuf=0 region=1941 satb=1 copied=0 scanned=16688434
[probe] gc=313 kind=Nursery modbuf_objs=0 region_entries=0 satb_nodes=0 copied=0 scanned=111303 | cum modbuf=0 region=1941 satb=1 copied=0 scanned=16799737
[probe] gc=314 kind=Nursery modbuf_objs=0 region_entries=0 satb_nodes=0 copied=0 scanned=111208 | cum modbuf=0 region=1941 satb=1 copied=0 scanned=16910945
[probe] gc=315 kind=Nursery modbuf_objs=0 region_entries=0 satb_nodes=0 copied=0 scanned=111193 | cum modbuf=0 region=1941 satb=1 copied=0 scanned=17022138
[probe] gc=316 kind=Nursery modbuf_objs=0 region_entries=0 satb_nodes=0 copied=0 scanned=111309 | cum modbuf=0 region=1941 satb=1 copied=0 scanned=17133447
[probe] gc=317 kind=Nursery modbuf_objs=0 region_entries=0 satb_nodes=0 copied=0 scanned=111330 | cum modbuf=0 region=1941 satb=1 copied=0 scanned=17244777
[probe] gc=318 kind=Nursery modbuf_objs=0 region_entries=0 satb_nodes=0 copied=0 scanned=111337 | cum modbuf=0 region=1941 satb=1 copied=0 scanned=17356114
[probe] gc=319 kind=Nursery modbuf_objs=0 region_entries=0 satb_nodes=0 copied=0 scanned=111352 | cum modbuf=0 region=1941 satb=1 copied=0 scanned=17467466
[probe] gc=320 kind=Nursery modbuf_objs=0 region_entries=0 satb_nodes=0 copied=0 scanned=111292 | cum modbuf=0 region=1941 satb=1 copied=0 scanned=17578758
[probe] gc=321 kind=Nursery modbuf_objs=0 region_entries=0 satb_nodes=0 copied=0 scanned=111291 | cum modbuf=0 region=1941 satb=1 copied=0 scanned=17690049
[probe] gc=322 kind=Nursery modbuf_objs=0 region_entries=0 satb_nodes=0 copied=0 scanned=111199 | cum modbuf=0 region=1941 satb=1 copied=0 scanned=17801248
[probe] gc=323 kind=Nursery modbuf_objs=0 region_entries=0 satb_nodes=0 copied=0 scanned=111197 | cum modbuf=0 region=1941 satb=1 copied=0 scanned=17912445
[probe] gc=324 kind=Nursery modbuf_objs=0 region_entries=0 satb_nodes=0 copied=0 scanned=111360 | cum modbuf=0 region=1941 satb=1 copied=0 scanned=18023805
[probe] gc=325 kind=Nursery modbuf_objs=0 region_entries=0 satb_nodes=0 copied=0 scanned=111290 | cum modbuf=0 region=1941 satb=1 copied=0 scanned=18135095
[probe] gc=326 kind=Nursery modbuf_objs=0 region_entries=0 satb_nodes=0 copied=0 scanned=111369 | cum modbuf=0 region=1941 satb=1 copied=0 scanned=18246464
[probe] gc=327 kind=Nursery modbuf_objs=0 region_entries=0 satb_nodes=0 copied=0 scanned=111329 | cum modbuf=0 region=1941 satb=1 copied=0 scanned=18357793
[probe] gc=328 kind=Nursery modbuf_objs=0 region_entries=0 satb_nodes=0 copied=0 scanned=111331 | cum modbuf=0 region=1941 satb=1 copied=0 scanned=18469124
[probe] gc=329 kind=Nursery modbuf_objs=0 region_entries=0 satb_nodes=0 copied=0 scanned=111231 | cum modbuf=0 region=1941 satb=1 copied=0 scanned=18580355
[probe] gc=330 kind=Nursery modbuf_objs=0 region_entries=0 satb_nodes=0 copied=0 scanned=111191 | cum modbuf=0 region=1941 satb=1 copied=0 scanned=18691546
[probe] gc=331 kind=Nursery modbuf_objs=0 region_entries=0 satb_nodes=0 copied=0 scanned=111246 | cum modbuf=0 region=1941 satb=1 copied=0 scanned=18802792
[probe] gc=332 kind=Nursery modbuf_objs=0 region_entries=0 satb_nodes=0 copied=0 scanned=111328 | cum modbuf=0 region=1941 satb=1 copied=0 scanned=18914120
[probe] gc=333 kind=Nursery modbuf_objs=0 region_entries=0 satb_nodes=0 copied=0 scanned=111341 | cum modbuf=0 region=1941 satb=1 copied=0 scanned=19025461
[probe] gc=334 kind=Nursery modbuf_objs=0 region_entries=0 satb_nodes=0 copied=0 scanned=111370 | cum modbuf=0 region=1941 satb=1 copied=0 scanned=19136831
[probe] gc=335 kind=Nursery modbuf_objs=0 region_entries=0 satb_nodes=0 copied=0 scanned=111289 | cum modbuf=0 region=1941 satb=1 copied=0 scanned=19248120
[probe] gc=336 kind=Nursery modbuf_objs=0 region_entries=0 satb_nodes=0 copied=0 scanned=111333 | cum modbuf=0 region=1941 satb=1 copied=0 scanned=19359453
[probe] gc=337 kind=Nursery modbuf_objs=0 region_entries=0 satb_nodes=0 copied=0 scanned=111199 | cum modbuf=0 region=1941 satb=1 copied=0 scanned=19470652
[probe] gc=338 kind=Nursery modbuf_objs=0 region_entries=0 satb_nodes=0 copied=0 scanned=111199 | cum modbuf=0 region=1941 satb=1 copied=0 scanned=19581851
[probe] gc=339 kind=Nursery modbuf_objs=0 region_entries=0 satb_nodes=0 copied=0 scanned=111307 | cum modbuf=0 region=1941 satb=1 copied=0 scanned=19693158
[probe] gc=340 kind=Nursery modbuf_objs=0 region_entries=0 satb_nodes=0 copied=0 scanned=111292 | cum modbuf=0 region=1941 satb=1 copied=0 scanned=19804450
[probe] gc=341 kind=Nursery modbuf_objs=0 region_entries=0 satb_nodes=0 copied=0 scanned=111365 | cum modbuf=0 region=1941 satb=1 copied=0 scanned=19915815
[probe] gc=342 kind=Nursery modbuf_objs=0 region_entries=0 satb_nodes=0 copied=0 scanned=111338 | cum modbuf=0 region=1941 satb=1 copied=0 scanned=20027153
[probe] gc=343 kind=Nursery modbuf_objs=0 region_entries=0 satb_nodes=0 copied=0 scanned=111331 | cum modbuf=0 region=1941 satb=1 copied=0 scanned=20138484
[probe] gc=344 kind=Nursery modbuf_objs=0 region_entries=0 satb_nodes=0 copied=0 scanned=111277 | cum modbuf=0 region=1941 satb=1 copied=0 scanned=20249761
[probe] gc=345 kind=Nursery modbuf_objs=0 region_entries=0 satb_nodes=0 copied=0 scanned=111191 | cum modbuf=0 region=1941 satb=1 copied=0 scanned=20360952
[probe] gc=346 kind=Nursery modbuf_objs=0 region_entries=0 satb_nodes=0 copied=0 scanned=111207 | cum modbuf=0 region=1941 satb=1 copied=0 scanned=20472159
[probe] gc=347 kind=Nursery modbuf_objs=0 region_entries=0 satb_nodes=0 copied=0 scanned=111331 | cum modbuf=0 region=1941 satb=1 copied=0 scanned=20583490
[probe] gc=348 kind=Nursery modbuf_objs=0 region_entries=0 satb_nodes=0 copied=0 scanned=111325 | cum modbuf=0 region=1941 satb=1 copied=0 scanned=20694815
[probe] gc=349 kind=Nursery modbuf_objs=0 region_entries=0 satb_nodes=0 copied=0 scanned=111372 | cum modbuf=0 region=1941 satb=1 copied=0 scanned=20806187
[probe] gc=350 kind=Nursery modbuf_objs=0 region_entries=0 satb_nodes=0 copied=0 scanned=111293 | cum modbuf=0 region=1941 satb=1 copied=0 scanned=20917480
[probe] gc=351 kind=Nursery modbuf_objs=0 region_entries=0 satb_nodes=0 copied=0 scanned=111350 | cum modbuf=0 region=1941 satb=1 copied=0 scanned=21028830
[probe] gc=352 kind=Nursery modbuf_objs=0 region_entries=0 satb_nodes=0 copied=0 scanned=111231 | cum modbuf=0 region=1941 satb=1 copied=0 scanned=21140061
[probe] gc=353 kind=Nursery modbuf_objs=0 region_entries=0 satb_nodes=0 copied=0 scanned=111199 | cum modbuf=0 region=1941 satb=1 copied=0 scanned=21251260
[probe] gc=354 kind=Nursery modbuf_objs=0 region_entries=0 satb_nodes=0 copied=0 scanned=111255 | cum modbuf=0 region=1941 satb=1 copied=0 scanned=21362515
[probe] gc=355 kind=Nursery modbuf_objs=0 region_entries=0 satb_nodes=0 copied=0 scanned=111292 | cum modbuf=0 region=1941 satb=1 copied=0 scanned=21473807
[probe] gc=356 kind=Nursery modbuf_objs=0 region_entries=0 satb_nodes=0 copied=0 scanned=111379 | cum modbuf=0 region=1941 satb=1 copied=0 scanned=21585186
[probe] gc=357 kind=Nursery modbuf_objs=0 region_entries=0 satb_nodes=0 copied=0 scanned=111322 | cum modbuf=0 region=1941 satb=1 copied=0 scanned=21696508
[probe] gc=358 kind=Nursery modbuf_objs=0 region_entries=0 satb_nodes=0 copied=0 scanned=111318 | cum modbuf=0 region=1941 satb=1 copied=0 scanned=21807826
[probe] gc=359 kind=Nursery modbuf_objs=0 region_entries=0 satb_nodes=0 copied=0 scanned=111347 | cum modbuf=0 region=1941 satb=1 copied=0 scanned=21919173
[probe] gc=360 kind=Nursery modbuf_objs=0 region_entries=0 satb_nodes=0 copied=0 scanned=111188 | cum modbuf=0 region=1941 satb=1 copied=0 scanned=22030361
[probe] gc=361 kind=Nursery modbuf_objs=0 region_entries=0 satb_nodes=0 copied=0 scanned=111206 | cum modbuf=0 region=1941 satb=1 copied=0 scanned=22141567
[probe] gc=362 kind=Nursery modbuf_objs=0 region_entries=0 satb_nodes=0 copied=0 scanned=111283 | cum modbuf=0 region=1941 satb=1 copied=0 scanned=22252850
[probe] gc=363 kind=Nursery modbuf_objs=0 region_entries=0 satb_nodes=0 copied=0 scanned=111331 | cum modbuf=0 region=1941 satb=1 copied=0 scanned=22364181
[probe] gc=364 kind=Nursery modbuf_objs=0 region_entries=0 satb_nodes=0 copied=0 scanned=111351 | cum modbuf=0 region=1941 satb=1 copied=0 scanned=22475532
[probe] gc=365 kind=Nursery modbuf_objs=0 region_entries=0 satb_nodes=0 copied=0 scanned=111289 | cum modbuf=0 region=1941 satb=1 copied=0 scanned=22586821
[probe] gc=366 kind=Nursery modbuf_objs=0 region_entries=0 satb_nodes=0 copied=0 scanned=111375 | cum modbuf=0 region=1941 satb=1 copied=0 scanned=22698196
[probe] gc=367 kind=Full modbuf_objs=0 region_entries=0 satb_nodes=0 copied=0 scanned=0 | cum modbuf=0 region=1941 satb=1 copied=0 scanned=22698196
[probe] gc=368 kind=Nursery modbuf_objs=0 region_entries=0 satb_nodes=0 copied=0 scanned=111267 | cum modbuf=0 region=1941 satb=1 copied=0 scanned=22809463
[probe] gc=369 kind=Nursery modbuf_objs=0 region_entries=0 satb_nodes=0 copied=0 scanned=111199 | cum modbuf=0 region=1941 satb=1 copied=0 scanned=22920662
[probe] gc=370 kind=Nursery modbuf_objs=0 region_entries=0 satb_nodes=0 copied=0 scanned=111210 | cum modbuf=0 region=1941 satb=1 copied=0 scanned=23031872
[probe] gc=371 kind=Nursery modbuf_objs=0 region_entries=0 satb_nodes=0 copied=0 scanned=111287 | cum modbuf=0 region=1941 satb=1 copied=0 scanned=23143159
[probe] gc=372 kind=Nursery modbuf_objs=0 region_entries=0 satb_nodes=0 copied=0 scanned=111367 | cum modbuf=0 region=1941 satb=1 copied=0 scanned=23254526
[probe] gc=373 kind=Nursery modbuf_objs=0 region_entries=0 satb_nodes=0 copied=0 scanned=111338 | cum modbuf=0 region=1941 satb=1 copied=0 scanned=23365864
[probe] gc=374 kind=Nursery modbuf_objs=0 region_entries=0 satb_nodes=0 copied=0 scanned=111325 | cum modbuf=0 region=1941 satb=1 copied=0 scanned=23477189
[probe] gc=375 kind=Nursery modbuf_objs=0 region_entries=0 satb_nodes=0 copied=0 scanned=111365 | cum modbuf=0 region=1941 satb=1 copied=0 scanned=23588554
[probe] gc=376 kind=Nursery modbuf_objs=0 region_entries=0 satb_nodes=0 copied=0 scanned=111204 | cum modbuf=0 region=1941 satb=1 copied=0 scanned=23699758
[probe] gc=377 kind=Nursery modbuf_objs=0 region_entries=0 satb_nodes=0 copied=0 scanned=111208 | cum modbuf=0 region=1941 satb=1 copied=0 scanned=23810966
[probe] gc=378 kind=Nursery modbuf_objs=0 region_entries=0 satb_nodes=0 copied=0 scanned=111224 | cum modbuf=0 region=1941 satb=1 copied=0 scanned=23922190
[probe] gc=379 kind=Nursery modbuf_objs=0 region_entries=0 satb_nodes=0 copied=0 scanned=111330 | cum modbuf=0 region=1941 satb=1 copied=0 scanned=24033520
[probe] gc=380 kind=Nursery modbuf_objs=0 region_entries=0 satb_nodes=0 copied=0 scanned=111376 | cum modbuf=0 region=1941 satb=1 copied=0 scanned=24144896
[probe] gc=381 kind=Nursery modbuf_objs=0 region_entries=0 satb_nodes=0 copied=0 scanned=111294 | cum modbuf=0 region=1941 satb=1 copied=0 scanned=24256190
[probe] gc=382 kind=Nursery modbuf_objs=0 region_entries=0 satb_nodes=0 copied=0 scanned=111359 | cum modbuf=0 region=1941 satb=1 copied=0 scanned=24367549
[probe] gc=383 kind=Nursery modbuf_objs=0 region_entries=0 satb_nodes=0 copied=0 scanned=111313 | cum modbuf=0 region=1941 satb=1 copied=0 scanned=24478862
[probe] gc=384 kind=Nursery modbuf_objs=0 region_entries=0 satb_nodes=0 copied=0 scanned=111198 | cum modbuf=0 region=1941 satb=1 copied=0 scanned=24590060
[probe] gc=385 kind=Nursery modbuf_objs=0 region_entries=0 satb_nodes=0 copied=0 scanned=111209 | cum modbuf=0 region=1941 satb=1 copied=0 scanned=24701269
[probe] gc=386 kind=Nursery modbuf_objs=0 region_entries=0 satb_nodes=0 copied=0 scanned=111246 | cum modbuf=0 region=1941 satb=1 copied=0 scanned=24812515
[probe] gc=387 kind=Nursery modbuf_objs=0 region_entries=0 satb_nodes=0 copied=0 scanned=111365 | cum modbuf=0 region=1941 satb=1 copied=0 scanned=24923880
[probe] gc=388 kind=Nursery modbuf_objs=0 region_entries=0 satb_nodes=0 copied=0 scanned=111337 | cum modbuf=0 region=1941 satb=1 copied=0 scanned=25035217
[probe] gc=389 kind=Nursery modbuf_objs=0 region_entries=0 satb_nodes=0 copied=0 scanned=111326 | cum modbuf=0 region=1941 satb=1 copied=0 scanned=25146543
[probe] gc=390 kind=Nursery modbuf_objs=0 region_entries=0 satb_nodes=0 copied=0 scanned=111375 | cum modbuf=0 region=1941 satb=1 copied=0 scanned=25257918
[probe] gc=391 kind=Nursery modbuf_objs=0 region_entries=0 satb_nodes=0 copied=0 scanned=111232 | cum modbuf=0 region=1941 satb=1 copied=0 scanned=25369150
[probe] gc=392 kind=Nursery modbuf_objs=0 region_entries=0 satb_nodes=0 copied=0 scanned=111209 | cum modbuf=0 region=1941 satb=1 copied=0 scanned=25480359
[probe] gc=393 kind=Nursery modbuf_objs=0 region_entries=0 satb_nodes=0 copied=0 scanned=111200 | cum modbuf=0 region=1941 satb=1 copied=0 scanned=25591559
[probe] gc=394 kind=Nursery modbuf_objs=0 region_entries=0 satb_nodes=0 copied=0 scanned=111314 | cum modbuf=0 region=1941 satb=1 copied=0 scanned=25702873
[probe] gc=395 kind=Nursery modbuf_objs=0 region_entries=0 satb_nodes=0 copied=0 scanned=111375 | cum modbuf=0 region=1941 satb=1 copied=0 scanned=25814248
[probe] gc=396 kind=Nursery modbuf_objs=0 region_entries=0 satb_nodes=0 copied=0 scanned=111294 | cum modbuf=0 region=1941 satb=1 copied=0 scanned=25925542
[probe] gc=397 kind=Nursery modbuf_objs=0 region_entries=0 satb_nodes=0 copied=0 scanned=111356 | cum modbuf=0 region=1941 satb=1 copied=0 scanned=26036898
[probe] gc=398 kind=Nursery modbuf_objs=0 region_entries=0 satb_nodes=0 copied=0 scanned=111338 | cum modbuf=0 region=1941 satb=1 copied=0 scanned=26148236
[probe] gc=399 kind=Nursery modbuf_objs=0 region_entries=0 satb_nodes=0 copied=0 scanned=111224 | cum modbuf=0 region=1941 satb=1 copied=0 scanned=26259460
[probe] gc=400 kind=Nursery modbuf_objs=0 region_entries=0 satb_nodes=0 copied=0 scanned=111209 | cum modbuf=0 region=1941 satb=1 copied=0 scanned=26370669
[probe] gc=401 kind=Nursery modbuf_objs=0 region_entries=0 satb_nodes=0 copied=0 scanned=111201 | cum modbuf=0 region=1941 satb=1 copied=0 scanned=26481870
[probe] gc=402 kind=Nursery modbuf_objs=0 region_entries=0 satb_nodes=0 copied=0 scanned=111375 | cum modbuf=0 region=1941 satb=1 copied=0 scanned=26593245
[probe] gc=403 kind=Nursery modbuf_objs=0 region_entries=0 satb_nodes=0 copied=0 scanned=111333 | cum modbuf=0 region=1941 satb=1 copied=0 scanned=26704578
[probe] gc=404 kind=Nursery modbuf_objs=0 region_entries=0 satb_nodes=0 copied=0 scanned=111307 | cum modbuf=0 region=1941 satb=1 copied=0 scanned=26815885
[probe] gc=405 kind=Nursery modbuf_objs=0 region_entries=0 satb_nodes=0 copied=0 scanned=111379 | cum modbuf=0 region=1941 satb=1 copied=0 scanned=26927264
[probe] gc=406 kind=Nursery modbuf_objs=0 region_entries=0 satb_nodes=0 copied=0 scanned=111291 | cum modbuf=0 region=1941 satb=1 copied=0 scanned=27038555
[probe] gc=407 kind=Nursery modbuf_objs=0 region_entries=0 satb_nodes=0 copied=0 scanned=111207 | cum modbuf=0 region=1941 satb=1 copied=0 scanned=27149762
[probe] gc=408 kind=Nursery modbuf_objs=0 region_entries=0 satb_nodes=0 copied=0 scanned=111201 | cum modbuf=0 region=1941 satb=1 copied=0 scanned=27260963
[probe] gc=409 kind=Nursery modbuf_objs=0 region_entries=0 satb_nodes=0 copied=0 scanned=111278 | cum modbuf=0 region=1941 satb=1 copied=0 scanned=27372241
[probe] gc=410 kind=Nursery modbuf_objs=0 region_entries=0 satb_nodes=0 copied=0 scanned=111350 | cum modbuf=0 region=1941 satb=1 copied=0 scanned=27483591
[probe] gc=411 kind=Nursery modbuf_objs=0 region_entries=0 satb_nodes=0 copied=0 scanned=111292 | cum modbuf=0 region=1941 satb=1 copied=0 scanned=27594883
[probe] gc=412 kind=Nursery modbuf_objs=0 region_entries=0 satb_nodes=0 copied=0 scanned=111372 | cum modbuf=0 region=1941 satb=1 copied=0 scanned=27706255
[probe] gc=413 kind=Nursery modbuf_objs=0 region_entries=0 satb_nodes=0 copied=0 scanned=111354 | cum modbuf=0 region=1941 satb=1 copied=0 scanned=27817609
[probe] gc=414 kind=Nursery modbuf_objs=0 region_entries=0 satb_nodes=0 copied=0 scanned=111251 | cum modbuf=0 region=1941 satb=1 copied=0 scanned=27928860
[probe] gc=415 kind=Nursery modbuf_objs=0 region_entries=0 satb_nodes=0 copied=0 scanned=111208 | cum modbuf=0 region=1941 satb=1 copied=0 scanned=28040068
[probe] gc=416 kind=Nursery modbuf_objs=0 region_entries=0 satb_nodes=0 copied=0 scanned=111191 | cum modbuf=0 region=1941 satb=1 copied=0 scanned=28151259
[probe] gc=417 kind=Nursery modbuf_objs=0 region_entries=0 satb_nodes=0 copied=0 scanned=111327 | cum modbuf=0 region=1941 satb=1 copied=0 scanned=28262586
[probe] gc=418 kind=Nursery modbuf_objs=0 region_entries=0 satb_nodes=0 copied=0 scanned=111349 | cum modbuf=0 region=1941 satb=1 copied=0 scanned=28373935
[probe] gc=419 kind=Nursery modbuf_objs=0 region_entries=0 satb_nodes=0 copied=0 scanned=111320 | cum modbuf=0 region=1941 satb=1 copied=0 scanned=28485255
[probe] gc=420 kind=Nursery modbuf_objs=0 region_entries=0 satb_nodes=0 copied=0 scanned=111364 | cum modbuf=0 region=1941 satb=1 copied=0 scanned=28596619
[probe] gc=421 kind=Nursery modbuf_objs=0 region_entries=0 satb_nodes=0 copied=0 scanned=111294 | cum modbuf=0 region=1941 satb=1 copied=0 scanned=28707913
[probe] gc=422 kind=Nursery modbuf_objs=0 region_entries=0 satb_nodes=0 copied=0 scanned=111254 | cum modbuf=0 region=1941 satb=1 copied=0 scanned=28819167
[probe] gc=423 kind=Nursery modbuf_objs=0 region_entries=0 satb_nodes=0 copied=0 scanned=111203 | cum modbuf=0 region=1941 satb=1 copied=0 scanned=28930370
[probe] gc=424 kind=Nursery modbuf_objs=0 region_entries=0 satb_nodes=0 copied=0 scanned=111212 | cum modbuf=0 region=1941 satb=1 copied=0 scanned=29041582
[probe] gc=425 kind=Nursery modbuf_objs=0 region_entries=0 satb_nodes=0 copied=0 scanned=111375 | cum modbuf=0 region=1941 satb=1 copied=0 scanned=29152957
[probe] gc=426 kind=Nursery modbuf_objs=0 region_entries=0 satb_nodes=0 copied=0 scanned=111297 | cum modbuf=0 region=1941 satb=1 copied=0 scanned=29264254
[probe] gc=427 kind=Nursery modbuf_objs=0 region_entries=0 satb_nodes=0 copied=0 scanned=111357 | cum modbuf=0 region=1941 satb=1 copied=0 scanned=29375611
[probe] gc=428 kind=Nursery modbuf_objs=0 region_entries=0 satb_nodes=0 copied=0 scanned=111353 | cum modbuf=0 region=1941 satb=1 copied=0 scanned=29486964
[probe] gc=429 kind=Nursery modbuf_objs=0 region_entries=0 satb_nodes=0 copied=0 scanned=111300 | cum modbuf=0 region=1941 satb=1 copied=0 scanned=29598264
[probe] gc=430 kind=Nursery modbuf_objs=0 region_entries=0 satb_nodes=0 copied=0 scanned=111208 | cum modbuf=0 region=1941 satb=1 copied=0 scanned=29709472
[probe] gc=431 kind=Nursery modbuf_objs=0 region_entries=0 satb_nodes=0 copied=0 scanned=111190 | cum modbuf=0 region=1941 satb=1 copied=0 scanned=29820662
[probe] gc=432 kind=Nursery modbuf_objs=0 region_entries=0 satb_nodes=0 copied=0 scanned=111285 | cum modbuf=0 region=1941 satb=1 copied=0 scanned=29931947
[probe] gc=433 kind=Nursery modbuf_objs=0 region_entries=0 satb_nodes=0 copied=0 scanned=111344 | cum modbuf=0 region=1941 satb=1 copied=0 scanned=30043291
[probe] gc=434 kind=Nursery modbuf_objs=0 region_entries=0 satb_nodes=0 copied=0 scanned=111320 | cum modbuf=0 region=1941 satb=1 copied=0 scanned=30154611
[probe] gc=435 kind=Nursery modbuf_objs=0 region_entries=0 satb_nodes=0 copied=0 scanned=111375 | cum modbuf=0 region=1941 satb=1 copied=0 scanned=30265986
[probe] gc=436 kind=Nursery modbuf_objs=0 region_entries=0 satb_nodes=0 copied=0 scanned=111287 | cum modbuf=0 region=1941 satb=1 copied=0 scanned=30377273
[probe] gc=437 kind=Nursery modbuf_objs=0 region_entries=0 satb_nodes=0 copied=0 scanned=111295 | cum modbuf=0 region=1941 satb=1 copied=0 scanned=30488568
[probe] gc=438 kind=Nursery modbuf_objs=0 region_entries=0 satb_nodes=0 copied=0 scanned=111204 | cum modbuf=0 region=1941 satb=1 copied=0 scanned=30599772
[probe] gc=439 kind=Nursery modbuf_objs=0 region_entries=0 satb_nodes=0 copied=0 scanned=111196 | cum modbuf=0 region=1941 satb=1 copied=0 scanned=30710968
[probe] gc=440 kind=Nursery modbuf_objs=0 region_entries=0 satb_nodes=0 copied=0 scanned=111345 | cum modbuf=0 region=1941 satb=1 copied=0 scanned=30822313
[probe] gc=441 kind=Nursery modbuf_objs=0 region_entries=0 satb_nodes=0 copied=0 scanned=111292 | cum modbuf=0 region=1941 satb=1 copied=0 scanned=30933605
[probe] gc=442 kind=Nursery modbuf_objs=0 region_entries=0 satb_nodes=0 copied=0 scanned=111361 | cum modbuf=0 region=1941 satb=1 copied=0 scanned=31044966
[probe] gc=443 kind=Full modbuf_objs=0 region_entries=0 satb_nodes=0 copied=0 scanned=0 | cum modbuf=0 region=1941 satb=1 copied=0 scanned=31044966
[probe] gc=444 kind=Nursery modbuf_objs=0 region_entries=0 satb_nodes=0 copied=0 scanned=111346 | cum modbuf=0 region=1941 satb=1 copied=0 scanned=31156312
[probe] gc=445 kind=Nursery modbuf_objs=0 region_entries=0 satb_nodes=0 copied=0 scanned=111313 | cum modbuf=0 region=1941 satb=1 copied=0 scanned=31267625
[probe] gc=446 kind=Nursery modbuf_objs=0 region_entries=0 satb_nodes=0 copied=0 scanned=111253 | cum modbuf=0 region=1941 satb=1 copied=0 scanned=31378878
[probe] gc=447 kind=Nursery modbuf_objs=0 region_entries=0 satb_nodes=0 copied=0 scanned=111194 | cum modbuf=0 region=1941 satb=1 copied=0 scanned=31490072
[probe] gc=448 kind=Nursery modbuf_objs=0 region_entries=0 satb_nodes=0 copied=0 scanned=111239 | cum modbuf=0 region=1941 satb=1 copied=0 scanned=31601311
[probe] gc=449 kind=Nursery modbuf_objs=0 region_entries=0 satb_nodes=0 copied=0 scanned=111343 | cum modbuf=0 region=1941 satb=1 copied=0 scanned=31712654
[probe] gc=450 kind=Nursery modbuf_objs=0 region_entries=0 satb_nodes=0 copied=0 scanned=111299 | cum modbuf=0 region=1941 satb=1 copied=0 scanned=31823953
[probe] gc=451 kind=Nursery modbuf_objs=0 region_entries=0 satb_nodes=0 copied=0 scanned=111377 | cum modbuf=0 region=1941 satb=1 copied=0 scanned=31935330
[probe] gc=452 kind=Nursery modbuf_objs=0 region_entries=0 satb_nodes=0 copied=0 scanned=111292 | cum modbuf=0 region=1941 satb=1 copied=0 scanned=32046622
[probe] gc=453 kind=Nursery modbuf_objs=0 region_entries=0 satb_nodes=0 copied=0 scanned=111359 | cum modbuf=0 region=1941 satb=1 copied=0 scanned=32157981
[probe] gc=454 kind=Nursery modbuf_objs=0 region_entries=0 satb_nodes=0 copied=0 scanned=111204 | cum modbuf=0 region=1941 satb=1 copied=0 scanned=32269185
[probe] gc=455 kind=Nursery modbuf_objs=0 region_entries=0 satb_nodes=0 copied=0 scanned=111199 | cum modbuf=0 region=1941 satb=1 copied=0 scanned=32380384
[probe] gc=456 kind=Nursery modbuf_objs=0 region_entries=0 satb_nodes=0 copied=0 scanned=111271 | cum modbuf=0 region=1941 satb=1 copied=0 scanned=32491655
[probe] gc=457 kind=Nursery modbuf_objs=0 region_entries=0 satb_nodes=0 copied=0 scanned=111297 | cum modbuf=0 region=1941 satb=1 copied=0 scanned=32602952
[probe] gc=458 kind=Nursery modbuf_objs=0 region_entries=0 satb_nodes=0 copied=0 scanned=111372 | cum modbuf=0 region=1941 satb=1 copied=0 scanned=32714324
[probe] gc=459 kind=Nursery modbuf_objs=0 region_entries=0 satb_nodes=0 copied=0 scanned=111359 | cum modbuf=0 region=1941 satb=1 copied=0 scanned=32825683
[probe] gc=460 kind=Nursery modbuf_objs=0 region_entries=0 satb_nodes=0 copied=0 scanned=111299 | cum modbuf=0 region=1941 satb=1 copied=0 scanned=32936982
[probe] gc=461 kind=Nursery modbuf_objs=0 region_entries=0 satb_nodes=0 copied=0 scanned=111304 | cum modbuf=0 region=1941 satb=1 copied=0 scanned=33048286
[probe] gc=462 kind=Nursery modbuf_objs=0 region_entries=0 satb_nodes=0 copied=0 scanned=111191 | cum modbuf=0 region=1941 satb=1 copied=0 scanned=33159477
[probe] gc=463 kind=Nursery modbuf_objs=0 region_entries=0 satb_nodes=0 copied=0 scanned=111207 | cum modbuf=0 region=1941 satb=1 copied=0 scanned=33270684
[probe] gc=464 kind=Nursery modbuf_objs=0 region_entries=0 satb_nodes=0 copied=0 scanned=111324 | cum modbuf=0 region=1941 satb=1 copied=0 scanned=33382008
[probe] gc=465 kind=Nursery modbuf_objs=0 region_entries=0 satb_nodes=0 copied=0 scanned=111312 | cum modbuf=0 region=1941 satb=1 copied=0 scanned=33493320
[probe] gc=466 kind=Nursery modbuf_objs=0 region_entries=0 satb_nodes=0 copied=0 scanned=111362 | cum modbuf=0 region=1941 satb=1 copied=0 scanned=33604682
[probe] gc=467 kind=Nursery modbuf_objs=0 region_entries=0 satb_nodes=0 copied=0 scanned=111296 | cum modbuf=0 region=1941 satb=1 copied=0 scanned=33715978
[probe] gc=468 kind=Nursery modbuf_objs=0 region_entries=0 satb_nodes=0 copied=0 scanned=111372 | cum modbuf=0 region=1941 satb=1 copied=0 scanned=33827350
[probe] gc=469 kind=Nursery modbuf_objs=0 region_entries=0 satb_nodes=0 copied=0 scanned=111240 | cum modbuf=0 region=1941 satb=1 copied=0 scanned=33938590
[probe] gc=470 kind=Nursery modbuf_objs=0 region_entries=0 satb_nodes=0 copied=0 scanned=111192 | cum modbuf=0 region=1941 satb=1 copied=0 scanned=34049782
[probe] gc=471 kind=Nursery modbuf_objs=0 region_entries=0 satb_nodes=0 copied=0 scanned=111236 | cum modbuf=0 region=1941 satb=1 copied=0 scanned=34161018
[probe] gc=472 kind=Nursery modbuf_objs=0 region_entries=0 satb_nodes=0 copied=0 scanned=111298 | cum modbuf=0 region=1941 satb=1 copied=0 scanned=34272316
[probe] gc=473 kind=Nursery modbuf_objs=0 region_entries=0 satb_nodes=0 copied=0 scanned=111362 | cum modbuf=0 region=1941 satb=1 copied=0 scanned=34383678
[probe] gc=474 kind=Nursery modbuf_objs=0 region_entries=0 satb_nodes=0 copied=0 scanned=111359 | cum modbuf=0 region=1941 satb=1 copied=0 scanned=34495037
[probe] gc=475 kind=Nursery modbuf_objs=0 region_entries=0 satb_nodes=0 copied=0 scanned=111308 | cum modbuf=0 region=1941 satb=1 copied=0 scanned=34606345
[probe] gc=476 kind=Nursery modbuf_objs=0 region_entries=0 satb_nodes=0 copied=0 scanned=111344 | cum modbuf=0 region=1941 satb=1 copied=0 scanned=34717689
[probe] gc=477 kind=Nursery modbuf_objs=0 region_entries=0 satb_nodes=0 copied=0 scanned=111189 | cum modbuf=0 region=1941 satb=1 copied=0 scanned=34828878
[probe] gc=478 kind=Nursery modbuf_objs=0 region_entries=0 satb_nodes=0 copied=0 scanned=111207 | cum modbuf=0 region=1941 satb=1 copied=0 scanned=34940085
[probe] gc=479 kind=Nursery modbuf_objs=0 region_entries=0 satb_nodes=0 copied=0 scanned=111278 | cum modbuf=0 region=1941 satb=1 copied=0 scanned=35051363
[probe] gc=480 kind=Nursery modbuf_objs=0 region_entries=0 satb_nodes=0 copied=0 scanned=111315 | cum modbuf=0 region=1941 satb=1 copied=0 scanned=35162678
[probe] gc=481 kind=Nursery modbuf_objs=0 region_entries=0 satb_nodes=0 copied=0 scanned=111371 | cum modbuf=0 region=1941 satb=1 copied=0 scanned=35274049
[probe] gc=482 kind=Nursery modbuf_objs=0 region_entries=0 satb_nodes=0 copied=0 scanned=111296 | cum modbuf=0 region=1941 satb=1 copied=0 scanned=35385345
[probe] gc=483 kind=Nursery modbuf_objs=0 region_entries=0 satb_nodes=0 copied=0 scanned=111345 | cum modbuf=0 region=1941 satb=1 copied=0 scanned=35496690
[probe] gc=484 kind=Nursery modbuf_objs=0 region_entries=0 satb_nodes=0 copied=0 scanned=111294 | cum modbuf=0 region=1941 satb=1 copied=0 scanned=35607984
[probe] gc=485 kind=Nursery modbuf_objs=0 region_entries=0 satb_nodes=0 copied=0 scanned=111194 | cum modbuf=0 region=1941 satb=1 copied=0 scanned=35719178
[probe] gc=486 kind=Nursery modbuf_objs=0 region_entries=0 satb_nodes=0 copied=0 scanned=111209 | cum modbuf=0 region=1941 satb=1 copied=0 scanned=35830387
[probe] gc=487 kind=Nursery modbuf_objs=0 region_entries=0 satb_nodes=0 copied=0 scanned=111284 | cum modbuf=0 region=1941 satb=1 copied=0 scanned=35941671
[probe] gc=488 kind=Nursery modbuf_objs=0 region_entries=0 satb_nodes=0 copied=0 scanned=111361 | cum modbuf=0 region=1941 satb=1 copied=0 scanned=36053032
[probe] gc=489 kind=Nursery modbuf_objs=0 region_entries=0 satb_nodes=0 copied=0 scanned=111350 | cum modbuf=0 region=1941 satb=1 copied=0 scanned=36164382
[probe] gc=490 kind=Nursery modbuf_objs=0 region_entries=0 satb_nodes=0 copied=0 scanned=111303 | cum modbuf=0 region=1941 satb=1 copied=0 scanned=36275685
[probe] gc=491 kind=Nursery modbuf_objs=0 region_entries=0 satb_nodes=0 copied=0 scanned=111377 | cum modbuf=0 region=1941 satb=1 copied=0 scanned=36387062
[probe] gc=492 kind=Nursery modbuf_objs=0 region_entries=0 satb_nodes=0 copied=0 scanned=111212 | cum modbuf=0 region=1941 satb=1 copied=0 scanned=36498274
[probe] gc=493 kind=Nursery modbuf_objs=0 region_entries=0 satb_nodes=0 copied=0 scanned=111208 | cum modbuf=0 region=1941 satb=1 copied=0 scanned=36609482
[probe] gc=494 kind=Nursery modbuf_objs=0 region_entries=0 satb_nodes=0 copied=0 scanned=111240 | cum modbuf=0 region=1941 satb=1 copied=0 scanned=36720722
[probe] gc=495 kind=Nursery modbuf_objs=0 region_entries=0 satb_nodes=0 copied=0 scanned=111295 | cum modbuf=0 region=1941 satb=1 copied=0 scanned=36832017
[probe] gc=496 kind=Nursery modbuf_objs=0 region_entries=0 satb_nodes=0 copied=0 scanned=111371 | cum modbuf=0 region=1941 satb=1 copied=0 scanned=36943388
[probe] gc=497 kind=Nursery modbuf_objs=0 region_entries=0 satb_nodes=0 copied=0 scanned=111292 | cum modbuf=0 region=1941 satb=1 copied=0 scanned=37054680
[probe] gc=498 kind=Nursery modbuf_objs=0 region_entries=0 satb_nodes=0 copied=0 scanned=111379 | cum modbuf=0 region=1941 satb=1 copied=0 scanned=37166059
[probe] gc=499 kind=Nursery modbuf_objs=0 region_entries=0 satb_nodes=0 copied=0 scanned=111333 | cum modbuf=0 region=1941 satb=1 copied=0 scanned=37277392
[probe] gc=500 kind=Nursery modbuf_objs=0 region_entries=0 satb_nodes=0 copied=0 scanned=111193 | cum modbuf=0 region=1941 satb=1 copied=0 scanned=37388585
[probe] gc=501 kind=Nursery modbuf_objs=0 region_entries=0 satb_nodes=0 copied=0 scanned=111210 | cum modbuf=0 region=1941 satb=1 copied=0 scanned=37499795
[probe] gc=502 kind=Nursery modbuf_objs=0 region_entries=0 satb_nodes=0 copied=0 scanned=111216 | cum modbuf=0 region=1941 satb=1 copied=0 scanned=37611011
[probe] gc=503 kind=Nursery modbuf_objs=0 region_entries=0 satb_nodes=0 copied=0 scanned=111374 | cum modbuf=0 region=1941 satb=1 copied=0 scanned=37722385
[probe] gc=504 kind=Nursery modbuf_objs=0 region_entries=0 satb_nodes=0 copied=0 scanned=111366 | cum modbuf=0 region=1941 satb=1 copied=0 scanned=37833751
[probe] gc=505 kind=Nursery modbuf_objs=0 region_entries=0 satb_nodes=0 copied=0 scanned=111293 | cum modbuf=0 region=1941 satb=1 copied=0 scanned=37945044
[probe] gc=506 kind=Nursery modbuf_objs=0 region_entries=0 satb_nodes=0 copied=0 scanned=111372 | cum modbuf=0 region=1941 satb=1 copied=0 scanned=38056416
[probe] gc=507 kind=Nursery modbuf_objs=0 region_entries=0 satb_nodes=0 copied=0 scanned=111267 | cum modbuf=0 region=1941 satb=1 copied=0 scanned=38167683
[probe] gc=508 kind=Nursery modbuf_objs=0 region_entries=0 satb_nodes=0 copied=0 scanned=111207 | cum modbuf=0 region=1941 satb=1 copied=0 scanned=38278890
[probe] gc=509 kind=Nursery modbuf_objs=0 region_entries=0 satb_nodes=0 copied=0 scanned=111206 | cum modbuf=0 region=1941 satb=1 copied=0 scanned=38390096
[probe] gc=510 kind=Nursery modbuf_objs=0 region_entries=0 satb_nodes=0 copied=0 scanned=111285 | cum modbuf=0 region=1941 satb=1 copied=0 scanned=38501381
[probe] gc=511 kind=Nursery modbuf_objs=0 region_entries=0 satb_nodes=0 copied=0 scanned=111362 | cum modbuf=0 region=1941 satb=1 copied=0 scanned=38612743
[probe] gc=512 kind=Nursery modbuf_objs=0 region_entries=0 satb_nodes=0 copied=0 scanned=111297 | cum modbuf=0 region=1941 satb=1 copied=0 scanned=38724040
[probe] gc=513 kind=Nursery modbuf_objs=0 region_entries=0 satb_nodes=0 copied=0 scanned=111369 | cum modbuf=0 region=1941 satb=1 copied=0 scanned=38835409
[probe] gc=514 kind=Nursery modbuf_objs=0 region_entries=0 satb_nodes=0 copied=0 scanned=111358 | cum modbuf=0 region=1941 satb=1 copied=0 scanned=38946767
[probe] gc=515 kind=Nursery modbuf_objs=0 region_entries=0 satb_nodes=0 copied=0 scanned=111224 | cum modbuf=0 region=1941 satb=1 copied=0 scanned=39057991
[probe] gc=516 kind=Nursery modbuf_objs=0 region_entries=0 satb_nodes=0 copied=0 scanned=111209 | cum modbuf=0 region=1941 satb=1 copied=0 scanned=39169200
[probe] gc=517 kind=Nursery modbuf_objs=0 region_entries=0 satb_nodes=0 copied=0 scanned=111190 | cum modbuf=0 region=1941 satb=1 copied=0 scanned=39280390
[probe] gc=518 kind=Nursery modbuf_objs=0 region_entries=0 satb_nodes=0 copied=0 scanned=111354 | cum modbuf=0 region=1941 satb=1 copied=0 scanned=39391744
[probe] gc=519 kind=Nursery modbuf_objs=0 region_entries=0 satb_nodes=0 copied=0 scanned=111364 | cum modbuf=0 region=1941 satb=1 copied=0 scanned=39503108
[probe] gc=520 kind=Nursery modbuf_objs=0 region_entries=0 satb_nodes=0 copied=0 scanned=111304 | cum modbuf=0 region=1941 satb=1 copied=0 scanned=39614412
[probe] gc=521 kind=Nursery modbuf_objs=0 region_entries=0 satb_nodes=0 copied=0 scanned=111344 | cum modbuf=0 region=1941 satb=1 copied=0 scanned=39725756
[probe] gc=522 kind=Nursery modbuf_objs=0 region_entries=0 satb_nodes=0 copied=0 scanned=111295 | cum modbuf=0 region=1941 satb=1 copied=0 scanned=39837051
[probe] gc=523 kind=Nursery modbuf_objs=0 region_entries=0 satb_nodes=0 copied=0 scanned=111254 | cum modbuf=0 region=1941 satb=1 copied=0 scanned=39948305
[probe] gc=524 kind=Nursery modbuf_objs=0 region_entries=0 satb_nodes=0 copied=0 scanned=111208 | cum modbuf=0 region=1941 satb=1 copied=0 scanned=40059513
[probe] gc=525 kind=Nursery modbuf_objs=0 region_entries=0 satb_nodes=0 copied=0 scanned=111231 | cum modbuf=0 region=1941 satb=1 copied=0 scanned=40170744
[probe] gc=526 kind=Nursery modbuf_objs=0 region_entries=0 satb_nodes=0 copied=0 scanned=111373 | cum modbuf=0 region=1941 satb=1 copied=0 scanned=40282117
[probe] gc=527 kind=Nursery modbuf_objs=0 region_entries=0 satb_nodes=0 copied=0 scanned=111292 | cum modbuf=0 region=1941 satb=1 copied=0 scanned=40393409
[probe] gc=528 kind=Nursery modbuf_objs=0 region_entries=0 satb_nodes=0 copied=0 scanned=111351 | cum modbuf=0 region=1941 satb=1 copied=0 scanned=40504760
[probe] gc=529 kind=Nursery modbuf_objs=0 region_entries=0 satb_nodes=0 copied=0 scanned=111365 | cum modbuf=0 region=1941 satb=1 copied=0 scanned=40616125
[probe] gc=530 kind=Nursery modbuf_objs=0 region_entries=0 satb_nodes=0 copied=0 scanned=111281 | cum modbuf=0 region=1941 satb=1 copied=0 scanned=40727406
[probe] gc=531 kind=Nursery modbuf_objs=0 region_entries=0 satb_nodes=0 copied=0 scanned=111203 | cum modbuf=0 region=1941 satb=1 copied=0 scanned=40838609
[probe] gc=532 kind=Nursery modbuf_objs=0 region_entries=0 satb_nodes=0 copied=0 scanned=111193 | cum modbuf=0 region=1941 satb=1 copied=0 scanned=40949802
[probe] gc=533 kind=Nursery modbuf_objs=0 region_entries=0 satb_nodes=0 copied=0 scanned=111305 | cum modbuf=0 region=1941 satb=1 copied=0 scanned=41061107
[probe] gc=534 kind=Nursery modbuf_objs=0 region_entries=0 satb_nodes=0 copied=0 scanned=111351 | cum modbuf=0 region=1941 satb=1 copied=0 scanned=41172458
[probe] gc=535 kind=Nursery modbuf_objs=0 region_entries=0 satb_nodes=0 copied=0 scanned=111293 | cum modbuf=0 region=1941 satb=1 copied=0 scanned=41283751
[probe] gc=536 kind=Nursery modbuf_objs=0 region_entries=0 satb_nodes=0 copied=0 scanned=111379 | cum modbuf=0 region=1941 satb=1 copied=0 scanned=41395130
[probe] gc=537 kind=Nursery modbuf_objs=0 region_entries=0 satb_nodes=0 copied=0 scanned=111289 | cum modbuf=0 region=1941 satb=1 copied=0 scanned=41506419
[probe] gc=538 kind=Nursery modbuf_objs=0 region_entries=0 satb_nodes=0 copied=0 scanned=111283 | cum modbuf=0 region=1941 satb=1 copied=0 scanned=41617702
[probe] gc=539 kind=Nursery modbuf_objs=0 region_entries=0 satb_nodes=0 copied=0 scanned=111208 | cum modbuf=0 region=1941 satb=1 copied=0 scanned=41728910
[probe] gc=540 kind=Nursery modbuf_objs=0 region_entries=0 satb_nodes=0 copied=0 scanned=111193 | cum modbuf=0 region=1941 satb=1 copied=0 scanned=41840103
[probe] gc=541 kind=Full modbuf_objs=0 region_entries=0 satb_nodes=0 copied=0 scanned=0 | cum modbuf=0 region=1941 satb=1 copied=0 scanned=41840103
[probe] gc=542 kind=Nursery modbuf_objs=0 region_entries=0 satb_nodes=0 copied=0 scanned=111352 | cum modbuf=0 region=1941 satb=1 copied=0 scanned=41951455
[probe] gc=543 kind=Nursery modbuf_objs=0 region_entries=0 satb_nodes=0 copied=0 scanned=111295 | cum modbuf=0 region=1941 satb=1 copied=0 scanned=42062750
[probe] gc=544 kind=Nursery modbuf_objs=0 region_entries=0 satb_nodes=0 copied=0 scanned=111376 | cum modbuf=0 region=1941 satb=1 copied=0 scanned=42174126
[probe] gc=545 kind=Nursery modbuf_objs=0 region_entries=0 satb_nodes=0 copied=0 scanned=111361 | cum modbuf=0 region=1941 satb=1 copied=0 scanned=42285487
[probe] gc=546 kind=Nursery modbuf_objs=0 region_entries=0 satb_nodes=0 copied=0 scanned=111297 | cum modbuf=0 region=1941 satb=1 copied=0 scanned=42396784
[probe] gc=547 kind=Nursery modbuf_objs=0 region_entries=0 satb_nodes=0 copied=0 scanned=111224 | cum modbuf=0 region=1941 satb=1 copied=0 scanned=42508008
[probe] gc=548 kind=Nursery modbuf_objs=0 region_entries=0 satb_nodes=0 copied=0 scanned=111193 | cum modbuf=0 region=1941 satb=1 copied=0 scanned=42619201
[probe] gc=549 kind=Nursery modbuf_objs=0 region_entries=0 satb_nodes=0 copied=0 scanned=111252 | cum modbuf=0 region=1941 satb=1 copied=0 scanned=42730453
[probe] gc=550 kind=Nursery modbuf_objs=0 region_entries=0 satb_nodes=0 copied=0 scanned=110609 | cum modbuf=0 region=1941 satb=1 copied=0 scanned=42841062
[probe] gc=551 kind=Nursery modbuf_objs=0 region_entries=0 satb_nodes=0 copied=0 scanned=109556 | cum modbuf=0 region=1941 satb=1 copied=0 scanned=42950618
[probe] gc=552 kind=Nursery modbuf_objs=0 region_entries=0 satb_nodes=0 copied=0 scanned=109622 | cum modbuf=0 region=1941 satb=1 copied=0 scanned=43060240
[probe] gc=553 kind=Nursery modbuf_objs=0 region_entries=0 satb_nodes=0 copied=0 scanned=109369 | cum modbuf=0 region=1941 satb=1 copied=0 scanned=43169609
[probe] gc=554 kind=Nursery modbuf_objs=0 region_entries=0 satb_nodes=0 copied=0 scanned=109528 | cum modbuf=0 region=1941 satb=1 copied=0 scanned=43279137
[probe] gc=555 kind=Nursery modbuf_objs=0 region_entries=0 satb_nodes=0 copied=0 scanned=109637 | cum modbuf=0 region=1941 satb=1 copied=0 scanned=43388774
[probe] gc=556 kind=Nursery modbuf_objs=0 region_entries=0 satb_nodes=0 copied=0 scanned=109448 | cum modbuf=0 region=1941 satb=1 copied=0 scanned=43498222
[probe] gc=557 kind=Nursery modbuf_objs=0 region_entries=0 satb_nodes=0 copied=0 scanned=109416 | cum modbuf=0 region=1941 satb=1 copied=0 scanned=43607638
[probe] gc=558 kind=Nursery modbuf_objs=0 region_entries=0 satb_nodes=0 copied=0 scanned=109742 | cum modbuf=0 region=1941 satb=1 copied=0 scanned=43717380
[probe] gc=559 kind=Nursery modbuf_objs=0 region_entries=0 satb_nodes=0 copied=0 scanned=109468 | cum modbuf=0 region=1941 satb=1 copied=0 scanned=43826848
[probe] gc=560 kind=Nursery modbuf_objs=0 region_entries=0 satb_nodes=0 copied=0 scanned=109362 | cum modbuf=0 region=1941 satb=1 copied=0 scanned=43936210
[probe] gc=561 kind=Nursery modbuf_objs=0 region_entries=0 satb_nodes=0 copied=0 scanned=109687 | cum modbuf=0 region=1941 satb=1 copied=0 scanned=44045897
[probe] gc=562 kind=Nursery modbuf_objs=0 region_entries=0 satb_nodes=0 copied=0 scanned=109478 | cum modbuf=0 region=1941 satb=1 copied=0 scanned=44155375
[probe] gc=563 kind=Nursery modbuf_objs=0 region_entries=0 satb_nodes=0 copied=0 scanned=109444 | cum modbuf=0 region=1941 satb=1 copied=0 scanned=44264819
[probe] gc=564 kind=Nursery modbuf_objs=0 region_entries=0 satb_nodes=0 copied=0 scanned=109577 | cum modbuf=0 region=1941 satb=1 copied=0 scanned=44374396
[probe] gc=565 kind=Nursery modbuf_objs=0 region_entries=0 satb_nodes=0 copied=0 scanned=109580 | cum modbuf=0 region=1941 satb=1 copied=0 scanned=44483976
[probe] gc=566 kind=Nursery modbuf_objs=0 region_entries=0 satb_nodes=0 copied=0 scanned=109413 | cum modbuf=0 region=1941 satb=1 copied=0 scanned=44593389
[probe] gc=567 kind=Nursery modbuf_objs=0 region_entries=0 satb_nodes=0 copied=0 scanned=109526 | cum modbuf=0 region=1941 satb=1 copied=0 scanned=44702915
[probe] gc=568 kind=Nursery modbuf_objs=0 region_entries=0 satb_nodes=0 copied=0 scanned=109671 | cum modbuf=0 region=1941 satb=1 copied=0 scanned=44812586
[probe] gc=569 kind=Nursery modbuf_objs=0 region_entries=0 satb_nodes=0 copied=0 scanned=109373 | cum modbuf=0 region=1941 satb=1 copied=0 scanned=44921959
[probe] gc=570 kind=Nursery modbuf_objs=0 region_entries=0 satb_nodes=0 copied=0 scanned=109476 | cum modbuf=0 region=1941 satb=1 copied=0 scanned=45031435
[probe] gc=571 kind=Nursery modbuf_objs=0 region_entries=0 satb_nodes=0 copied=0 scanned=109702 | cum modbuf=0 region=1941 satb=1 copied=0 scanned=45141137
[probe] gc=572 kind=Nursery modbuf_objs=0 region_entries=0 satb_nodes=0 copied=0 scanned=109444 | cum modbuf=0 region=1941 satb=1 copied=0 scanned=45250581
[probe] gc=573 kind=Nursery modbuf_objs=0 region_entries=0 satb_nodes=0 copied=0 scanned=109388 | cum modbuf=0 region=1941 satb=1 copied=0 scanned=45359969
[probe] gc=574 kind=Nursery modbuf_objs=0 region_entries=0 satb_nodes=0 copied=0 scanned=109707 | cum modbuf=0 region=1941 satb=1 copied=0 scanned=45469676
[probe] gc=575 kind=Nursery modbuf_objs=0 region_entries=0 satb_nodes=0 copied=0 scanned=109473 | cum modbuf=0 region=1941 satb=1 copied=0 scanned=45579149
[probe] gc=576 kind=Nursery modbuf_objs=0 region_entries=0 satb_nodes=0 copied=0 scanned=109424 | cum modbuf=0 region=1941 satb=1 copied=0 scanned=45688573
[probe] gc=577 kind=Nursery modbuf_objs=0 region_entries=0 satb_nodes=0 copied=0 scanned=109620 | cum modbuf=0 region=1941 satb=1 copied=0 scanned=45798193
[probe] gc=578 kind=Nursery modbuf_objs=0 region_entries=0 satb_nodes=0 copied=0 scanned=109546 | cum modbuf=0 region=1941 satb=1 copied=0 scanned=45907739
[probe] gc=579 kind=Nursery modbuf_objs=0 region_entries=0 satb_nodes=0 copied=0 scanned=109436 | cum modbuf=0 region=1941 satb=1 copied=0 scanned=46017175
[probe] gc=580 kind=Nursery modbuf_objs=0 region_entries=0 satb_nodes=0 copied=0 scanned=109520 | cum modbuf=0 region=1941 satb=1 copied=0 scanned=46126695
[probe] gc=581 kind=Nursery modbuf_objs=0 region_entries=0 satb_nodes=0 copied=0 scanned=109644 | cum modbuf=0 region=1941 satb=1 copied=0 scanned=46236339
[probe] gc=582 kind=Nursery modbuf_objs=0 region_entries=0 satb_nodes=0 copied=0 scanned=109364 | cum modbuf=0 region=1941 satb=1 copied=0 scanned=46345703
[probe] gc=583 kind=Nursery modbuf_objs=0 region_entries=0 satb_nodes=0 copied=0 scanned=109510 | cum modbuf=0 region=1941 satb=1 copied=0 scanned=46455213
[probe] gc=584 kind=Nursery modbuf_objs=0 region_entries=0 satb_nodes=0 copied=0 scanned=109717 | cum modbuf=0 region=1941 satb=1 copied=0 scanned=46564930
[probe] gc=585 kind=Nursery modbuf_objs=0 region_entries=0 satb_nodes=0 copied=0 scanned=109403 | cum modbuf=0 region=1941 satb=1 copied=0 scanned=46674333
[probe] gc=586 kind=Nursery modbuf_objs=0 region_entries=0 satb_nodes=0 copied=0 scanned=109430 | cum modbuf=0 region=1941 satb=1 copied=0 scanned=46783763
[probe] gc=587 kind=Nursery modbuf_objs=0 region_entries=0 satb_nodes=0 copied=0 scanned=109691 | cum modbuf=0 region=1941 satb=1 copied=0 scanned=46893454
[probe] gc=588 kind=Nursery modbuf_objs=0 region_entries=0 satb_nodes=0 copied=0 scanned=109485 | cum modbuf=0 region=1941 satb=1 copied=0 scanned=47002939
[probe] gc=589 kind=Nursery modbuf_objs=0 region_entries=0 satb_nodes=0 copied=0 scanned=109357 | cum modbuf=0 region=1941 satb=1 copied=0 scanned=47112296
[probe] gc=590 kind=Nursery modbuf_objs=0 region_entries=0 satb_nodes=0 copied=0 scanned=109677 | cum modbuf=0 region=1941 satb=1 copied=0 scanned=47221973
[probe] gc=591 kind=Nursery modbuf_objs=0 region_entries=0 satb_nodes=0 copied=0 scanned=109491 | cum modbuf=0 region=1941 satb=1 copied=0 scanned=47331464
[probe] gc=592 kind=Nursery modbuf_objs=0 region_entries=0 satb_nodes=0 copied=0 scanned=109468 | cum modbuf=0 region=1941 satb=1 copied=0 scanned=47440932
[probe] gc=593 kind=Nursery modbuf_objs=0 region_entries=0 satb_nodes=0 copied=0 scanned=109559 | cum modbuf=0 region=1941 satb=1 copied=0 scanned=47550491
[probe] gc=594 kind=Nursery modbuf_objs=0 region_entries=0 satb_nodes=0 copied=0 scanned=109585 | cum modbuf=0 region=1941 satb=1 copied=0 scanned=47660076
[probe] gc=595 kind=Nursery modbuf_objs=0 region_entries=0 satb_nodes=0 copied=0 scanned=109458 | cum modbuf=0 region=1941 satb=1 copied=0 scanned=47769534
[probe] gc=596 kind=Nursery modbuf_objs=0 region_entries=0 satb_nodes=0 copied=0 scanned=109455 | cum modbuf=0 region=1941 satb=1 copied=0 scanned=47878989
[probe] gc=597 kind=Nursery modbuf_objs=0 region_entries=0 satb_nodes=0 copied=0 scanned=109712 | cum modbuf=0 region=1941 satb=1 copied=0 scanned=47988701
[probe] gc=598 kind=Nursery modbuf_objs=0 region_entries=0 satb_nodes=0 copied=0 scanned=109364 | cum modbuf=0 region=1941 satb=1 copied=0 scanned=48098065
[probe] gc=599 kind=Nursery modbuf_objs=0 region_entries=0 satb_nodes=0 copied=0 scanned=109444 | cum modbuf=0 region=1941 satb=1 copied=0 scanned=48207509
[probe] gc=600 kind=Nursery modbuf_objs=0 region_entries=0 satb_nodes=0 copied=0 scanned=109729 | cum modbuf=0 region=1941 satb=1 copied=0 scanned=48317238
[probe] gc=601 kind=Nursery modbuf_objs=0 region_entries=0 satb_nodes=0 copied=0 scanned=109422 | cum modbuf=0 region=1941 satb=1 copied=0 scanned=48426660
[probe] gc=602 kind=Nursery modbuf_objs=0 region_entries=0 satb_nodes=0 copied=0 scanned=109471 | cum modbuf=0 region=1941 satb=1 copied=0 scanned=48536131
[probe] gc=603 kind=Nursery modbuf_objs=0 region_entries=0 satb_nodes=0 copied=0 scanned=109618 | cum modbuf=0 region=1941 satb=1 copied=0 scanned=48645749
[probe] gc=604 kind=Nursery modbuf_objs=0 region_entries=0 satb_nodes=0 copied=0 scanned=109546 | cum modbuf=0 region=1941 satb=1 copied=0 scanned=48755295
[probe] gc=605 kind=Nursery modbuf_objs=0 region_entries=0 satb_nodes=0 copied=0 scanned=109375 | cum modbuf=0 region=1941 satb=1 copied=0 scanned=48864670
[probe] gc=606 kind=Nursery modbuf_objs=0 region_entries=0 satb_nodes=0 copied=0 scanned=109600 | cum modbuf=0 region=1941 satb=1 copied=0 scanned=48974270
[probe] gc=607 kind=Nursery modbuf_objs=0 region_entries=0 satb_nodes=0 copied=0 scanned=109566 | cum modbuf=0 region=1941 satb=1 copied=0 scanned=49083836
[probe] gc=608 kind=Nursery modbuf_objs=0 region_entries=0 satb_nodes=0 copied=0 scanned=109425 | cum modbuf=0 region=1941 satb=1 copied=0 scanned=49193261
[probe] gc=609 kind=Nursery modbuf_objs=0 region_entries=0 satb_nodes=0 copied=0 scanned=109519 | cum modbuf=0 region=1941 satb=1 copied=0 scanned=49302780
[probe] gc=610 kind=Nursery modbuf_objs=0 region_entries=0 satb_nodes=0 copied=0 scanned=109657 | cum modbuf=0 region=1941 satb=1 copied=0 scanned=49412437
[probe] gc=611 kind=Nursery modbuf_objs=0 region_entries=0 satb_nodes=0 copied=0 scanned=109448 | cum modbuf=0 region=1941 satb=1 copied=0 scanned=49521885
[probe] gc=612 kind=Nursery modbuf_objs=0 region_entries=0 satb_nodes=0 copied=0 scanned=109403 | cum modbuf=0 region=1941 satb=1 copied=0 scanned=49631288
[probe] gc=613 kind=Nursery modbuf_objs=0 region_entries=0 satb_nodes=0 copied=0 scanned=109742 | cum modbuf=0 region=1941 satb=1 copied=0 scanned=49741030
[probe] gc=614 kind=Nursery modbuf_objs=0 region_entries=0 satb_nodes=0 copied=0 scanned=109388 | cum modbuf=0 region=1941 satb=1 copied=0 scanned=49850418
[probe] gc=615 kind=Nursery modbuf_objs=0 region_entries=0 satb_nodes=0 copied=0 scanned=109444 | cum modbuf=0 region=1941 satb=1 copied=0 scanned=49959862
[probe] gc=616 kind=Nursery modbuf_objs=0 region_entries=0 satb_nodes=0 copied=0 scanned=109667 | cum modbuf=0 region=1941 satb=1 copied=0 scanned=50069529
[probe] gc=617 kind=Nursery modbuf_objs=0 region_entries=0 satb_nodes=0 copied=0 scanned=109509 | cum modbuf=0 region=1941 satb=1 copied=0 scanned=50179038
[probe] gc=618 kind=Nursery modbuf_objs=0 region_entries=0 satb_nodes=0 copied=0 scanned=109414 | cum modbuf=0 region=1941 satb=1 copied=0 scanned=50288452
[probe] gc=619 kind=Nursery modbuf_objs=0 region_entries=0 satb_nodes=0 copied=0 scanned=109592 | cum modbuf=0 region=1941 satb=1 copied=0 scanned=50398044
[probe] gc=620 kind=Nursery modbuf_objs=0 region_entries=0 satb_nodes=0 copied=0 scanned=109585 | cum modbuf=0 region=1941 satb=1 copied=0 scanned=50507629
[probe] gc=621 kind=Nursery modbuf_objs=0 region_entries=0 satb_nodes=0 copied=0 scanned=109388 | cum modbuf=0 region=1941 satb=1 copied=0 scanned=50617017
[probe] gc=622 kind=Nursery modbuf_objs=0 region_entries=0 satb_nodes=0 copied=0 scanned=109545 | cum modbuf=0 region=1941 satb=1 copied=0 scanned=50726562
[probe] gc=623 kind=Nursery modbuf_objs=0 region_entries=0 satb_nodes=0 copied=0 scanned=109615 | cum modbuf=0 region=1941 satb=1 copied=0 scanned=50836177
[probe] gc=624 kind=Nursery modbuf_objs=0 region_entries=0 satb_nodes=0 copied=0 scanned=109455 | cum modbuf=0 region=1941 satb=1 copied=0 scanned=50945632
[probe] gc=625 kind=Nursery modbuf_objs=0 region_entries=0 satb_nodes=0 copied=0 scanned=109434 | cum modbuf=0 region=1941 satb=1 copied=0 scanned=51055066
[probe] gc=626 kind=Nursery modbuf_objs=0 region_entries=0 satb_nodes=0 copied=0 scanned=109722 | cum modbuf=0 region=1941 satb=1 copied=0 scanned=51164788
[probe] gc=627 kind=Nursery modbuf_objs=0 region_entries=0 satb_nodes=0 copied=0 scanned=109451 | cum modbuf=0 region=1941 satb=1 copied=0 scanned=51274239
[probe] gc=628 kind=Nursery modbuf_objs=0 region_entries=0 satb_nodes=0 copied=0 scanned=109376 | cum modbuf=0 region=1941 satb=1 copied=0 scanned=51383615
[probe] gc=629 kind=Nursery modbuf_objs=0 region_entries=0 satb_nodes=0 copied=0 scanned=109712 | cum modbuf=0 region=1941 satb=1 copied=0 scanned=51493327
[probe] gc=630 kind=Nursery modbuf_objs=0 region_entries=0 satb_nodes=0 copied=0 scanned=109449 | cum modbuf=0 region=1941 satb=1 copied=0 scanned=51602776
[probe] gc=631 kind=Nursery modbuf_objs=0 region_entries=0 satb_nodes=0 copied=0 scanned=109442 | cum modbuf=0 region=1941 satb=1 copied=0 scanned=51712218
[probe] gc=632 kind=Nursery modbuf_objs=0 region_entries=0 satb_nodes=0 copied=0 scanned=109608 | cum modbuf=0 region=1941 satb=1 copied=0 scanned=51821826
[probe] gc=633 kind=Nursery modbuf_objs=0 region_entries=0 satb_nodes=0 copied=0 scanned=109555 | cum modbuf=0 region=1941 satb=1 copied=0 scanned=51931381
[probe] gc=634 kind=Nursery modbuf_objs=0 region_entries=0 satb_nodes=0 copied=0 scanned=109401 | cum modbuf=0 region=1941 satb=1 copied=0 scanned=52040782
[probe] gc=635 kind=Nursery modbuf_objs=0 region_entries=0 satb_nodes=0 copied=0 scanned=109559 | cum modbuf=0 region=1941 satb=1 copied=0 scanned=52150341
[probe] gc=636 kind=Nursery modbuf_objs=0 region_entries=0 satb_nodes=0 copied=0 scanned=109660 | cum modbuf=0 region=1941 satb=1 copied=0 scanned=52260001
[probe] gc=637 kind=Nursery modbuf_objs=0 region_entries=0 satb_nodes=0 copied=0 scanned=109373 | cum modbuf=0 region=1941 satb=1 copied=0 scanned=52369374
[probe] gc=638 kind=Nursery modbuf_objs=0 region_entries=0 satb_nodes=0 copied=0 scanned=109484 | cum modbuf=0 region=1941 satb=1 copied=0 scanned=52478858
[probe] gc=639 kind=Nursery modbuf_objs=0 region_entries=0 satb_nodes=0 copied=0 scanned=109678 | cum modbuf=0 region=1941 satb=1 copied=0 scanned=52588536
[probe] gc=640 kind=Nursery modbuf_objs=0 region_entries=0 satb_nodes=0 copied=0 scanned=109446 | cum modbuf=0 region=1941 satb=1 copied=0 scanned=52697982
[probe] gc=641 kind=Nursery modbuf_objs=0 region_entries=0 satb_nodes=0 copied=0 scanned=109376 | cum modbuf=0 region=1941 satb=1 copied=0 scanned=52807358
[probe] gc=642 kind=Nursery modbuf_objs=0 region_entries=0 satb_nodes=0 copied=0 scanned=109739 | cum modbuf=0 region=1941 satb=1 copied=0 scanned=52917097
[probe] gc=643 kind=Nursery modbuf_objs=0 region_entries=0 satb_nodes=0 copied=0 scanned=109468 | cum modbuf=0 region=1941 satb=1 copied=0 scanned=53026565
[probe] gc=644 kind=Nursery modbuf_objs=0 region_entries=0 satb_nodes=0 copied=0 scanned=109395 | cum modbuf=0 region=1941 satb=1 copied=0 scanned=53135960
[probe] gc=645 kind=Nursery modbuf_objs=0 region_entries=0 satb_nodes=0 copied=0 scanned=109653 | cum modbuf=0 region=1941 satb=1 copied=0 scanned=53245613
[probe] gc=646 kind=Nursery modbuf_objs=0 region_entries=0 satb_nodes=0 copied=0 scanned=109508 | cum modbuf=0 region=1941 satb=1 copied=0 scanned=53355121
[probe] gc=647 kind=Nursery modbuf_objs=0 region_entries=0 satb_nodes=0 copied=0 scanned=109458 | cum modbuf=0 region=1941 satb=1 copied=0 scanned=53464579
[probe] gc=648 kind=Nursery modbuf_objs=0 region_entries=0 satb_nodes=0 copied=0 scanned=109537 | cum modbuf=0 region=1941 satb=1 copied=0 scanned=53574116
[probe] gc=649 kind=Nursery modbuf_objs=0 region_entries=0 satb_nodes=0 copied=0 scanned=109639 | cum modbuf=0 region=1941 satb=1 copied=0 scanned=53683755
[probe] gc=650 kind=Nursery modbuf_objs=0 region_entries=0 satb_nodes=0 copied=0 scanned=109356 | cum modbuf=0 region=1941 satb=1 copied=0 scanned=53793111
[probe] gc=651 kind=Nursery modbuf_objs=0 region_entries=0 satb_nodes=0 copied=0 scanned=109520 | cum modbuf=0 region=1941 satb=1 copied=0 scanned=53902631
[probe] gc=652 kind=Nursery modbuf_objs=0 region_entries=0 satb_nodes=0 copied=0 scanned=109704 | cum modbuf=0 region=1941 satb=1 copied=0 scanned=54012335
[probe] gc=653 kind=Nursery modbuf_objs=0 region_entries=0 satb_nodes=0 copied=0 scanned=109386 | cum modbuf=0 region=1941 satb=1 copied=0 scanned=54121721
[probe] gc=654 kind=Nursery modbuf_objs=0 region_entries=0 satb_nodes=0 copied=0 scanned=109452 | cum modbuf=0 region=1941 satb=1 copied=0 scanned=54231173
[probe] gc=655 kind=Nursery modbuf_objs=0 region_entries=0 satb_nodes=0 copied=0 scanned=109701 | cum modbuf=0 region=1941 satb=1 copied=0 scanned=54340874
[probe] gc=656 kind=Nursery modbuf_objs=0 region_entries=0 satb_nodes=0 copied=0 scanned=109471 | cum modbuf=0 region=1941 satb=1 copied=0 scanned=54450345
[probe] gc=657 kind=Nursery modbuf_objs=0 region_entries=0 satb_nodes=0 copied=0 scanned=109368 | cum modbuf=0 region=1941 satb=1 copied=0 scanned=54559713
[probe] gc=658 kind=Nursery modbuf_objs=0 region_entries=0 satb_nodes=0 copied=0 scanned=109679 | cum modbuf=0 region=1941 satb=1 copied=0 scanned=54669392
[probe] gc=659 kind=Nursery modbuf_objs=0 region_entries=0 satb_nodes=0 copied=0 scanned=109470 | cum modbuf=0 region=1941 satb=1 copied=0 scanned=54778862
[probe] gc=660 kind=Nursery modbuf_objs=0 region_entries=0 satb_nodes=0 copied=0 scanned=109458 | cum modbuf=0 region=1941 satb=1 copied=0 scanned=54888320
[probe] gc=661 kind=Nursery modbuf_objs=0 region_entries=0 satb_nodes=0 copied=0 scanned=109592 | cum modbuf=0 region=1941 satb=1 copied=0 scanned=54997912
[probe] gc=662 kind=Nursery modbuf_objs=0 region_entries=0 satb_nodes=0 copied=0 scanned=109568 | cum modbuf=0 region=1941 satb=1 copied=0 scanned=55107480
[probe] gc=663 kind=Nursery modbuf_objs=0 region_entries=0 satb_nodes=0 copied=0 scanned=109444 | cum modbuf=0 region=1941 satb=1 copied=0 scanned=55216924
[probe] gc=664 kind=Nursery modbuf_objs=0 region_entries=0 satb_nodes=0 copied=0 scanned=109484 | cum modbuf=0 region=1941 satb=1 copied=0 scanned=55326408
[probe] gc=665 kind=Nursery modbuf_objs=0 region_entries=0 satb_nodes=0 copied=0 scanned=109681 | cum modbuf=0 region=1941 satb=1 copied=0 scanned=55436089
[probe] gc=666 kind=Nursery modbuf_objs=0 region_entries=0 satb_nodes=0 copied=0 scanned=109384 | cum modbuf=0 region=1941 satb=1 copied=0 scanned=55545473
[probe] gc=667 kind=Full modbuf_objs=0 region_entries=0 satb_nodes=0 copied=0 scanned=0 | cum modbuf=0 region=1941 satb=1 copied=0 scanned=55545473
[probe] gc=668 kind=Nursery modbuf_objs=0 region_entries=0 satb_nodes=0 copied=0 scanned=109445 | cum modbuf=0 region=1941 satb=1 copied=0 scanned=55654918
[probe] gc=669 kind=Nursery modbuf_objs=0 region_entries=0 satb_nodes=0 copied=0 scanned=109472 | cum modbuf=0 region=1941 satb=1 copied=0 scanned=55764390
[probe] gc=670 kind=Nursery modbuf_objs=0 region_entries=0 satb_nodes=0 copied=0 scanned=109685 | cum modbuf=0 region=1941 satb=1 copied=0 scanned=55874075
[probe] gc=671 kind=Nursery modbuf_objs=0 region_entries=0 satb_nodes=0 copied=0 scanned=109480 | cum modbuf=0 region=1941 satb=1 copied=0 scanned=55983555
[probe] gc=672 kind=Nursery modbuf_objs=0 region_entries=0 satb_nodes=0 copied=0 scanned=109357 | cum modbuf=0 region=1941 satb=1 copied=0 scanned=56092912
[probe] gc=673 kind=Nursery modbuf_objs=0 region_entries=0 satb_nodes=0 copied=0 scanned=109679 | cum modbuf=0 region=1941 satb=1 copied=0 scanned=56202591
[probe] gc=674 kind=Nursery modbuf_objs=0 region_entries=0 satb_nodes=0 copied=0 scanned=109484 | cum modbuf=0 region=1941 satb=1 copied=0 scanned=56312075
[probe] gc=675 kind=Nursery modbuf_objs=0 region_entries=0 satb_nodes=0 copied=0 scanned=109445 | cum modbuf=0 region=1941 satb=1 copied=0 scanned=56421520
[probe] gc=676 kind=Nursery modbuf_objs=0 region_entries=0 satb_nodes=0 copied=0 scanned=109577 | cum modbuf=0 region=1941 satb=1 copied=0 scanned=56531097
[probe] gc=677 kind=Nursery modbuf_objs=0 region_entries=0 satb_nodes=0 copied=0 scanned=109582 | cum modbuf=0 region=1941 satb=1 copied=0 scanned=56640679
[probe] gc=678 kind=Nursery modbuf_objs=0 region_entries=0 satb_nodes=0 copied=0 scanned=109452 | cum modbuf=0 region=1941 satb=1 copied=0 scanned=56750131
[probe] gc=679 kind=Nursery modbuf_objs=0 region_entries=0 satb_nodes=0 copied=0 scanned=109476 | cum modbuf=0 region=1941 satb=1 copied=0 scanned=56859607
[probe] gc=680 kind=Nursery modbuf_objs=0 region_entries=0 satb_nodes=0 copied=0 scanned=109679 | cum modbuf=0 region=1941 satb=1 copied=0 scanned=56969286
[probe] gc=681 kind=Nursery modbuf_objs=0 region_entries=0 satb_nodes=0 copied=0 scanned=109388 | cum modbuf=0 region=1941 satb=1 copied=0 scanned=57078674
[probe] gc=682 kind=Nursery modbuf_objs=0 region_entries=0 satb_nodes=0 copied=0 scanned=109452 | cum modbuf=0 region=1941 satb=1 copied=0 scanned=57188126
[probe] gc=683 kind=Nursery modbuf_objs=0 region_entries=0 satb_nodes=0 copied=0 scanned=109711 | cum modbuf=0 region=1941 satb=1 copied=0 scanned=57297837
[probe] gc=684 kind=Nursery modbuf_objs=0 region_entries=0 satb_nodes=0 copied=0 scanned=109443 | cum modbuf=0 region=1941 satb=1 copied=0 scanned=57407280
[probe] gc=685 kind=Nursery modbuf_objs=0 region_entries=0 satb_nodes=0 copied=0 scanned=109404 | cum modbuf=0 region=1941 satb=1 copied=0 scanned=57516684
[probe] gc=686 kind=Nursery modbuf_objs=0 region_entries=0 satb_nodes=0 copied=0 scanned=109692 | cum modbuf=0 region=1941 satb=1 copied=0 scanned=57626376
[probe] gc=687 kind=Nursery modbuf_objs=0 region_entries=0 satb_nodes=0 copied=0 scanned=109509 | cum modbuf=0 region=1941 satb=1 copied=0 scanned=57735885
[probe] gc=688 kind=Nursery modbuf_objs=0 region_entries=0 satb_nodes=0 copied=0 scanned=109388 | cum modbuf=0 region=1941 satb=1 copied=0 scanned=57845273
[probe] gc=689 kind=Nursery modbuf_objs=0 region_entries=0 satb_nodes=0 copied=0 scanned=109623 | cum modbuf=0 region=1941 satb=1 copied=0 scanned=57954896
[probe] gc=690 kind=Nursery modbuf_objs=0 region_entries=0 satb_nodes=0 copied=0 scanned=109542 | cum modbuf=0 region=1941 satb=1 copied=0 scanned=58064438
[probe] gc=691 kind=Nursery modbuf_objs=0 region_entries=0 satb_nodes=0 copied=0 scanned=109447 | cum modbuf=0 region=1941 satb=1 copied=0 scanned=58173885
[probe] gc=692 kind=Nursery modbuf_objs=0 region_entries=0 satb_nodes=0 copied=0 scanned=109514 | cum modbuf=0 region=1941 satb=1 copied=0 scanned=58283399
[probe] gc=693 kind=Nursery modbuf_objs=0 region_entries=0 satb_nodes=0 copied=0 scanned=109641 | cum modbuf=0 region=1941 satb=1 copied=0 scanned=58393040
[probe] gc=694 kind=Nursery modbuf_objs=0 region_entries=0 satb_nodes=0 copied=0 scanned=109426 | cum modbuf=0 region=1941 satb=1 copied=0 scanned=58502466
[probe] gc=695 kind=Nursery modbuf_objs=0 region_entries=0 satb_nodes=0 copied=0 scanned=109448 | cum modbuf=0 region=1941 satb=1 copied=0 scanned=58611914
[probe] gc=696 kind=Nursery modbuf_objs=0 region_entries=0 satb_nodes=0 copied=0 scanned=109737 | cum modbuf=0 region=1941 satb=1 copied=0 scanned=58721651
[probe] gc=697 kind=Nursery modbuf_objs=0 region_entries=0 satb_nodes=0 copied=0 scanned=109385 | cum modbuf=0 region=1941 satb=1 copied=0 scanned=58831036
[probe] gc=698 kind=Nursery modbuf_objs=0 region_entries=0 satb_nodes=0 copied=0 scanned=109442 | cum modbuf=0 region=1941 satb=1 copied=0 scanned=58940478
[probe] gc=699 kind=Nursery modbuf_objs=0 region_entries=0 satb_nodes=0 copied=0 scanned=109679 | cum modbuf=0 region=1941 satb=1 copied=0 scanned=59050157
[probe] gc=700 kind=Nursery modbuf_objs=0 region_entries=0 satb_nodes=0 copied=0 scanned=109482 | cum modbuf=0 region=1941 satb=1 copied=0 scanned=59159639
[probe] gc=701 kind=Nursery modbuf_objs=0 region_entries=0 satb_nodes=0 copied=0 scanned=109362 | cum modbuf=0 region=1941 satb=1 copied=0 scanned=59269001
[probe] gc=702 kind=Nursery modbuf_objs=0 region_entries=0 satb_nodes=0 copied=0 scanned=109675 | cum modbuf=0 region=1941 satb=1 copied=0 scanned=59378676
[probe] gc=703 kind=Nursery modbuf_objs=0 region_entries=0 satb_nodes=0 copied=0 scanned=109580 | cum modbuf=0 region=1941 satb=1 copied=0 scanned=59488256
[probe] gc=704 kind=Nursery modbuf_objs=0 region_entries=0 satb_nodes=0 copied=0 scanned=109370 | cum modbuf=0 region=1941 satb=1 copied=0 scanned=59597626
[probe] gc=705 kind=Nursery modbuf_objs=0 region_entries=0 satb_nodes=0 copied=0 scanned=109568 | cum modbuf=0 region=1941 satb=1 copied=0 scanned=59707194
[probe] gc=706 kind=Nursery modbuf_objs=0 region_entries=0 satb_nodes=0 copied=0 scanned=109583 | cum modbuf=0 region=1941 satb=1 copied=0 scanned=59816777
[probe] gc=707 kind=Nursery modbuf_objs=0 region_entries=0 satb_nodes=0 copied=0 scanned=109462 | cum modbuf=0 region=1941 satb=1 copied=0 scanned=59926239
[probe] gc=708 kind=Nursery modbuf_objs=0 region_entries=0 satb_nodes=0 copied=0 scanned=109454 | cum modbuf=0 region=1941 satb=1 copied=0 scanned=60035693
[probe] gc=709 kind=Nursery modbuf_objs=0 region_entries=0 satb_nodes=0 copied=0 scanned=109707 | cum modbuf=0 region=1941 satb=1 copied=0 scanned=60145400
[probe] gc=710 kind=Nursery modbuf_objs=0 region_entries=0 satb_nodes=0 copied=0 scanned=109400 | cum modbuf=0 region=1941 satb=1 copied=0 scanned=60254800
[probe] gc=711 kind=Nursery modbuf_objs=0 region_entries=0 satb_nodes=0 copied=0 scanned=109413 | cum modbuf=0 region=1941 satb=1 copied=0 scanned=60364213
[probe] gc=712 kind=Nursery modbuf_objs=0 region_entries=0 satb_nodes=0 copied=0 scanned=109741 | cum modbuf=0 region=1941 satb=1 copied=0 scanned=60473954
[probe] gc=713 kind=Nursery modbuf_objs=0 region_entries=0 satb_nodes=0 copied=0 scanned=109417 | cum modbuf=0 region=1941 satb=1 copied=0 scanned=60583371
[probe] gc=714 kind=Nursery modbuf_objs=0 region_entries=0 satb_nodes=0 copied=0 scanned=109466 | cum modbuf=0 region=1941 satb=1 copied=0 scanned=60692837
[probe] gc=715 kind=Nursery modbuf_objs=0 region_entries=0 satb_nodes=0 copied=0 scanned=109621 | cum modbuf=0 region=1941 satb=1 copied=0 scanned=60802458
[probe] gc=716 kind=Nursery modbuf_objs=0 region_entries=0 satb_nodes=0 copied=0 scanned=109540 | cum modbuf=0 region=1941 satb=1 copied=0 scanned=60911998
[probe] gc=717 kind=Nursery modbuf_objs=0 region_entries=0 satb_nodes=0 copied=0 scanned=109377 | cum modbuf=0 region=1941 satb=1 copied=0 scanned=61021375
[probe] gc=718 kind=Nursery modbuf_objs=0 region_entries=0 satb_nodes=0 copied=0 scanned=109597 | cum modbuf=0 region=1941 satb=1 copied=0 scanned=61130972
[probe] gc=719 kind=Nursery modbuf_objs=0 region_entries=0 satb_nodes=0 copied=0 scanned=108219 | cum modbuf=0 region=1941 satb=1 copied=0 scanned=61239191
[probe] gc=720 kind=Nursery modbuf_objs=0 region_entries=0 satb_nodes=0 copied=0 scanned=108136 | cum modbuf=0 region=1941 satb=1 copied=0 scanned=61347327
[probe] gc=721 kind=Nursery modbuf_objs=0 region_entries=0 satb_nodes=0 copied=0 scanned=108099 | cum modbuf=0 region=1941 satb=1 copied=0 scanned=61455426
[probe] gc=722 kind=Nursery modbuf_objs=0 region_entries=0 satb_nodes=0 copied=0 scanned=108038 | cum modbuf=0 region=1941 satb=1 copied=0 scanned=61563464
[probe] gc=723 kind=Nursery modbuf_objs=0 region_entries=0 satb_nodes=0 copied=0 scanned=108122 | cum modbuf=0 region=1941 satb=1 copied=0 scanned=61671586
[probe] gc=724 kind=Nursery modbuf_objs=0 region_entries=0 satb_nodes=0 copied=0 scanned=108021 | cum modbuf=0 region=1941 satb=1 copied=0 scanned=61779607
[probe] gc=725 kind=Nursery modbuf_objs=0 region_entries=0 satb_nodes=0 copied=0 scanned=108113 | cum modbuf=0 region=1941 satb=1 copied=0 scanned=61887720
[probe] gc=726 kind=Nursery modbuf_objs=0 region_entries=0 satb_nodes=0 copied=0 scanned=108140 | cum modbuf=0 region=1941 satb=1 copied=0 scanned=61995860
[probe] gc=727 kind=Nursery modbuf_objs=0 region_entries=0 satb_nodes=0 copied=0 scanned=108201 | cum modbuf=0 region=1941 satb=1 copied=0 scanned=62104061
[probe] gc=728 kind=Nursery modbuf_objs=0 region_entries=0 satb_nodes=0 copied=0 scanned=108171 | cum modbuf=0 region=1941 satb=1 copied=0 scanned=62212232
[probe] gc=729 kind=Nursery modbuf_objs=0 region_entries=0 satb_nodes=0 copied=0 scanned=108099 | cum modbuf=0 region=1941 satb=1 copied=0 scanned=62320331
[probe] gc=730 kind=Nursery modbuf_objs=0 region_entries=0 satb_nodes=0 copied=0 scanned=108044 | cum modbuf=0 region=1941 satb=1 copied=0 scanned=62428375
[probe] gc=731 kind=Nursery modbuf_objs=0 region_entries=0 satb_nodes=0 copied=0 scanned=108103 | cum modbuf=0 region=1941 satb=1 copied=0 scanned=62536478
[probe] gc=732 kind=Nursery modbuf_objs=0 region_entries=0 satb_nodes=0 copied=0 scanned=108031 | cum modbuf=0 region=1941 satb=1 copied=0 scanned=62644509
[probe] gc=733 kind=Nursery modbuf_objs=0 region_entries=0 satb_nodes=0 copied=0 scanned=108096 | cum modbuf=0 region=1941 satb=1 copied=0 scanned=62752605
[probe] gc=734 kind=Nursery modbuf_objs=0 region_entries=0 satb_nodes=0 copied=0 scanned=108122 | cum modbuf=0 region=1941 satb=1 copied=0 scanned=62860727
[probe] gc=735 kind=Nursery modbuf_objs=0 region_entries=0 satb_nodes=0 copied=0 scanned=108200 | cum modbuf=0 region=1941 satb=1 copied=0 scanned=62968927
[probe] gc=736 kind=Nursery modbuf_objs=0 region_entries=0 satb_nodes=0 copied=0 scanned=108183 | cum modbuf=0 region=1941 satb=1 copied=0 scanned=63077110
[probe] gc=737 kind=Nursery modbuf_objs=0 region_entries=0 satb_nodes=0 copied=0 scanned=108099 | cum modbuf=0 region=1941 satb=1 copied=0 scanned=63185209
[probe] gc=738 kind=Nursery modbuf_objs=0 region_entries=0 satb_nodes=0 copied=0 scanned=108065 | cum modbuf=0 region=1941 satb=1 copied=0 scanned=63293274
[probe] gc=739 kind=Nursery modbuf_objs=0 region_entries=0 satb_nodes=0 copied=0 scanned=108081 | cum modbuf=0 region=1941 satb=1 copied=0 scanned=63401355
[probe] gc=740 kind=Nursery modbuf_objs=0 region_entries=0 satb_nodes=0 copied=0 scanned=108084 | cum modbuf=0 region=1941 satb=1 copied=0 scanned=63509439
[probe] gc=741 kind=Nursery modbuf_objs=0 region_entries=0 satb_nodes=0 copied=0 scanned=108044 | cum modbuf=0 region=1941 satb=1 copied=0 scanned=63617483
[probe] gc=742 kind=Nursery modbuf_objs=0 region_entries=0 satb_nodes=0 copied=0 scanned=108132 | cum modbuf=0 region=1941 satb=1 copied=0 scanned=63725615
[probe] gc=743 kind=Nursery modbuf_objs=0 region_entries=0 satb_nodes=0 copied=0 scanned=108186 | cum modbuf=0 region=1941 satb=1 copied=0 scanned=63833801
[probe] gc=744 kind=Nursery modbuf_objs=0 region_entries=0 satb_nodes=0 copied=0 scanned=108204 | cum modbuf=0 region=1941 satb=1 copied=0 scanned=63942005
[probe] gc=745 kind=Nursery modbuf_objs=0 region_entries=0 satb_nodes=0 copied=0 scanned=108105 | cum modbuf=0 region=1941 satb=1 copied=0 scanned=64050110
[probe] gc=746 kind=Nursery modbuf_objs=0 region_entries=0 satb_nodes=0 copied=0 scanned=108112 | cum modbuf=0 region=1941 satb=1 copied=0 scanned=64158222
[probe] gc=747 kind=Nursery modbuf_objs=0 region_entries=0 satb_nodes=0 copied=0 scanned=108032 | cum modbuf=0 region=1941 satb=1 copied=0 scanned=64266254
[probe] gc=748 kind=Nursery modbuf_objs=0 region_entries=0 satb_nodes=0 copied=0 scanned=108101 | cum modbuf=0 region=1941 satb=1 copied=0 scanned=64374355
[probe] gc=749 kind=Nursery modbuf_objs=0 region_entries=0 satb_nodes=0 copied=0 scanned=108031 | cum modbuf=0 region=1941 satb=1 copied=0 scanned=64482386
[probe] gc=750 kind=Nursery modbuf_objs=0 region_entries=0 satb_nodes=0 copied=0 scanned=108111 | cum modbuf=0 region=1941 satb=1 copied=0 scanned=64590497
[probe] gc=751 kind=Nursery modbuf_objs=0 region_entries=0 satb_nodes=0 copied=0 scanned=108176 | cum modbuf=0 region=1941 satb=1 copied=0 scanned=64698673
[probe] gc=752 kind=Nursery modbuf_objs=0 region_entries=0 satb_nodes=0 copied=0 scanned=108201 | cum modbuf=0 region=1941 satb=1 copied=0 scanned=64806874
[probe] gc=753 kind=Nursery modbuf_objs=0 region_entries=0 satb_nodes=0 copied=0 scanned=108125 | cum modbuf=0 region=1941 satb=1 copied=0 scanned=64914999
[probe] gc=754 kind=Nursery modbuf_objs=0 region_entries=0 satb_nodes=0 copied=0 scanned=108103 | cum modbuf=0 region=1941 satb=1 copied=0 scanned=65023102
[probe] gc=755 kind=Nursery modbuf_objs=0 region_entries=0 satb_nodes=0 copied=0 scanned=108032 | cum modbuf=0 region=1941 satb=1 copied=0 scanned=65131134
[probe] gc=756 kind=Nursery modbuf_objs=0 region_entries=0 satb_nodes=0 copied=0 scanned=108101 | cum modbuf=0 region=1941 satb=1 copied=0 scanned=65239235
[probe] gc=757 kind=Nursery modbuf_objs=0 region_entries=0 satb_nodes=0 copied=0 scanned=108051 | cum modbuf=0 region=1941 satb=1 copied=0 scanned=65347286
[probe] gc=758 kind=Nursery modbuf_objs=0 region_entries=0 satb_nodes=0 copied=0 scanned=108093 | cum modbuf=0 region=1941 satb=1 copied=0 scanned=65455379
[probe] gc=759 kind=Nursery modbuf_objs=0 region_entries=0 satb_nodes=0 copied=0 scanned=108173 | cum modbuf=0 region=1941 satb=1 copied=0 scanned=65563552
[probe] gc=760 kind=Nursery modbuf_objs=0 region_entries=0 satb_nodes=0 copied=0 scanned=108193 | cum modbuf=0 region=1941 satb=1 copied=0 scanned=65671745
[probe] gc=761 kind=Nursery modbuf_objs=0 region_entries=0 satb_nodes=0 copied=0 scanned=108202 | cum modbuf=0 region=1941 satb=1 copied=0 scanned=65779947
[probe] gc=762 kind=Nursery modbuf_objs=0 region_entries=0 satb_nodes=0 copied=0 scanned=108050 | cum modbuf=0 region=1941 satb=1 copied=0 scanned=65887997
[probe] gc=763 kind=Nursery modbuf_objs=0 region_entries=0 satb_nodes=0 copied=0 scanned=108094 | cum modbuf=0 region=1941 satb=1 copied=0 scanned=65996091
[probe] gc=764 kind=Nursery modbuf_objs=0 region_entries=0 satb_nodes=0 copied=0 scanned=108047 | cum modbuf=0 region=1941 satb=1 copied=0 scanned=66104138
[probe] gc=765 kind=Nursery modbuf_objs=0 region_entries=0 satb_nodes=0 copied=0 scanned=108095 | cum modbuf=0 region=1941 satb=1 copied=0 scanned=66212233
[probe] gc=766 kind=Nursery modbuf_objs=0 region_entries=0 satb_nodes=0 copied=0 scanned=108048 | cum modbuf=0 region=1941 satb=1 copied=0 scanned=66320281
[probe] gc=767 kind=Nursery modbuf_objs=0 region_entries=0 satb_nodes=0 copied=0 scanned=108146 | cum modbuf=0 region=1941 satb=1 copied=0 scanned=66428427
[probe] gc=768 kind=Nursery modbuf_objs=0 region_entries=0 satb_nodes=0 copied=0 scanned=108187 | cum modbuf=0 region=1941 satb=1 copied=0 scanned=66536614
[probe] gc=769 kind=Nursery modbuf_objs=0 region_entries=0 satb_nodes=0 copied=0 scanned=108200 | cum modbuf=0 region=1941 satb=1 copied=0 scanned=66644814
[probe] gc=770 kind=Nursery modbuf_objs=0 region_entries=0 satb_nodes=0 copied=0 scanned=108066 | cum modbuf=0 region=1941 satb=1 copied=0 scanned=66752880
[probe] gc=771 kind=Nursery modbuf_objs=0 region_entries=0 satb_nodes=0 copied=0 scanned=108102 | cum modbuf=0 region=1941 satb=1 copied=0 scanned=66860982
[probe] gc=772 kind=Nursery modbuf_objs=0 region_entries=0 satb_nodes=0 copied=0 scanned=108031 | cum modbuf=0 region=1941 satb=1 copied=0 scanned=66969013
[probe] gc=773 kind=Nursery modbuf_objs=0 region_entries=0 satb_nodes=0 copied=0 scanned=108111 | cum modbuf=0 region=1941 satb=1 copied=0 scanned=67077124
[probe] gc=774 kind=Nursery modbuf_objs=0 region_entries=0 satb_nodes=0 copied=0 scanned=108037 | cum modbuf=0 region=1941 satb=1 copied=0 scanned=67185161
[probe] gc=775 kind=Nursery modbuf_objs=0 region_entries=0 satb_nodes=0 copied=0 scanned=108131 | cum modbuf=0 region=1941 satb=1 copied=0 scanned=67293292
[probe] gc=776 kind=Nursery modbuf_objs=0 region_entries=0 satb_nodes=0 copied=0 scanned=108185 | cum modbuf=0 region=1941 satb=1 copied=0 scanned=67401477
[probe] gc=777 kind=Nursery modbuf_objs=0 region_entries=0 satb_nodes=0 copied=0 scanned=108202 | cum modbuf=0 region=1941 satb=1 copied=0 scanned=67509679
[probe] gc=778 kind=Nursery modbuf_objs=0 region_entries=0 satb_nodes=0 copied=0 scanned=108126 | cum modbuf=0 region=1941 satb=1 copied=0 scanned=67617805
[probe] gc=779 kind=Nursery modbuf_objs=0 region_entries=0 satb_nodes=0 copied=0 scanned=108054 | cum modbuf=0 region=1941 satb=1 copied=0 scanned=67725859
[probe] gc=780 kind=Nursery modbuf_objs=0 region_entries=0 satb_nodes=0 copied=0 scanned=108120 | cum modbuf=0 region=1941 satb=1 copied=0 scanned=67833979
[probe] gc=781 kind=Nursery modbuf_objs=0 region_entries=0 satb_nodes=0 copied=0 scanned=108023 | cum modbuf=0 region=1941 satb=1 copied=0 scanned=67942002
[probe] gc=782 kind=Nursery modbuf_objs=0 region_entries=0 satb_nodes=0 copied=0 scanned=108116 | cum modbuf=0 region=1941 satb=1 copied=0 scanned=68050118
[probe] gc=783 kind=Nursery modbuf_objs=0 region_entries=0 satb_nodes=0 copied=0 scanned=108041 | cum modbuf=0 region=1941 satb=1 copied=0 scanned=68158159
[probe] gc=784 kind=Nursery modbuf_objs=0 region_entries=0 satb_nodes=0 copied=0 scanned=108199 | cum modbuf=0 region=1941 satb=1 copied=0 scanned=68266358
[probe] gc=785 kind=Nursery modbuf_objs=0 region_entries=0 satb_nodes=0 copied=0 scanned=108187 | cum modbuf=0 region=1941 satb=1 copied=0 scanned=68374545
[probe] gc=786 kind=Nursery modbuf_objs=0 region_entries=0 satb_nodes=0 copied=0 scanned=108183 | cum modbuf=0 region=1941 satb=1 copied=0 scanned=68482728
[probe] gc=787 kind=Nursery modbuf_objs=0 region_entries=0 satb_nodes=0 copied=0 scanned=108038 | cum modbuf=0 region=1941 satb=1 copied=0 scanned=68590766
[probe] gc=788 kind=Nursery modbuf_objs=0 region_entries=0 satb_nodes=0 copied=0 scanned=108111 | cum modbuf=0 region=1941 satb=1 copied=0 scanned=68698877
[probe] gc=789 kind=Nursery modbuf_objs=0 region_entries=0 satb_nodes=0 copied=0 scanned=108035 | cum modbuf=0 region=1941 satb=1 copied=0 scanned=68806912
[probe] gc=790 kind=Nursery modbuf_objs=0 region_entries=0 satb_nodes=0 copied=0 scanned=108092 | cum modbuf=0 region=1941 satb=1 copied=0 scanned=68915004
[probe] gc=791 kind=Nursery modbuf_objs=0 region_entries=0 satb_nodes=0 copied=0 scanned=108036 | cum modbuf=0 region=1941 satb=1 copied=0 scanned=69023040
[probe] gc=792 kind=Nursery modbuf_objs=0 region_entries=0 satb_nodes=0 copied=0 scanned=108187 | cum modbuf=0 region=1941 satb=1 copied=0 scanned=69131227
[probe] gc=793 kind=Nursery modbuf_objs=0 region_entries=0 satb_nodes=0 copied=0 scanned=108184 | cum modbuf=0 region=1941 satb=1 copied=0 scanned=69239411
[probe] gc=794 kind=Nursery modbuf_objs=0 region_entries=0 satb_nodes=0 copied=0 scanned=108196 | cum modbuf=0 region=1941 satb=1 copied=0 scanned=69347607
[probe] gc=795 kind=Nursery modbuf_objs=0 region_entries=0 satb_nodes=0 copied=0 scanned=108036 | cum modbuf=0 region=1941 satb=1 copied=0 scanned=69455643
[probe] gc=796 kind=Nursery modbuf_objs=0 region_entries=0 satb_nodes=0 copied=0 scanned=108112 | cum modbuf=0 region=1941 satb=1 copied=0 scanned=69563755
[probe] gc=797 kind=Nursery modbuf_objs=0 region_entries=0 satb_nodes=0 copied=0 scanned=108075 | cum modbuf=0 region=1941 satb=1 copied=0 scanned=69671830
[probe] gc=798 kind=Nursery modbuf_objs=0 region_entries=0 satb_nodes=0 copied=0 scanned=108052 | cum modbuf=0 region=1941 satb=1 copied=0 scanned=69779882
[probe] gc=799 kind=Nursery modbuf_objs=0 region_entries=0 satb_nodes=0 copied=0 scanned=108109 | cum modbuf=0 region=1941 satb=1 copied=0 scanned=69887991
[probe] gc=800 kind=Nursery modbuf_objs=0 region_entries=0 satb_nodes=0 copied=0 scanned=108108 | cum modbuf=0 region=1941 satb=1 copied=0 scanned=69996099
[probe] gc=801 kind=Nursery modbuf_objs=0 region_entries=0 satb_nodes=0 copied=0 scanned=108202 | cum modbuf=0 region=1941 satb=1 copied=0 scanned=70104301
[probe] gc=802 kind=Nursery modbuf_objs=0 region_entries=0 satb_nodes=0 copied=0 scanned=108184 | cum modbuf=0 region=1941 satb=1 copied=0 scanned=70212485
[probe] gc=803 kind=Nursery modbuf_objs=0 region_entries=0 satb_nodes=0 copied=0 scanned=108133 | cum modbuf=0 region=1941 satb=1 copied=0 scanned=70320618
[probe] gc=804 kind=Nursery modbuf_objs=0 region_entries=0 satb_nodes=0 copied=0 scanned=108041 | cum modbuf=0 region=1941 satb=1 copied=0 scanned=70428659
[probe] gc=805 kind=Nursery modbuf_objs=0 region_entries=0 satb_nodes=0 copied=0 scanned=108096 | cum modbuf=0 region=1941 satb=1 copied=0 scanned=70536755
[probe] gc=806 kind=Nursery modbuf_objs=0 region_entries=0 satb_nodes=0 copied=0 scanned=108036 | cum modbuf=0 region=1941 satb=1 copied=0 scanned=70644791
[probe] gc=807 kind=Nursery modbuf_objs=0 region_entries=0 satb_nodes=0 copied=0 scanned=108101 | cum modbuf=0 region=1941 satb=1 copied=0 scanned=70752892
[probe] gc=808 kind=Nursery modbuf_objs=0 region_entries=0 satb_nodes=0 copied=0 scanned=108076 | cum modbuf=0 region=1941 satb=1 copied=0 scanned=70860968
[probe] gc=809 kind=Nursery modbuf_objs=0 region_entries=0 satb_nodes=0 copied=0 scanned=108203 | cum modbuf=0 region=1941 satb=1 copied=0 scanned=70969171
[probe] gc=810 kind=Nursery modbuf_objs=0 region_entries=0 satb_nodes=0 copied=0 scanned=108184 | cum modbuf=0 region=1941 satb=1 copied=0 scanned=71077355
[probe] gc=811 kind=Nursery modbuf_objs=0 region_entries=0 satb_nodes=0 copied=0 scanned=108146 | cum modbuf=0 region=1941 satb=1 copied=0 scanned=71185501
[probe] gc=812 kind=Nursery modbuf_objs=0 region_entries=0 satb_nodes=0 copied=0 scanned=108036 | cum modbuf=0 region=1941 satb=1 copied=0 scanned=71293537
[probe] gc=813 kind=Nursery modbuf_objs=0 region_entries=0 satb_nodes=0 copied=0 scanned=108091 | cum modbuf=0 region=1941 satb=1 copied=0 scanned=71401628
[probe] gc=814 kind=Nursery modbuf_objs=0 region_entries=0 satb_nodes=0 copied=0 scanned=108040 | cum modbuf=0 region=1941 satb=1 copied=0 scanned=71509668
[probe] gc=815 kind=Nursery modbuf_objs=0 region_entries=0 satb_nodes=0 copied=0 scanned=108111 | cum modbuf=0 region=1941 satb=1 copied=0 scanned=71617779
[probe] gc=816 kind=Nursery modbuf_objs=0 region_entries=0 satb_nodes=0 copied=0 scanned=108066 | cum modbuf=0 region=1941 satb=1 copied=0 scanned=71725845
[probe] gc=817 kind=Nursery modbuf_objs=0 region_entries=0 satb_nodes=0 copied=0 scanned=108193 | cum modbuf=0 region=1941 satb=1 copied=0 scanned=71834038
[probe] gc=818 kind=Nursery modbuf_objs=0 region_entries=0 satb_nodes=0 copied=0 scanned=108199 | cum modbuf=0 region=1941 satb=1 copied=0 scanned=71942237
[probe] gc=819 kind=Nursery modbuf_objs=0 region_entries=0 satb_nodes=0 copied=0 scanned=108162 | cum modbuf=0 region=1941 satb=1 copied=0 scanned=72050399
[probe] gc=820 kind=Nursery modbuf_objs=0 region_entries=0 satb_nodes=0 copied=0 scanned=108094 | cum modbuf=0 region=1941 satb=1 copied=0 scanned=72158493
[probe] gc=821 kind=Nursery modbuf_objs=0 region_entries=0 satb_nodes=0 copied=0 scanned=108043 | cum modbuf=0 region=1941 satb=1 copied=0 scanned=72266536
[probe] gc=822 kind=Nursery modbuf_objs=0 region_entries=0 satb_nodes=0 copied=0 scanned=108090 | cum modbuf=0 region=1941 satb=1 copied=0 scanned=72374626
[probe] gc=823 kind=Nursery modbuf_objs=0 region_entries=0 satb_nodes=0 copied=0 scanned=108057 | cum modbuf=0 region=1941 satb=1 copied=0 scanned=72482683
[probe] gc=824 kind=Nursery modbuf_objs=0 region_entries=0 satb_nodes=0 copied=0 scanned=108085 | cum modbuf=0 region=1941 satb=1 copied=0 scanned=72590768
[probe] gc=825 kind=Nursery modbuf_objs=0 region_entries=0 satb_nodes=0 copied=0 scanned=108133 | cum modbuf=0 region=1941 satb=1 copied=0 scanned=72698901
[probe] gc=826 kind=Nursery modbuf_objs=0 region_entries=0 satb_nodes=0 copied=0 scanned=108199 | cum modbuf=0 region=1941 satb=1 copied=0 scanned=72807100
[probe] gc=827 kind=Nursery modbuf_objs=0 region_entries=0 satb_nodes=0 copied=0 scanned=108183 | cum modbuf=0 region=1941 satb=1 copied=0 scanned=72915283
[probe] gc=828 kind=Nursery modbuf_objs=0 region_entries=0 satb_nodes=0 copied=0 scanned=108100 | cum modbuf=0 region=1941 satb=1 copied=0 scanned=73023383
[probe] gc=829 kind=Full modbuf_objs=0 region_entries=0 satb_nodes=0 copied=0 scanned=0 | cum modbuf=0 region=1941 satb=1 copied=0 scanned=73023383
[probe] gc=830 kind=Nursery modbuf_objs=0 region_entries=0 satb_nodes=0 copied=0 scanned=108185 | cum modbuf=0 region=1941 satb=1 copied=0 scanned=73131568
[probe] gc=831 kind=Nursery modbuf_objs=0 region_entries=0 satb_nodes=0 copied=0 scanned=108142 | cum modbuf=0 region=1941 satb=1 copied=0 scanned=73239710
[probe] gc=832 kind=Nursery modbuf_objs=0 region_entries=0 satb_nodes=0 copied=0 scanned=108054 | cum modbuf=0 region=1941 satb=1 copied=0 scanned=73347764
[probe] gc=833 kind=Nursery modbuf_objs=0 region_entries=0 satb_nodes=0 copied=0 scanned=108094 | cum modbuf=0 region=1941 satb=1 copied=0 scanned=73455858
[probe] gc=834 kind=Nursery modbuf_objs=0 region_entries=0 satb_nodes=0 copied=0 scanned=108072 | cum modbuf=0 region=1941 satb=1 copied=0 scanned=73563930
[probe] gc=835 kind=Nursery modbuf_objs=0 region_entries=0 satb_nodes=0 copied=0 scanned=108057 | cum modbuf=0 region=1941 satb=1 copied=0 scanned=73671987
[probe] gc=836 kind=Nursery modbuf_objs=0 region_entries=0 satb_nodes=0 copied=0 scanned=108112 | cum modbuf=0 region=1941 satb=1 copied=0 scanned=73780099
[probe] gc=837 kind=Nursery modbuf_objs=0 region_entries=0 satb_nodes=0 copied=0 scanned=108154 | cum modbuf=0 region=1941 satb=1 copied=0 scanned=73888253
[probe] gc=838 kind=Nursery modbuf_objs=0 region_entries=0 satb_nodes=0 copied=0 scanned=108202 | cum modbuf=0 region=1941 satb=1 copied=0 scanned=73996455
[probe] gc=839 kind=Nursery modbuf_objs=0 region_entries=0 satb_nodes=0 copied=0 scanned=108135 | cum modbuf=0 region=1941 satb=1 copied=0 scanned=74104590
[probe] gc=840 kind=Nursery modbuf_objs=0 region_entries=0 satb_nodes=0 copied=0 scanned=108111 | cum modbuf=0 region=1941 satb=1 copied=0 scanned=74212701
[probe] gc=841 kind=Nursery modbuf_objs=0 region_entries=0 satb_nodes=0 copied=0 scanned=108037 | cum modbuf=0 region=1941 satb=1 copied=0 scanned=74320738
[probe] gc=842 kind=Nursery modbuf_objs=0 region_entries=0 satb_nodes=0 copied=0 scanned=108098 | cum modbuf=0 region=1941 satb=1 copied=0 scanned=74428836
[probe] gc=843 kind=Nursery modbuf_objs=0 region_entries=0 satb_nodes=0 copied=0 scanned=108031 | cum modbuf=0 region=1941 satb=1 copied=0 scanned=74536867
[probe] gc=844 kind=Nursery modbuf_objs=0 region_entries=0 satb_nodes=0 copied=0 scanned=108111 | cum modbuf=0 region=1941 satb=1 copied=0 scanned=74644978
[probe] gc=845 kind=Nursery modbuf_objs=0 region_entries=0 satb_nodes=0 copied=0 scanned=108141 | cum modbuf=0 region=1941 satb=1 copied=0 scanned=74753119
[probe] gc=846 kind=Nursery modbuf_objs=0 region_entries=0 satb_nodes=0 copied=0 scanned=108198 | cum modbuf=0 region=1941 satb=1 copied=0 scanned=74861317
[probe] gc=847 kind=Nursery modbuf_objs=0 region_entries=0 satb_nodes=0 copied=0 scanned=108172 | cum modbuf=0 region=1941 satb=1 copied=0 scanned=74969489
[probe] gc=848 kind=Nursery modbuf_objs=0 region_entries=0 satb_nodes=0 copied=0 scanned=108104 | cum modbuf=0 region=1941 satb=1 copied=0 scanned=75077593
[probe] gc=849 kind=Nursery modbuf_objs=0 region_entries=0 satb_nodes=0 copied=0 scanned=108031 | cum modbuf=0 region=1941 satb=1 copied=0 scanned=75185624
[probe] gc=850 kind=Nursery modbuf_objs=0 region_entries=0 satb_nodes=0 copied=0 scanned=108106 | cum modbuf=0 region=1941 satb=1 copied=0 scanned=75293730
[probe] gc=851 kind=Nursery modbuf_objs=0 region_entries=0 satb_nodes=0 copied=0 scanned=108038 | cum modbuf=0 region=1941 satb=1 copied=0 scanned=75401768
[probe] gc=852 kind=Nursery modbuf_objs=0 region_entries=0 satb_nodes=0 copied=0 scanned=108105 | cum modbuf=0 region=1941 satb=1 copied=0 scanned=75509873
[probe] gc=853 kind=Nursery modbuf_objs=0 region_entries=0 satb_nodes=0 copied=0 scanned=108119 | cum modbuf=0 region=1941 satb=1 copied=0 scanned=75617992
[probe] gc=854 kind=Nursery modbuf_objs=0 region_entries=0 satb_nodes=0 copied=0 scanned=108192 | cum modbuf=0 region=1941 satb=1 copied=0 scanned=75726184
[probe] gc=855 kind=Nursery modbuf_objs=0 region_entries=0 satb_nodes=0 copied=0 scanned=108204 | cum modbuf=0 region=1941 satb=1 copied=0 scanned=75834388
[probe] gc=856 kind=Nursery modbuf_objs=0 region_entries=0 satb_nodes=0 copied=0 scanned=108094 | cum modbuf=0 region=1941 satb=1 copied=0 scanned=75942482
[probe] gc=857 kind=Nursery modbuf_objs=0 region_entries=0 satb_nodes=0 copied=0 scanned=108098 | cum modbuf=0 region=1941 satb=1 copied=0 scanned=76050580
[probe] gc=858 kind=Nursery modbuf_objs=0 region_entries=0 satb_nodes=0 copied=0 scanned=108031 | cum modbuf=0 region=1941 satb=1 copied=0 scanned=76158611
[probe] gc=859 kind=Nursery modbuf_objs=0 region_entries=0 satb_nodes=0 copied=0 scanned=108112 | cum modbuf=0 region=1941 satb=1 copied=0 scanned=76266723
[probe] gc=860 kind=Nursery modbuf_objs=0 region_entries=0 satb_nodes=0 copied=0 scanned=108038 | cum modbuf=0 region=1941 satb=1 copied=0 scanned=76374761
[probe] gc=861 kind=Nursery modbuf_objs=0 region_entries=0 satb_nodes=0 copied=0 scanned=108104 | cum modbuf=0 region=1941 satb=1 copied=0 scanned=76482865
[probe] gc=862 kind=Nursery modbuf_objs=0 region_entries=0 satb_nodes=0 copied=0 scanned=108186 | cum modbuf=0 region=1941 satb=1 copied=0 scanned=76591051
[probe] gc=863 kind=Nursery modbuf_objs=0 region_entries=0 satb_nodes=0 copied=0 scanned=108206 | cum modbuf=0 region=1941 satb=1 copied=0 scanned=76699257
[probe] gc=864 kind=Nursery modbuf_objs=0 region_entries=0 satb_nodes=0 copied=0 scanned=108114 | cum modbuf=0 region=1941 satb=1 copied=0 scanned=76807371
[probe] gc=865 kind=Nursery modbuf_objs=0 region_entries=0 satb_nodes=0 copied=0 scanned=108087 | cum modbuf=0 region=1941 satb=1 copied=0 scanned=76915458
[probe] gc=866 kind=Nursery modbuf_objs=0 region_entries=0 satb_nodes=0 copied=0 scanned=108043 | cum modbuf=0 region=1941 satb=1 copied=0 scanned=77023501
[probe] gc=867 kind=Nursery modbuf_objs=0 region_entries=0 satb_nodes=0 copied=0 scanned=108100 | cum modbuf=0 region=1941 satb=1 copied=0 scanned=77131601
[probe] gc=868 kind=Nursery modbuf_objs=0 region_entries=0 satb_nodes=0 copied=0 scanned=108049 | cum modbuf=0 region=1941 satb=1 copied=0 scanned=77239650
[probe] gc=869 kind=Nursery modbuf_objs=0 region_entries=0 satb_nodes=0 copied=0 scanned=108087 | cum modbuf=0 region=1941 satb=1 copied=0 scanned=77347737
[probe] gc=870 kind=Nursery modbuf_objs=0 region_entries=0 satb_nodes=0 copied=0 scanned=108184 | cum modbuf=0 region=1941 satb=1 copied=0 scanned=77455921
[probe] gc=871 kind=Nursery modbuf_objs=0 region_entries=0 satb_nodes=0 copied=0 scanned=108201 | cum modbuf=0 region=1941 satb=1 copied=0 scanned=77564122
[probe] gc=872 kind=Nursery modbuf_objs=0 region_entries=0 satb_nodes=0 copied=0 scanned=108173 | cum modbuf=0 region=1941 satb=1 copied=0 scanned=77672295
[probe] gc=873 kind=Nursery modbuf_objs=0 region_entries=0 satb_nodes=0 copied=0 scanned=108070 | cum modbuf=0 region=1941 satb=1 copied=0 scanned=77780365
[probe] gc=874 kind=Nursery modbuf_objs=0 region_entries=0 satb_nodes=0 copied=0 scanned=108104 | cum modbuf=0 region=1941 satb=1 copied=0 scanned=77888469
[probe] gc=875 kind=Nursery modbuf_objs=0 region_entries=0 satb_nodes=0 copied=0 scanned=108039 | cum modbuf=0 region=1941 satb=1 copied=0 scanned=77996508
[probe] gc=876 kind=Nursery modbuf_objs=0 region_entries=0 satb_nodes=0 copied=0 scanned=108100 | cum modbuf=0 region=1941 satb=1 copied=0 scanned=78104608
[probe] gc=877 kind=Nursery modbuf_objs=0 region_entries=0 satb_nodes=0 copied=0 scanned=108036 | cum modbuf=0 region=1941 satb=1 copied=0 scanned=78212644
[probe] gc=878 kind=Nursery modbuf_objs=0 region_entries=0 satb_nodes=0 copied=0 scanned=108161 | cum modbuf=0 region=1941 satb=1 copied=0 scanned=78320805
[probe] gc=879 kind=Nursery modbuf_objs=0 region_entries=0 satb_nodes=0 copied=0 scanned=108185 | cum modbuf=0 region=1941 satb=1 copied=0 scanned=78428990
[probe] gc=880 kind=Nursery modbuf_objs=0 region_entries=0 satb_nodes=0 copied=0 scanned=108199 | cum modbuf=0 region=1941 satb=1 copied=0 scanned=78537189
[probe] gc=881 kind=Nursery modbuf_objs=0 region_entries=0 satb_nodes=0 copied=0 scanned=108051 | cum modbuf=0 region=1941 satb=1 copied=0 scanned=78645240
[probe] gc=882 kind=Nursery modbuf_objs=0 region_entries=0 satb_nodes=0 copied=0 scanned=108111 | cum modbuf=0 region=1941 satb=1 copied=0 scanned=78753351
[probe] gc=883 kind=Nursery modbuf_objs=0 region_entries=0 satb_nodes=0 copied=0 scanned=108036 | cum modbuf=0 region=1941 satb=1 copied=0 scanned=78861387
[probe] gc=884 kind=Nursery modbuf_objs=0 region_entries=0 satb_nodes=0 copied=0 scanned=108098 | cum modbuf=0 region=1941 satb=1 copied=0 scanned=78969485
[probe] gc=885 kind=Nursery modbuf_objs=0 region_entries=0 satb_nodes=0 copied=0 scanned=108036 | cum modbuf=0 region=1941 satb=1 copied=0 scanned=79077521
[probe] gc=886 kind=Nursery modbuf_objs=0 region_entries=0 satb_nodes=0 copied=0 scanned=108147 | cum modbuf=0 region=1941 satb=1 copied=0 scanned=79185668
[probe] gc=887 kind=Nursery modbuf_objs=0 region_entries=0 satb_nodes=0 copied=0 scanned=108188 | cum modbuf=0 region=1941 satb=1 copied=0 scanned=79293856
[probe] gc=888 kind=Nursery modbuf_objs=0 region_entries=0 satb_nodes=0 copied=0 scanned=108202 | cum modbuf=0 region=1941 satb=1 copied=0 scanned=79402058
[probe] gc=889 kind=Nursery modbuf_objs=0 region_entries=0 satb_nodes=0 copied=0 scanned=108074 | cum modbuf=0 region=1941 satb=1 copied=0 scanned=79510132
[probe] gc=890 kind=Nursery modbuf_objs=0 region_entries=0 satb_nodes=0 copied=0 scanned=108123 | cum modbuf=0 region=1941 satb=1 copied=0 scanned=79618255
[probe] gc=891 kind=Nursery modbuf_objs=0 region_entries=0 satb_nodes=0 copied=0 scanned=108063 | cum modbuf=0 region=1941 satb=1 copied=0 scanned=79726318
[probe] gc=892 kind=Nursery modbuf_objs=0 region_entries=0 satb_nodes=0 copied=0 scanned=108071 | cum modbuf=0 region=1941 satb=1 copied=0 scanned=79834389
[probe] gc=893 kind=Nursery modbuf_objs=0 region_entries=0 satb_nodes=0 copied=0 scanned=108091 | cum modbuf=0 region=1941 satb=1 copied=0 scanned=79942480
[probe] gc=894 kind=Nursery modbuf_objs=0 region_entries=0 satb_nodes=0 copied=0 scanned=108062 | cum modbuf=0 region=1941 satb=1 copied=0 scanned=80050542
[probe] gc=895 kind=Nursery modbuf_objs=0 region_entries=0 satb_nodes=0 copied=0 scanned=108200 | cum modbuf=0 region=1941 satb=1 copied=0 scanned=80158742
[probe] gc=896 kind=Nursery modbuf_objs=0 region_entries=0 satb_nodes=0 copied=0 scanned=108184 | cum modbuf=0 region=1941 satb=1 copied=0 scanned=80266926
[probe] gc=897 kind=Nursery modbuf_objs=0 region_entries=0 satb_nodes=0 copied=0 scanned=108168 | cum modbuf=0 region=1941 satb=1 copied=0 scanned=80375094
[probe] gc=898 kind=Nursery modbuf_objs=0 region_entries=0 satb_nodes=0 copied=0 scanned=108039 | cum modbuf=0 region=1941 satb=1 copied=0 scanned=80483133
[probe] gc=899 kind=Nursery modbuf_objs=0 region_entries=0 satb_nodes=0 copied=0 scanned=108099 | cum modbuf=0 region=1941 satb=1 copied=0 scanned=80591232
[probe] gc=900 kind=Nursery modbuf_objs=0 region_entries=0 satb_nodes=0 copied=0 scanned=108036 | cum modbuf=0 region=1941 satb=1 copied=0 scanned=80699268
[probe] gc=901 kind=Nursery modbuf_objs=0 region_entries=0 satb_nodes=0 copied=0 scanned=108101 | cum modbuf=0 region=1941 satb=1 copied=0 scanned=80807369
[probe] gc=902 kind=Nursery modbuf_objs=0 region_entries=0 satb_nodes=0 copied=0 scanned=108042 | cum modbuf=0 region=1941 satb=1 copied=0 scanned=80915411
[probe] gc=903 kind=Nursery modbuf_objs=0 region_entries=0 satb_nodes=0 copied=0 scanned=108199 | cum modbuf=0 region=1941 satb=1 copied=0 scanned=81023610
[probe] gc=904 kind=Nursery modbuf_objs=0 region_entries=0 satb_nodes=0 copied=0 scanned=108185 | cum modbuf=0 region=1941 satb=1 copied=0 scanned=81131795
[probe] gc=905 kind=Nursery modbuf_objs=0 region_entries=0 satb_nodes=0 copied=0 scanned=108195 | cum modbuf=0 region=1941 satb=1 copied=0 scanned=81239990
[probe] gc=906 kind=Nursery modbuf_objs=0 region_entries=0 satb_nodes=0 copied=0 scanned=108035 | cum modbuf=0 region=1941 satb=1 copied=0 scanned=81348025
[probe] gc=907 kind=Nursery modbuf_objs=0 region_entries=0 satb_nodes=0 copied=0 scanned=108105 | cum modbuf=0 region=1941 satb=1 copied=0 scanned=81456130
[probe] gc=908 kind=Nursery modbuf_objs=0 region_entries=0 satb_nodes=0 copied=0 scanned=108026 | cum modbuf=0 region=1941 satb=1 copied=0 scanned=81564156
[probe] gc=909 kind=Nursery modbuf_objs=0 region_entries=0 satb_nodes=0 copied=0 scanned=108116 | cum modbuf=0 region=1941 satb=1 copied=0 scanned=81672272
[probe] gc=910 kind=Nursery modbuf_objs=0 region_entries=0 satb_nodes=0 copied=0 scanned=108056 | cum modbuf=0 region=1941 satb=1 copied=0 scanned=81780328
[probe] gc=911 kind=Nursery modbuf_objs=0 region_entries=0 satb_nodes=0 copied=0 scanned=108149 | cum modbuf=0 region=1941 satb=1 copied=0 scanned=81888477
[probe] gc=912 kind=Nursery modbuf_objs=0 region_entries=0 satb_nodes=0 copied=0 scanned=108199 | cum modbuf=0 region=1941 satb=1 copied=0 scanned=81996676
[probe] gc=913 kind=Nursery modbuf_objs=0 region_entries=0 satb_nodes=0 copied=0 scanned=108187 | cum modbuf=0 region=1941 satb=1 copied=0 scanned=82104863
[probe] gc=914 kind=Nursery modbuf_objs=0 region_entries=0 satb_nodes=0 copied=0 scanned=108118 | cum modbuf=0 region=1941 satb=1 copied=0 scanned=82212981
[probe] gc=915 kind=Nursery modbuf_objs=0 region_entries=0 satb_nodes=0 copied=0 scanned=108031 | cum modbuf=0 region=1941 satb=1 copied=0 scanned=82321012
[probe] gc=916 kind=Nursery modbuf_objs=0 region_entries=0 satb_nodes=0 copied=0 scanned=108100 | cum modbuf=0 region=1941 satb=1 copied=0 scanned=82429112
[probe] gc=917 kind=Nursery modbuf_objs=0 region_entries=0 satb_nodes=0 copied=0 scanned=108042 | cum modbuf=0 region=1941 satb=1 copied=0 scanned=82537154
[probe] gc=918 kind=Nursery modbuf_objs=0 region_entries=0 satb_nodes=0 copied=0 scanned=108101 | cum modbuf=0 region=1941 satb=1 copied=0 scanned=82645255
[probe] gc=919 kind=Nursery modbuf_objs=0 region_entries=0 satb_nodes=0 copied=0 scanned=108084 | cum modbuf=0 region=1941 satb=1 copied=0 scanned=82753339
[probe] gc=920 kind=Nursery modbuf_objs=0 region_entries=0 satb_nodes=0 copied=0 scanned=108201 | cum modbuf=0 region=1941 satb=1 copied=0 scanned=82861540
[probe] gc=921 kind=Nursery modbuf_objs=0 region_entries=0 satb_nodes=0 copied=0 scanned=108186 | cum modbuf=0 region=1941 satb=1 copied=0 scanned=82969726
[probe] gc=922 kind=Nursery modbuf_objs=0 region_entries=0 satb_nodes=0 copied=0 scanned=108133 | cum modbuf=0 region=1941 satb=1 copied=0 scanned=83077859
[probe] gc=923 kind=Nursery modbuf_objs=0 region_entries=0 satb_nodes=0 copied=0 scanned=108042 | cum modbuf=0 region=1941 satb=1 copied=0 scanned=83185901
[probe] gc=924 kind=Nursery modbuf_objs=0 region_entries=0 satb_nodes=0 copied=0 scanned=108091 | cum modbuf=0 region=1941 satb=1 copied=0 scanned=83293992
[probe] gc=925 kind=Nursery modbuf_objs=0 region_entries=0 satb_nodes=0 copied=0 scanned=108052 | cum modbuf=0 region=1941 satb=1 copied=0 scanned=83402044
[probe] gc=926 kind=Nursery modbuf_objs=0 region_entries=0 satb_nodes=0 copied=0 scanned=108091 | cum modbuf=0 region=1941 satb=1 copied=0 scanned=83510135
[probe] gc=927 kind=Nursery modbuf_objs=0 region_entries=0 satb_nodes=0 copied=0 scanned=108073 | cum modbuf=0 region=1941 satb=1 copied=0 scanned=83618208
[probe] gc=928 kind=Nursery modbuf_objs=0 region_entries=0 satb_nodes=0 copied=0 scanned=108200 | cum modbuf=0 region=1941 satb=1 copied=0 scanned=83726408
[probe] gc=929 kind=Nursery modbuf_objs=0 region_entries=0 satb_nodes=0 copied=0 scanned=108191 | cum modbuf=0 region=1941 satb=1 copied=0 scanned=83834599
[probe] gc=930 kind=Nursery modbuf_objs=0 region_entries=0 satb_nodes=0 copied=0 scanned=108158 | cum modbuf=0 region=1941 satb=1 copied=0 scanned=83942757
[probe] gc=931 kind=Nursery modbuf_objs=0 region_entries=0 satb_nodes=0 copied=0 scanned=108085 | cum modbuf=0 region=1941 satb=1 copied=0 scanned=84050842
[probe] gc=932 kind=Nursery modbuf_objs=0 region_entries=0 satb_nodes=0 copied=0 scanned=108057 | cum modbuf=0 region=1941 satb=1 copied=0 scanned=84158899
[probe] gc=933 kind=Nursery modbuf_objs=0 region_entries=0 satb_nodes=0 copied=0 scanned=108101 | cum modbuf=0 region=1941 satb=1 copied=0 scanned=84267000
[probe] gc=934 kind=Nursery modbuf_objs=0 region_entries=0 satb_nodes=0 copied=0 scanned=108037 | cum modbuf=0 region=1941 satb=1 copied=0 scanned=84375037
[probe] gc=935 kind=Nursery modbuf_objs=0 region_entries=0 satb_nodes=0 copied=0 scanned=108094 | cum modbuf=0 region=1941 satb=1 copied=0 scanned=84483131
[probe] gc=936 kind=Nursery modbuf_objs=0 region_entries=0 satb_nodes=0 copied=0 scanned=108139 | cum modbuf=0 region=1941 satb=1 copied=0 scanned=84591270
[probe] gc=937 kind=Nursery modbuf_objs=0 region_entries=0 satb_nodes=0 copied=0 scanned=108199 | cum modbuf=0 region=1941 satb=1 copied=0 scanned=84699469
[probe] gc=938 kind=Nursery modbuf_objs=0 region_entries=0 satb_nodes=0 copied=0 scanned=108165 | cum modbuf=0 region=1941 satb=1 copied=0 scanned=84807634
[probe] gc=939 kind=Nursery modbuf_objs=0 region_entries=0 satb_nodes=0 copied=0 scanned=108101 | cum modbuf=0 region=1941 satb=1 copied=0 scanned=84915735
[probe] gc=940 kind=Nursery modbuf_objs=0 region_entries=0 satb_nodes=0 copied=0 scanned=108044 | cum modbuf=0 region=1941 satb=1 copied=0 scanned=85023779
[probe] gc=941 kind=Nursery modbuf_objs=0 region_entries=0 satb_nodes=0 copied=0 scanned=108099 | cum modbuf=0 region=1941 satb=1 copied=0 scanned=85131878
[probe] gc=942 kind=Nursery modbuf_objs=0 region_entries=0 satb_nodes=0 copied=0 scanned=108036 | cum modbuf=0 region=1941 satb=1 copied=0 scanned=85239914
[probe] gc=943 kind=Nursery modbuf_objs=0 region_entries=0 satb_nodes=0 copied=0 scanned=108095 | cum modbuf=0 region=1941 satb=1 copied=0 scanned=85348009
[probe] gc=944 kind=Nursery modbuf_objs=0 region_entries=0 satb_nodes=0 copied=0 scanned=108129 | cum modbuf=0 region=1941 satb=1 copied=0 scanned=85456138
[probe] gc=945 kind=Nursery modbuf_objs=0 region_entries=0 satb_nodes=0 copied=0 scanned=108200 | cum modbuf=0 region=1941 satb=1 copied=0 scanned=85564338
[probe] gc=946 kind=Nursery modbuf_objs=0 region_entries=0 satb_nodes=0 copied=0 scanned=524233 | cum modbuf=0 region=1941 satb=1 copied=0 scanned=86088571
[probe] gc=947 kind=Nursery modbuf_objs=0 region_entries=0 satb_nodes=0 copied=0 scanned=655350 | cum modbuf=0 region=1941 satb=1 copied=0 scanned=86743921
[probe] gc=948 kind=Nursery modbuf_objs=0 region_entries=0 satb_nodes=0 copied=0 scanned=655350 | cum modbuf=0 region=1941 satb=1 copied=0 scanned=87399271
[probe] gc=949 kind=Nursery modbuf_objs=0 region_entries=0 satb_nodes=0 copied=0 scanned=655350 | cum modbuf=0 region=1941 satb=1 copied=0 scanned=88054621
[probe] gc=950 kind=Nursery modbuf_objs=0 region_entries=0 satb_nodes=0 copied=0 scanned=655350 | cum modbuf=0 region=1941 satb=1 copied=0 scanned=88709971
[probe] gc=951 kind=Nursery modbuf_objs=0 region_entries=0 satb_nodes=0 copied=0 scanned=655350 | cum modbuf=0 region=1941 satb=1 copied=0 scanned=89365321
[probe] gc=952 kind=Nursery modbuf_objs=0 region_entries=0 satb_nodes=0 copied=0 scanned=655350 | cum modbuf=0 region=1941 satb=1 copied=0 scanned=90020671
[probe] gc=953 kind=Nursery modbuf_objs=0 region_entries=0 satb_nodes=0 copied=0 scanned=655350 | cum modbuf=0 region=1941 satb=1 copied=0 scanned=90676021
[probe] gc=954 kind=Nursery modbuf_objs=0 region_entries=0 satb_nodes=0 copied=0 scanned=655350 | cum modbuf=0 region=1941 satb=1 copied=0 scanned=91331371
[probe] gc=955 kind=Nursery modbuf_objs=0 region_entries=0 satb_nodes=0 copied=0 scanned=655350 | cum modbuf=0 region=1941 satb=1 copied=0 scanned=91986721
[probe] gc=956 kind=Nursery modbuf_objs=0 region_entries=0 satb_nodes=0 copied=0 scanned=655350 | cum modbuf=0 region=1941 satb=1 copied=0 scanned=92642071
[probe] gc=957 kind=Nursery modbuf_objs=0 region_entries=0 satb_nodes=0 copied=0 scanned=655350 | cum modbuf=0 region=1941 satb=1 copied=0 scanned=93297421
[probe] gc=958 kind=Nursery modbuf_objs=0 region_entries=0 satb_nodes=0 copied=0 scanned=655350 | cum modbuf=0 region=1941 satb=1 copied=0 scanned=93952771
[probe] gc=959 kind=Nursery modbuf_objs=0 region_entries=0 satb_nodes=0 copied=0 scanned=655350 | cum modbuf=0 region=1941 satb=1 copied=0 scanned=94608121
[probe] gc=960 kind=Nursery modbuf_objs=0 region_entries=0 satb_nodes=0 copied=0 scanned=655350 | cum modbuf=0 region=1941 satb=1 copied=0 scanned=95263471
[probe] gc=961 kind=Nursery modbuf_objs=0 region_entries=0 satb_nodes=0 copied=0 scanned=655350 | cum modbuf=0 region=1941 satb=1 copied=0 scanned=95918821
[probe] gc=962 kind=Nursery modbuf_objs=0 region_entries=0 satb_nodes=0 copied=0 scanned=655350 | cum modbuf=0 region=1941 satb=1 copied=0 scanned=96574171
[probe] gc=963 kind=Nursery modbuf_objs=0 region_entries=0 satb_nodes=0 copied=0 scanned=655350 | cum modbuf=0 region=1941 satb=1 copied=0 scanned=97229521
[probe] gc=964 kind=Nursery modbuf_objs=0 region_entries=0 satb_nodes=0 copied=0 scanned=655350 | cum modbuf=0 region=1941 satb=1 copied=0 scanned=97884871
[probe] gc=965 kind=Nursery modbuf_objs=0 region_entries=0 satb_nodes=0 copied=0 scanned=655350 | cum modbuf=0 region=1941 satb=1 copied=0 scanned=98540221
[probe] gc=966 kind=Nursery modbuf_objs=0 region_entries=0 satb_nodes=0 copied=0 scanned=655350 | cum modbuf=0 region=1941 satb=1 copied=0 scanned=99195571
[probe] gc=967 kind=Nursery modbuf_objs=0 region_entries=0 satb_nodes=0 copied=0 scanned=655350 | cum modbuf=0 region=1941 satb=1 copied=0 scanned=99850921
[probe] gc=968 kind=Nursery modbuf_objs=0 region_entries=0 satb_nodes=0 copied=0 scanned=655350 | cum modbuf=0 region=1941 satb=1 copied=0 scanned=100506271
[probe] gc=969 kind=Nursery modbuf_objs=0 region_entries=0 satb_nodes=0 copied=0 scanned=655350 | cum modbuf=0 region=1941 satb=1 copied=0 scanned=101161621
[probe] gc=970 kind=Nursery modbuf_objs=0 region_entries=0 satb_nodes=0 copied=0 scanned=655350 | cum modbuf=0 region=1941 satb=1 copied=0 scanned=101816971
[probe] gc=971 kind=Nursery modbuf_objs=0 region_entries=0 satb_nodes=0 copied=0 scanned=655350 | cum modbuf=0 region=1941 satb=1 copied=0 scanned=102472321
[probe] gc=972 kind=Nursery modbuf_objs=0 region_entries=0 satb_nodes=0 copied=0 scanned=655350 | cum modbuf=0 region=1941 satb=1 copied=0 scanned=103127671
[probe] gc=973 kind=Nursery modbuf_objs=0 region_entries=0 satb_nodes=0 copied=0 scanned=655350 | cum modbuf=0 region=1941 satb=1 copied=0 scanned=103783021
[probe] gc=974 kind=Nursery modbuf_objs=0 region_entries=0 satb_nodes=0 copied=0 scanned=655350 | cum modbuf=0 region=1941 satb=1 copied=0 scanned=104438371
[probe] gc=975 kind=Nursery modbuf_objs=0 region_entries=0 satb_nodes=0 copied=0 scanned=655350 | cum modbuf=0 region=1941 satb=1 copied=0 scanned=105093721
[probe] gc=976 kind=Nursery modbuf_objs=0 region_entries=0 satb_nodes=0 copied=0 scanned=655350 | cum modbuf=0 region=1941 satb=1 copied=0 scanned=105749071
[probe] gc=977 kind=Nursery modbuf_objs=0 region_entries=0 satb_nodes=0 copied=0 scanned=655350 | cum modbuf=0 region=1941 satb=1 copied=0 scanned=106404421
[probe] gc=978 kind=Nursery modbuf_objs=0 region_entries=0 satb_nodes=0 copied=0 scanned=655350 | cum modbuf=0 region=1941 satb=1 copied=0 scanned=107059771
[probe] gc=979 kind=Nursery modbuf_objs=0 region_entries=0 satb_nodes=0 copied=0 scanned=655350 | cum modbuf=0 region=1941 satb=1 copied=0 scanned=107715121
[probe] gc=980 kind=Nursery modbuf_objs=0 region_entries=0 satb_nodes=0 copied=0 scanned=655350 | cum modbuf=0 region=1941 satb=1 copied=0 scanned=108370471
[probe] gc=981 kind=Nursery modbuf_objs=0 region_entries=0 satb_nodes=0 copied=0 scanned=655350 | cum modbuf=0 region=1941 satb=1 copied=0 scanned=109025821
[probe] gc=982 kind=Nursery modbuf_objs=0 region_entries=0 satb_nodes=0 copied=0 scanned=655350 | cum modbuf=0 region=1941 satb=1 copied=0 scanned=109681171
[probe] gc=983 kind=Nursery modbuf_objs=0 region_entries=0 satb_nodes=0 copied=0 scanned=655350 | cum modbuf=0 region=1941 satb=1 copied=0 scanned=110336521
[probe] gc=984 kind=Nursery modbuf_objs=0 region_entries=0 satb_nodes=0 copied=0 scanned=655350 | cum modbuf=0 region=1941 satb=1 copied=0 scanned=110991871
[probe] gc=985 kind=Nursery modbuf_objs=0 region_entries=0 satb_nodes=0 copied=0 scanned=655350 | cum modbuf=0 region=1941 satb=1 copied=0 scanned=111647221
[probe] gc=986 kind=Nursery modbuf_objs=0 region_entries=0 satb_nodes=0 copied=0 scanned=655350 | cum modbuf=0 region=1941 satb=1 copied=0 scanned=112302571
[probe] gc=987 kind=Nursery modbuf_objs=0 region_entries=0 satb_nodes=0 copied=0 scanned=655350 | cum modbuf=0 region=1941 satb=1 copied=0 scanned=112957921
[probe] gc=988 kind=Nursery modbuf_objs=0 region_entries=0 satb_nodes=0 copied=0 scanned=655350 | cum modbuf=0 region=1941 satb=1 copied=0 scanned=113613271
[probe] gc=989 kind=Nursery modbuf_objs=0 region_entries=0 satb_nodes=0 copied=0 scanned=655350 | cum modbuf=0 region=1941 satb=1 copied=0 scanned=114268621
[probe] gc=990 kind=Nursery modbuf_objs=0 region_entries=0 satb_nodes=0 copied=0 scanned=655350 | cum modbuf=0 region=1941 satb=1 copied=0 scanned=114923971
[probe] gc=991 kind=Nursery modbuf_objs=0 region_entries=0 satb_nodes=0 copied=0 scanned=655350 | cum modbuf=0 region=1941 satb=1 copied=0 scanned=115579321
[probe] gc=992 kind=Nursery modbuf_objs=0 region_entries=0 satb_nodes=0 copied=0 scanned=655350 | cum modbuf=0 region=1941 satb=1 copied=0 scanned=116234671
[probe] gc=993 kind=Nursery modbuf_objs=0 region_entries=0 satb_nodes=0 copied=0 scanned=655350 | cum modbuf=0 region=1941 satb=1 copied=0 scanned=116890021
[probe] gc=994 kind=Nursery modbuf_objs=0 region_entries=0 satb_nodes=0 copied=0 scanned=655350 | cum modbuf=0 region=1941 satb=1 copied=0 scanned=117545371
[probe] gc=995 kind=Nursery modbuf_objs=0 region_entries=0 satb_nodes=0 copied=0 scanned=655350 | cum modbuf=0 region=1941 satb=1 copied=0 scanned=118200721
[probe] gc=996 kind=Nursery modbuf_objs=0 region_entries=0 satb_nodes=0 copied=0 scanned=655350 | cum modbuf=0 region=1941 satb=1 copied=0 scanned=118856071
[probe] gc=997 kind=Nursery modbuf_objs=0 region_entries=0 satb_nodes=0 copied=0 scanned=655350 | cum modbuf=0 region=1941 satb=1 copied=0 scanned=119511421
[probe] gc=998 kind=Nursery modbuf_objs=0 region_entries=0 satb_nodes=0 copied=0 scanned=655350 | cum modbuf=0 region=1941 satb=1 copied=0 scanned=120166771
[probe] gc=999 kind=Nursery modbuf_objs=0 region_entries=0 satb_nodes=0 copied=0 scanned=655350 | cum modbuf=0 region=1941 satb=1 copied=0 scanned=120822121
[probe] gc=1000 kind=Nursery modbuf_objs=0 region_entries=0 satb_nodes=0 copied=0 scanned=655350 | cum modbuf=0 region=1941 satb=1 copied=0 scanned=121477471
[probe] gc=1001 kind=Nursery modbuf_objs=0 region_entries=0 satb_nodes=0 copied=0 scanned=655350 | cum modbuf=0 region=1941 satb=1 copied=0 scanned=122132821
[probe] gc=1002 kind=Nursery modbuf_objs=0 region_entries=0 satb_nodes=0 copied=0 scanned=655350 | cum modbuf=0 region=1941 satb=1 copied=0 scanned=122788171
[probe] gc=1003 kind=Nursery modbuf_objs=0 region_entries=0 satb_nodes=0 copied=0 scanned=655350 | cum modbuf=0 region=1941 satb=1 copied=0 scanned=123443521
[probe] gc=1004 kind=Nursery modbuf_objs=0 region_entries=0 satb_nodes=0 copied=0 scanned=655350 | cum modbuf=0 region=1941 satb=1 copied=0 scanned=124098871
[probe] gc=1005 kind=Nursery modbuf_objs=0 region_entries=0 satb_nodes=0 copied=0 scanned=655350 | cum modbuf=0 region=1941 satb=1 copied=0 scanned=124754221
[probe] gc=1006 kind=Nursery modbuf_objs=0 region_entries=0 satb_nodes=0 copied=0 scanned=655350 | cum modbuf=0 region=1941 satb=1 copied=0 scanned=125409571
[probe] gc=1007 kind=Nursery modbuf_objs=0 region_entries=0 satb_nodes=0 copied=0 scanned=655350 | cum modbuf=0 region=1941 satb=1 copied=0 scanned=126064921
[probe] gc=1008 kind=Nursery modbuf_objs=0 region_entries=0 satb_nodes=0 copied=0 scanned=655350 | cum modbuf=0 region=1941 satb=1 copied=0 scanned=126720271
[probe] gc=1009 kind=Nursery modbuf_objs=0 region_entries=0 satb_nodes=0 copied=0 scanned=655350 | cum modbuf=0 region=1941 satb=1 copied=0 scanned=127375621
[mmtk] GCs: 1010 (full: 15), GC time: 63220 ms, objects copied: 127390113
