[pace] mature-alloc tick trigger by_mature=true by_cadence=false mature=119045p baseline=0p nb=473MB
[pace] slice gate: debt=0ms quantum=2.0ms minor_ewma=1.7ms tick=true worth=false feasible=true -> sliced
[pace] trigger by_mature=true by_cadence=false mature=119053p baseline=0p n=1 nb=16MB
[pace] trigger by_mature=true by_cadence=false mature=119061p baseline=0p n=2 nb=32MB
[pace] trigger by_mature=false by_cadence=true mature=119545p baseline=119061p n=59 nb=944MB
[pace] slice gate: debt=465ms quantum=13.3ms minor_ewma=0.3ms tick=false worth=true feasible=true -> sliced
[pace] trigger by_mature=false by_cadence=true mature=119529p baseline=119069p n=59 nb=944MB
[pace] slice gate: debt=465ms quantum=13.3ms minor_ewma=0.3ms tick=false worth=true feasible=true -> sliced
[pace] trigger by_mature=false by_cadence=true mature=119545p baseline=119069p n=59 nb=944MB
[pace] slice gate: debt=465ms quantum=13.3ms minor_ewma=0.3ms tick=false worth=true feasible=true -> sliced
[pace] trigger by_mature=false by_cadence=true mature=119545p baseline=119069p n=59 nb=944MB
[pace] slice gate: debt=465ms quantum=13.3ms minor_ewma=0.3ms tick=false worth=true feasible=true -> sliced
[pace] trigger by_mature=false by_cadence=true mature=119529p baseline=119061p n=59 nb=944MB
[pace] slice gate: debt=465ms quantum=13.3ms minor_ewma=0.3ms tick=false worth=true feasible=true -> sliced
[pace] trigger by_mature=false by_cadence=true mature=119517p baseline=119069p n=59 nb=944MB
[pace] slice gate: debt=465ms quantum=13.3ms minor_ewma=0.3ms tick=false worth=true feasible=true -> sliced
[pace] trigger by_mature=false by_cadence=true mature=119529p baseline=119069p n=59 nb=944MB
[pace] slice gate: debt=465ms quantum=13.3ms minor_ewma=0.3ms tick=false worth=true feasible=true -> sliced
[pace] trigger by_mature=false by_cadence=true mature=119517p baseline=119069p n=59 nb=944MB
[pace] slice gate: debt=465ms quantum=13.3ms minor_ewma=0.3ms tick=false worth=true feasible=true -> sliced
[pace] mature-alloc tick trigger by_mature=true by_cadence=false mature=215657p baseline=119053p nb=435MB
[pace] slice gate: debt=465ms quantum=5.2ms minor_ewma=0.3ms tick=true worth=true feasible=true -> sliced
[pace] trigger by_mature=false by_cadence=true mature=126014p baseline=97300p n=48 nb=768MB
[pace] slice gate: debt=380ms quantum=10.3ms minor_ewma=21.7ms tick=false worth=true feasible=true -> sliced
[pace] trigger by_mature=false by_cadence=true mature=154556p baseline=97300p n=48 nb=768MB
[pace] trigger by_mature=false by_cadence=true mature=155162p baseline=97300p n=49 nb=784MB
[pace] trigger by_mature=false by_cadence=true mature=155769p baseline=97300p n=50 nb=800MB
[pace] trigger by_mature=false by_cadence=true mature=156372p baseline=97300p n=51 nb=816MB
[pace] trigger by_mature=false by_cadence=true mature=156979p baseline=97300p n=52 nb=832MB
[pace] trigger by_mature=false by_cadence=true mature=157586p baseline=97300p n=53 nb=848MB
[pace] trigger by_mature=false by_cadence=true mature=158193p baseline=97300p n=54 nb=864MB
[pace] trigger by_mature=false by_cadence=true mature=158796p baseline=97300p n=55 nb=880MB
[pace] trigger by_mature=false by_cadence=true mature=159403p baseline=97300p n=56 nb=896MB
[pace] trigger by_mature=false by_cadence=true mature=160009p baseline=97300p n=57 nb=912MB
[pace] trigger by_mature=false by_cadence=true mature=160617p baseline=97300p n=58 nb=928MB
[pace] trigger by_mature=false by_cadence=true mature=161220p baseline=97300p n=59 nb=944MB
[pace] trigger by_mature=false by_cadence=true mature=161827p baseline=97300p n=60 nb=960MB
[pace] trigger by_mature=false by_cadence=true mature=162433p baseline=97300p n=61 nb=976MB
[pace] trigger by_mature=false by_cadence=true mature=163040p baseline=97300p n=62 nb=992MB
[pace] trigger by_mature=false by_cadence=true mature=163643p baseline=97300p n=63 nb=1008MB
[pace] trigger by_mature=false by_cadence=true mature=164251p baseline=97300p n=64 nb=1024MB
[pace] trigger by_mature=false by_cadence=true mature=164857p baseline=97300p n=65 nb=1040MB
[pace] trigger by_mature=false by_cadence=true mature=165464p baseline=97300p n=66 nb=1056MB
[pace] trigger by_mature=false by_cadence=true mature=166067p baseline=97300p n=67 nb=1072MB
[pace] trigger by_mature=false by_cadence=true mature=166674p baseline=97300p n=68 nb=1088MB
[pace] trigger by_mature=false by_cadence=true mature=167281p baseline=97300p n=69 nb=1104MB
[pace] trigger by_mature=false by_cadence=true mature=167890p baseline=97300p n=70 nb=1120MB
[pace] trigger by_mature=false by_cadence=true mature=168493p baseline=97300p n=71 nb=1136MB
[pace] trigger by_mature=false by_cadence=true mature=169100p baseline=97300p n=72 nb=1152MB
[pace] trigger by_mature=false by_cadence=true mature=169706p baseline=97300p n=73 nb=1168MB
[pace] trigger by_mature=false by_cadence=true mature=170314p baseline=97300p n=74 nb=1184MB
[pace] trigger by_mature=false by_cadence=true mature=170917p baseline=97300p n=75 nb=1200MB
[pace] trigger by_mature=false by_cadence=true mature=171524p baseline=97300p n=76 nb=1216MB
[pace] trigger by_mature=false by_cadence=true mature=172130p baseline=97300p n=77 nb=1232MB
[pace] trigger by_mature=false by_cadence=true mature=172737p baseline=97300p n=78 nb=1248MB
[pace] trigger by_mature=false by_cadence=true mature=173340p baseline=97300p n=79 nb=1264MB
[pace] trigger by_mature=false by_cadence=true mature=173948p baseline=97300p n=80 nb=1280MB
[pace] trigger by_mature=false by_cadence=true mature=174546p baseline=97300p n=81 nb=1296MB
[pace] trigger by_mature=false by_cadence=true mature=175141p baseline=97300p n=82 nb=1312MB
[pace] trigger by_mature=false by_cadence=true mature=175739p baseline=97300p n=83 nb=1328MB
[pace] trigger by_mature=false by_cadence=true mature=176338p baseline=97300p n=84 nb=1344MB
[pace] trigger by_mature=false by_cadence=true mature=176933p baseline=97300p n=85 nb=1360MB
[pace] trigger by_mature=false by_cadence=true mature=177532p baseline=97300p n=86 nb=1376MB
[pace] trigger by_mature=false by_cadence=true mature=178127p baseline=97300p n=87 nb=1392MB
[pace] trigger by_mature=false by_cadence=true mature=178726p baseline=97300p n=88 nb=1408MB
[pace] trigger by_mature=false by_cadence=true mature=179324p baseline=97300p n=89 nb=1424MB
[pace] trigger by_mature=false by_cadence=true mature=179919p baseline=97300p n=90 nb=1440MB
[pace] trigger by_mature=false by_cadence=true mature=180517p baseline=97300p n=91 nb=1456MB
[pace] trigger by_mature=false by_cadence=true mature=181117p baseline=97300p n=92 nb=1472MB
[pace] trigger by_mature=false by_cadence=true mature=181712p baseline=181712p n=93 nb=1488MB
[pace] slice gate: debt=710ms quantum=13.1ms minor_ewma=22.3ms tick=false worth=true feasible=true -> sliced
[pace] trigger by_mature=false by_cadence=true mature=234013p baseline=181712p n=89 nb=1424MB
[pace] trigger by_mature=false by_cadence=true mature=234613p baseline=181712p n=90 nb=1440MB
[pace] trigger by_mature=false by_cadence=true mature=235211p baseline=181712p n=91 nb=1456MB
[pace] trigger by_mature=false by_cadence=true mature=235806p baseline=181712p n=92 nb=1472MB
[pace] trigger by_mature=false by_cadence=true mature=236404p baseline=181712p n=93 nb=1488MB
[pace] trigger by_mature=false by_cadence=true mature=237003p baseline=181712p n=94 nb=1504MB
[pace] trigger by_mature=false by_cadence=true mature=237598p baseline=181712p n=95 nb=1520MB
[pace] trigger by_mature=false by_cadence=true mature=238197p baseline=181712p n=96 nb=1536MB
[pace] trigger by_mature=false by_cadence=true mature=238794p baseline=181712p n=97 nb=1552MB
[pace] trigger by_mature=false by_cadence=true mature=239393p baseline=181712p n=98 nb=1568MB
[pace] trigger by_mature=false by_cadence=true mature=239991p baseline=181712p n=99 nb=1584MB
[pace] trigger by_mature=false by_cadence=true mature=240586p baseline=181712p n=100 nb=1600MB
[pace] trigger by_mature=false by_cadence=true mature=241184p baseline=181712p n=101 nb=1616MB
[pace] trigger by_mature=false by_cadence=true mature=241784p baseline=181712p n=102 nb=1632MB
[pace] trigger by_mature=false by_cadence=true mature=242379p baseline=181712p n=103 nb=1648MB
[pace] trigger by_mature=false by_cadence=true mature=242977p baseline=181712p n=104 nb=1664MB
[pace] trigger by_mature=false by_cadence=true mature=243572p baseline=181712p n=105 nb=1680MB
[pace] trigger by_mature=false by_cadence=true mature=244171p baseline=181712p n=106 nb=1696MB
[pace] trigger by_mature=false by_cadence=true mature=244769p baseline=181712p n=107 nb=1712MB
[pace] trigger by_mature=false by_cadence=true mature=245364p baseline=181712p n=108 nb=1728MB
[pace] trigger by_mature=false by_cadence=true mature=245963p baseline=181712p n=109 nb=1744MB
[pace] trigger by_mature=false by_cadence=true mature=246562p baseline=181712p n=110 nb=1760MB
[pace] trigger by_mature=false by_cadence=true mature=247157p baseline=181712p n=111 nb=1776MB
[pace] trigger by_mature=false by_cadence=true mature=247755p baseline=181712p n=112 nb=1792MB
[pace] trigger by_mature=false by_cadence=true mature=248350p baseline=181712p n=113 nb=1808MB
[pace] trigger by_mature=false by_cadence=true mature=248949p baseline=181712p n=114 nb=1824MB
[pace] trigger by_mature=false by_cadence=true mature=249548p baseline=181712p n=115 nb=1840MB
[pace] trigger by_mature=false by_cadence=true mature=250143p baseline=181712p n=116 nb=1856MB
[pace] trigger by_mature=false by_cadence=true mature=250741p baseline=181712p n=117 nb=1872MB
[pace] trigger by_mature=false by_cadence=true mature=251340p baseline=181712p n=118 nb=1888MB
[pace] trigger by_mature=false by_cadence=true mature=251935p baseline=181712p n=119 nb=1904MB
[pace] trigger by_mature=false by_cadence=true mature=252533p baseline=181712p n=120 nb=1920MB
[pace] trigger by_mature=false by_cadence=true mature=253128p baseline=181712p n=121 nb=1936MB
[pace] trigger by_mature=false by_cadence=true mature=253728p baseline=181712p n=122 nb=1952MB
[pace] trigger by_mature=false by_cadence=true mature=254326p baseline=181712p n=123 nb=1968MB
[pace] trigger by_mature=false by_cadence=true mature=254921p baseline=181712p n=124 nb=1984MB
[pace] trigger by_mature=false by_cadence=true mature=255519p baseline=181712p n=125 nb=2000MB
[pace] trigger by_mature=false by_cadence=true mature=256118p baseline=181712p n=126 nb=2016MB
[pace] trigger by_mature=false by_cadence=true mature=256713p baseline=181712p n=127 nb=2032MB
[pace] trigger by_mature=false by_cadence=true mature=257312p baseline=181712p n=128 nb=2048MB
[pace] trigger by_mature=false by_cadence=true mature=257907p baseline=181712p n=129 nb=2064MB
[pace] trigger by_mature=false by_cadence=true mature=258506p baseline=181712p n=130 nb=2080MB
[pace] trigger by_mature=false by_cadence=true mature=259104p baseline=181712p n=131 nb=2096MB
[pace] trigger by_mature=false by_cadence=true mature=259699p baseline=181712p n=132 nb=2112MB
[pace] trigger by_mature=false by_cadence=true mature=260297p baseline=181712p n=133 nb=2128MB
[pace] trigger by_mature=false by_cadence=true mature=260897p baseline=181712p n=134 nb=2144MB
[pace] trigger by_mature=false by_cadence=true mature=261492p baseline=181712p n=135 nb=2160MB
[pace] trigger by_mature=false by_cadence=true mature=262090p baseline=181712p n=136 nb=2176MB
[pace] trigger by_mature=false by_cadence=true mature=262685p baseline=181712p n=137 nb=2192MB
[pace] trigger by_mature=false by_cadence=true mature=263284p baseline=181712p n=138 nb=2208MB
[pace] trigger by_mature=false by_cadence=true mature=263882p baseline=181712p n=139 nb=2224MB
[pace] trigger by_mature=false by_cadence=true mature=264477p baseline=181712p n=140 nb=2240MB
[pace] trigger by_mature=false by_cadence=true mature=265076p baseline=181712p n=141 nb=2256MB
[pace] trigger by_mature=false by_cadence=true mature=265675p baseline=181712p n=142 nb=2272MB
[pace] trigger by_mature=false by_cadence=true mature=266270p baseline=181712p n=143 nb=2288MB
[pace] trigger by_mature=false by_cadence=true mature=266868p baseline=181712p n=144 nb=2304MB
[pace] trigger by_mature=false by_cadence=true mature=267463p baseline=181712p n=145 nb=2320MB
[pace] trigger by_mature=false by_cadence=true mature=268062p baseline=181712p n=146 nb=2336MB
[pace] trigger by_mature=false by_cadence=true mature=268661p baseline=181712p n=147 nb=2352MB
[pace] trigger by_mature=false by_cadence=true mature=269256p baseline=181712p n=148 nb=2368MB
[pace] trigger by_mature=false by_cadence=true mature=269854p baseline=181712p n=149 nb=2384MB
[pace] trigger by_mature=false by_cadence=true mature=270453p baseline=181712p n=150 nb=2400MB
[pace] trigger by_mature=false by_cadence=true mature=271048p baseline=181712p n=151 nb=2416MB
[pace] trigger by_mature=false by_cadence=true mature=271646p baseline=181712p n=152 nb=2432MB
[pace] trigger by_mature=false by_cadence=true mature=272241p baseline=181712p n=153 nb=2448MB
[pace] trigger by_mature=false by_cadence=true mature=272841p baseline=181712p n=154 nb=2464MB
[pace] trigger by_mature=false by_cadence=true mature=273439p baseline=181712p n=155 nb=2480MB
[pace] trigger by_mature=false by_cadence=true mature=274036p baseline=181712p n=156 nb=2496MB
[pace] trigger by_mature=false by_cadence=true mature=274634p baseline=181712p n=157 nb=2512MB
[pace] trigger by_mature=false by_cadence=true mature=275233p baseline=181712p n=158 nb=2528MB
[pace] trigger by_mature=false by_cadence=true mature=275828p baseline=181712p n=159 nb=2544MB
[pace] trigger by_mature=false by_cadence=true mature=276427p baseline=181712p n=160 nb=2560MB
[pace] trigger by_mature=false by_cadence=true mature=277022p baseline=181712p n=161 nb=2576MB
[pace] trigger by_mature=false by_cadence=true mature=277621p baseline=181712p n=162 nb=2592MB
[pace] trigger by_mature=false by_cadence=true mature=278219p baseline=181712p n=163 nb=2608MB
[pace] trigger by_mature=false by_cadence=true mature=278814p baseline=181712p n=164 nb=2624MB
[pace] trigger by_mature=false by_cadence=true mature=279412p baseline=181712p n=165 nb=2640MB
[pace] trigger by_mature=false by_cadence=true mature=280012p baseline=181712p n=166 nb=2656MB
[pace] trigger by_mature=false by_cadence=true mature=280607p baseline=181712p n=167 nb=2672MB
[pace] trigger by_mature=false by_cadence=true mature=281205p baseline=181712p n=168 nb=2688MB
[pace] trigger by_mature=false by_cadence=true mature=281800p baseline=181712p n=169 nb=2704MB
[pace] trigger by_mature=false by_cadence=true mature=282399p baseline=181712p n=170 nb=2720MB
[pace] trigger by_mature=false by_cadence=true mature=282997p baseline=181712p n=171 nb=2736MB
[pace] trigger by_mature=false by_cadence=true mature=283592p baseline=181712p n=172 nb=2752MB
[pace] trigger by_mature=false by_cadence=true mature=284191p baseline=181712p n=173 nb=2768MB
[pace] trigger by_mature=false by_cadence=true mature=284790p baseline=181712p n=174 nb=2784MB
[pace] trigger by_mature=false by_cadence=true mature=285385p baseline=181712p n=175 nb=2800MB
[pace] trigger by_mature=false by_cadence=true mature=285983p baseline=181712p n=176 nb=2816MB
[pace] trigger by_mature=false by_cadence=true mature=286578p baseline=181712p n=177 nb=2832MB
[pace] trigger by_mature=false by_cadence=true mature=287177p baseline=181712p n=178 nb=2848MB
[pace] trigger by_mature=false by_cadence=true mature=287776p baseline=181712p n=179 nb=2864MB
[pace] trigger by_mature=false by_cadence=true mature=288371p baseline=181712p n=180 nb=2880MB
[pace] trigger by_mature=false by_cadence=true mature=288969p baseline=181712p n=181 nb=2896MB
[pace] trigger by_mature=false by_cadence=true mature=289568p baseline=181712p n=182 nb=2912MB
[pace] trigger by_mature=false by_cadence=true mature=290163p baseline=181712p n=183 nb=2928MB
[pace] trigger by_mature=false by_cadence=true mature=290761p baseline=181712p n=184 nb=2944MB
[pace] trigger by_mature=false by_cadence=true mature=291356p baseline=181712p n=185 nb=2960MB
[pace] trigger by_mature=false by_cadence=true mature=291956p baseline=181712p n=186 nb=2976MB
[pace] trigger by_mature=false by_cadence=true mature=292554p baseline=181712p n=187 nb=2992MB
[pace] trigger by_mature=false by_cadence=true mature=293149p baseline=181712p n=188 nb=3008MB
[pace] trigger by_mature=false by_cadence=true mature=293747p baseline=181712p n=189 nb=3024MB
[pace] trigger by_mature=false by_cadence=true mature=294346p baseline=181712p n=190 nb=3040MB
[pace] trigger by_mature=false by_cadence=true mature=294941p baseline=181712p n=191 nb=3056MB
[pace] trigger by_mature=false by_cadence=true mature=295540p baseline=181712p n=192 nb=3072MB
[pace] trigger by_mature=false by_cadence=true mature=296135p baseline=181712p n=193 nb=3088MB
[pace] trigger by_mature=false by_cadence=true mature=296734p baseline=181712p n=194 nb=3104MB
[pace] trigger by_mature=false by_cadence=true mature=297332p baseline=181712p n=195 nb=3120MB
[pace] trigger by_mature=false by_cadence=true mature=297927p baseline=181712p n=196 nb=3136MB
[pace] trigger by_mature=false by_cadence=true mature=298525p baseline=181712p n=197 nb=3152MB
[pace] trigger by_mature=false by_cadence=true mature=299125p baseline=181712p n=198 nb=3168MB
[pace] trigger by_mature=false by_cadence=true mature=299720p baseline=181712p n=199 nb=3184MB
[pace] trigger by_mature=false by_cadence=true mature=300318p baseline=181712p n=200 nb=3200MB
[pace] trigger by_mature=false by_cadence=true mature=300913p baseline=181712p n=201 nb=3216MB
[pace] trigger by_mature=false by_cadence=true mature=301512p baseline=181712p n=202 nb=3232MB
[pace] trigger by_mature=false by_cadence=true mature=302110p baseline=181712p n=203 nb=3248MB
[pace] trigger by_mature=false by_cadence=true mature=302705p baseline=181712p n=204 nb=3264MB
[pace] trigger by_mature=false by_cadence=true mature=303304p baseline=181712p n=205 nb=3280MB
[pace] trigger by_mature=false by_cadence=true mature=303903p baseline=181712p n=206 nb=3296MB
[pace] trigger by_mature=false by_cadence=true mature=304498p baseline=181712p n=207 nb=3312MB
[pace] trigger by_mature=false by_cadence=true mature=305096p baseline=181712p n=208 nb=3328MB
[pace] trigger by_mature=false by_cadence=true mature=305691p baseline=181712p n=209 nb=3344MB
[pace] trigger by_mature=false by_cadence=true mature=306290p baseline=181712p n=210 nb=3360MB
[pace] trigger by_mature=false by_cadence=true mature=306889p baseline=181712p n=211 nb=3376MB
[pace] trigger by_mature=false by_cadence=true mature=307484p baseline=181712p n=212 nb=3392MB
[pace] trigger by_mature=false by_cadence=true mature=308082p baseline=181712p n=213 nb=3408MB
[pace] trigger by_mature=false by_cadence=true mature=308681p baseline=181712p n=214 nb=3424MB
[pace] trigger by_mature=false by_cadence=true mature=309276p baseline=181712p n=215 nb=3440MB
[pace] trigger by_mature=false by_cadence=true mature=309876p baseline=181712p n=216 nb=3456MB
[pace] trigger by_mature=false by_cadence=true mature=310471p baseline=181712p n=217 nb=3472MB
[pace] trigger by_mature=false by_cadence=true mature=311071p baseline=181712p n=218 nb=3488MB
[pace] trigger by_mature=false by_cadence=true mature=311669p baseline=181712p n=219 nb=3504MB
[pace] trigger by_mature=false by_cadence=true mature=312264p baseline=181712p n=220 nb=3520MB
[pace] trigger by_mature=false by_cadence=true mature=312862p baseline=181712p n=221 nb=3536MB
[pace] trigger by_mature=false by_cadence=true mature=313461p baseline=181712p n=222 nb=3552MB
[pace] trigger by_mature=false by_cadence=true mature=314056p baseline=181712p n=223 nb=3568MB
[pace] trigger by_mature=false by_cadence=true mature=314655p baseline=181712p n=224 nb=3584MB
[pace] trigger by_mature=false by_cadence=true mature=315250p baseline=181712p n=225 nb=3600MB
[pace] trigger by_mature=false by_cadence=true mature=315849p baseline=181712p n=226 nb=3616MB
[pace] trigger by_mature=false by_cadence=true mature=316447p baseline=181712p n=227 nb=3632MB
[pace] trigger by_mature=false by_cadence=true mature=317042p baseline=181712p n=228 nb=3648MB
[pace] trigger by_mature=false by_cadence=true mature=317640p baseline=181712p n=229 nb=3664MB
[pace] trigger by_mature=false by_cadence=true mature=318240p baseline=181712p n=230 nb=3680MB
[pace] trigger by_mature=false by_cadence=true mature=318835p baseline=181712p n=231 nb=3696MB
[pace] trigger by_mature=false by_cadence=true mature=319433p baseline=319433p n=232 nb=3712MB
[pace] slice gate: debt=1248ms quantum=13.1ms minor_ewma=22.0ms tick=false worth=true feasible=true -> sliced
[pace] trigger by_mature=false by_cadence=true mature=410346p baseline=319433p n=156 nb=2496MB
[pace] trigger by_mature=false by_cadence=true mature=410933p baseline=319433p n=157 nb=2512MB
[pace] trigger by_mature=false by_cadence=true mature=411523p baseline=319433p n=158 nb=2528MB
[pace] trigger by_mature=false by_cadence=true mature=412110p baseline=319433p n=159 nb=2544MB
[pace] trigger by_mature=false by_cadence=true mature=412701p baseline=319433p n=160 nb=2560MB
[pace] trigger by_mature=false by_cadence=true mature=413288p baseline=319433p n=161 nb=2576MB
[pace] trigger by_mature=false by_cadence=true mature=413878p baseline=319433p n=162 nb=2592MB
[pace] trigger by_mature=false by_cadence=true mature=414465p baseline=319433p n=163 nb=2608MB
[pace] trigger by_mature=false by_cadence=true mature=415055p baseline=319433p n=164 nb=2624MB
[pace] trigger by_mature=false by_cadence=true mature=415642p baseline=319433p n=165 nb=2640MB
[pace] trigger by_mature=false by_cadence=true mature=416234p baseline=319433p n=166 nb=2656MB
[pace] trigger by_mature=false by_cadence=true mature=416821p baseline=319433p n=167 nb=2672MB
[pace] trigger by_mature=false by_cadence=true mature=417412p baseline=319433p n=168 nb=2688MB
[pace] trigger by_mature=false by_cadence=true mature=417999p baseline=319433p n=169 nb=2704MB
[pace] trigger by_mature=false by_cadence=true mature=418589p baseline=319433p n=170 nb=2720MB
[pace] trigger by_mature=false by_cadence=true mature=419176p baseline=319433p n=171 nb=2736MB
[pace] trigger by_mature=false by_cadence=true mature=419766p baseline=319433p n=172 nb=2752MB
[pace] trigger by_mature=false by_cadence=true mature=420353p baseline=319433p n=173 nb=2768MB
[pace] trigger by_mature=false by_cadence=true mature=420943p baseline=319433p n=174 nb=2784MB
[pace] trigger by_mature=false by_cadence=true mature=421530p baseline=319433p n=175 nb=2800MB
[pace] trigger by_mature=false by_cadence=true mature=422121p baseline=319433p n=176 nb=2816MB
[pace] trigger by_mature=false by_cadence=true mature=422708p baseline=319433p n=177 nb=2832MB
[pace] trigger by_mature=false by_cadence=true mature=423298p baseline=319433p n=178 nb=2848MB
[pace] trigger by_mature=false by_cadence=true mature=423885p baseline=319433p n=179 nb=2864MB
[pace] trigger by_mature=false by_cadence=true mature=424475p baseline=319433p n=180 nb=2880MB
[pace] trigger by_mature=false by_cadence=true mature=425062p baseline=319433p n=181 nb=2896MB
[pace] trigger by_mature=false by_cadence=true mature=425652p baseline=319433p n=182 nb=2912MB
[pace] trigger by_mature=false by_cadence=true mature=426239p baseline=319433p n=183 nb=2928MB
[pace] trigger by_mature=false by_cadence=true mature=426830p baseline=319433p n=184 nb=2944MB
[pace] trigger by_mature=false by_cadence=true mature=427417p baseline=319433p n=185 nb=2960MB
[pace] trigger by_mature=false by_cadence=true mature=428007p baseline=319433p n=186 nb=2976MB
[pace] trigger by_mature=false by_cadence=true mature=428594p baseline=319433p n=187 nb=2992MB
[pace] trigger by_mature=false by_cadence=true mature=429184p baseline=319433p n=188 nb=3008MB
[pace] trigger by_mature=false by_cadence=true mature=429771p baseline=319433p n=189 nb=3024MB
[pace] trigger by_mature=false by_cadence=true mature=430361p baseline=319433p n=190 nb=3040MB
[pace] trigger by_mature=false by_cadence=true mature=430948p baseline=319433p n=191 nb=3056MB
[pace] trigger by_mature=false by_cadence=true mature=431539p baseline=319433p n=192 nb=3072MB
[pace] trigger by_mature=false by_cadence=true mature=432126p baseline=319433p n=193 nb=3088MB
[pace] trigger by_mature=false by_cadence=true mature=432716p baseline=319433p n=194 nb=3104MB
[pace] trigger by_mature=false by_cadence=true mature=433303p baseline=319433p n=195 nb=3120MB
[pace] trigger by_mature=false by_cadence=true mature=433893p baseline=319433p n=196 nb=3136MB
[pace] trigger by_mature=false by_cadence=true mature=434480p baseline=319433p n=197 nb=3152MB
[pace] trigger by_mature=false by_cadence=true mature=435070p baseline=319433p n=198 nb=3168MB
[pace] trigger by_mature=false by_cadence=true mature=435657p baseline=319433p n=199 nb=3184MB
[pace] trigger by_mature=false by_cadence=true mature=436248p baseline=319433p n=200 nb=3200MB
[pace] trigger by_mature=false by_cadence=true mature=436835p baseline=319433p n=201 nb=3216MB
[pace] trigger by_mature=false by_cadence=true mature=437425p baseline=319433p n=202 nb=3232MB
[pace] trigger by_mature=false by_cadence=true mature=438012p baseline=319433p n=203 nb=3248MB
[pace] trigger by_mature=false by_cadence=true mature=438602p baseline=319433p n=204 nb=3264MB
[pace] trigger by_mature=false by_cadence=true mature=439189p baseline=319433p n=205 nb=3280MB
[pace] trigger by_mature=false by_cadence=true mature=439779p baseline=319433p n=206 nb=3296MB
[pace] trigger by_mature=false by_cadence=true mature=440366p baseline=319433p n=207 nb=3312MB
[pace] trigger by_mature=false by_cadence=true mature=440957p baseline=319433p n=208 nb=3328MB
[pace] trigger by_mature=false by_cadence=true mature=441544p baseline=319433p n=209 nb=3344MB
[pace] trigger by_mature=false by_cadence=true mature=442134p baseline=319433p n=210 nb=3360MB
[pace] trigger by_mature=false by_cadence=true mature=442721p baseline=319433p n=211 nb=3376MB
[pace] trigger by_mature=false by_cadence=true mature=443311p baseline=319433p n=212 nb=3392MB
[pace] trigger by_mature=false by_cadence=true mature=443898p baseline=319433p n=213 nb=3408MB
[pace] trigger by_mature=false by_cadence=true mature=444488p baseline=319433p n=214 nb=3424MB
[pace] trigger by_mature=false by_cadence=true mature=445075p baseline=319433p n=215 nb=3440MB
[pace] trigger by_mature=false by_cadence=true mature=445666p baseline=319433p n=216 nb=3456MB
[pace] trigger by_mature=false by_cadence=true mature=446253p baseline=319433p n=217 nb=3472MB
[pace] trigger by_mature=false by_cadence=true mature=446843p baseline=319433p n=218 nb=3488MB
[pace] trigger by_mature=false by_cadence=true mature=447430p baseline=319433p n=219 nb=3504MB
[pace] trigger by_mature=false by_cadence=true mature=448020p baseline=319433p n=220 nb=3520MB
[pace] trigger by_mature=false by_cadence=true mature=448607p baseline=319433p n=221 nb=3536MB
[pace] trigger by_mature=false by_cadence=true mature=449197p baseline=319433p n=222 nb=3552MB
[pace] trigger by_mature=false by_cadence=true mature=449784p baseline=319433p n=223 nb=3568MB
[pace] trigger by_mature=false by_cadence=true mature=450375p baseline=319433p n=224 nb=3584MB
[pace] trigger by_mature=false by_cadence=true mature=450962p baseline=319433p n=225 nb=3600MB
[pace] trigger by_mature=false by_cadence=true mature=451554p baseline=319433p n=226 nb=3616MB
[pace] trigger by_mature=false by_cadence=true mature=452141p baseline=319433p n=227 nb=3632MB
[pace] trigger by_mature=false by_cadence=true mature=452731p baseline=319433p n=228 nb=3648MB
[pace] trigger by_mature=false by_cadence=true mature=453318p baseline=319433p n=229 nb=3664MB
[pace] trigger by_mature=false by_cadence=true mature=453908p baseline=319433p n=230 nb=3680MB
[pace] trigger by_mature=false by_cadence=true mature=454495p baseline=319433p n=231 nb=3696MB
[pace] trigger by_mature=false by_cadence=true mature=455086p baseline=319433p n=232 nb=3712MB
[pace] trigger by_mature=false by_cadence=true mature=455673p baseline=319433p n=233 nb=3728MB
[pace] trigger by_mature=false by_cadence=true mature=456263p baseline=319433p n=234 nb=3744MB
[pace] trigger by_mature=false by_cadence=true mature=456850p baseline=319433p n=235 nb=3760MB
[pace] trigger by_mature=false by_cadence=true mature=457440p baseline=319433p n=236 nb=3776MB
[pace] trigger by_mature=false by_cadence=true mature=458027p baseline=319433p n=237 nb=3792MB
[pace] trigger by_mature=false by_cadence=true mature=458617p baseline=319433p n=238 nb=3808MB
[pace] trigger by_mature=false by_cadence=true mature=459204p baseline=319433p n=239 nb=3824MB
[pace] trigger by_mature=false by_cadence=true mature=459795p baseline=319433p n=240 nb=3840MB
[pace] trigger by_mature=false by_cadence=true mature=460382p baseline=319433p n=241 nb=3856MB
[pace] trigger by_mature=false by_cadence=true mature=460972p baseline=319433p n=242 nb=3872MB
[pace] trigger by_mature=false by_cadence=true mature=461559p baseline=319433p n=243 nb=3888MB
[pace] trigger by_mature=false by_cadence=true mature=462149p baseline=319433p n=244 nb=3904MB
[pace] trigger by_mature=false by_cadence=true mature=462736p baseline=319433p n=245 nb=3920MB
[pace] trigger by_mature=false by_cadence=true mature=463326p baseline=319433p n=246 nb=3936MB
[pace] trigger by_mature=false by_cadence=true mature=463913p baseline=319433p n=247 nb=3952MB
[pace] trigger by_mature=false by_cadence=true mature=464504p baseline=319433p n=248 nb=3968MB
[pace] trigger by_mature=false by_cadence=true mature=465091p baseline=319433p n=249 nb=3984MB
[pace] trigger by_mature=false by_cadence=true mature=465681p baseline=319433p n=250 nb=4000MB
[pace] trigger by_mature=false by_cadence=true mature=466268p baseline=319433p n=251 nb=4016MB
[pace] trigger by_mature=false by_cadence=true mature=466858p baseline=319433p n=252 nb=4032MB
[pace] trigger by_mature=false by_cadence=true mature=467445p baseline=319433p n=253 nb=4048MB
[pace] trigger by_mature=false by_cadence=true mature=468035p baseline=319433p n=254 nb=4064MB
[pace] trigger by_mature=false by_cadence=true mature=468622p baseline=319433p n=255 nb=4080MB
[pace] trigger by_mature=false by_cadence=true mature=469213p baseline=319433p n=256 nb=4096MB
[pace] trigger by_mature=false by_cadence=true mature=469800p baseline=319433p n=257 nb=4112MB
[pace] trigger by_mature=false by_cadence=true mature=470390p baseline=319433p n=258 nb=4128MB
[pace] trigger by_mature=false by_cadence=true mature=470977p baseline=319433p n=259 nb=4144MB
[pace] trigger by_mature=false by_cadence=true mature=471567p baseline=319433p n=260 nb=4160MB
[pace] trigger by_mature=false by_cadence=true mature=472154p baseline=319433p n=261 nb=4176MB
[pace] trigger by_mature=false by_cadence=true mature=472744p baseline=319433p n=262 nb=4192MB
[pace] trigger by_mature=false by_cadence=true mature=473331p baseline=319433p n=263 nb=4208MB
[pace] trigger by_mature=false by_cadence=true mature=473922p baseline=319433p n=264 nb=4224MB
[pace] trigger by_mature=false by_cadence=true mature=474509p baseline=319433p n=265 nb=4240MB
[pace] trigger by_mature=false by_cadence=true mature=475099p baseline=319433p n=266 nb=4256MB
[pace] trigger by_mature=false by_cadence=true mature=475686p baseline=319433p n=267 nb=4272MB
[pace] trigger by_mature=false by_cadence=true mature=476276p baseline=319433p n=268 nb=4288MB
[pace] trigger by_mature=false by_cadence=true mature=476863p baseline=319433p n=269 nb=4304MB
[pace] trigger by_mature=false by_cadence=true mature=477453p baseline=319433p n=270 nb=4320MB
[pace] trigger by_mature=false by_cadence=true mature=478040p baseline=319433p n=271 nb=4336MB
[pace] trigger by_mature=false by_cadence=true mature=478631p baseline=319433p n=272 nb=4352MB
[pace] trigger by_mature=false by_cadence=true mature=479218p baseline=319433p n=273 nb=4368MB
[pace] trigger by_mature=false by_cadence=true mature=479808p baseline=319433p n=274 nb=4384MB
[pace] trigger by_mature=false by_cadence=true mature=480395p baseline=319433p n=275 nb=4400MB
[pace] trigger by_mature=false by_cadence=true mature=480985p baseline=319433p n=276 nb=4416MB
[pace] trigger by_mature=false by_cadence=true mature=481572p baseline=319433p n=277 nb=4432MB
[pace] trigger by_mature=false by_cadence=true mature=482162p baseline=319433p n=278 nb=4448MB
[pace] trigger by_mature=false by_cadence=true mature=482749p baseline=319433p n=279 nb=4464MB
[pace] trigger by_mature=false by_cadence=true mature=483340p baseline=319433p n=280 nb=4480MB
[pace] trigger by_mature=false by_cadence=true mature=483927p baseline=319433p n=281 nb=4496MB
[pace] trigger by_mature=false by_cadence=true mature=484517p baseline=319433p n=282 nb=4512MB
[pace] trigger by_mature=false by_cadence=true mature=485104p baseline=319433p n=283 nb=4528MB
[pace] trigger by_mature=false by_cadence=true mature=485694p baseline=319433p n=284 nb=4544MB
[pace] trigger by_mature=false by_cadence=true mature=486281p baseline=319433p n=285 nb=4560MB
[pace] trigger by_mature=false by_cadence=true mature=486873p baseline=319433p n=286 nb=4576MB
[pace] trigger by_mature=false by_cadence=true mature=487460p baseline=319433p n=287 nb=4592MB
[pace] trigger by_mature=false by_cadence=true mature=488051p baseline=319433p n=288 nb=4608MB
[pace] trigger by_mature=false by_cadence=true mature=488638p baseline=319433p n=289 nb=4624MB
[pace] trigger by_mature=false by_cadence=true mature=489228p baseline=319433p n=290 nb=4640MB
[pace] trigger by_mature=false by_cadence=true mature=489815p baseline=319433p n=291 nb=4656MB
[pace] trigger by_mature=false by_cadence=true mature=490405p baseline=319433p n=292 nb=4672MB
[pace] trigger by_mature=false by_cadence=true mature=490992p baseline=319433p n=293 nb=4688MB
[pace] trigger by_mature=false by_cadence=true mature=491582p baseline=319433p n=294 nb=4704MB
[pace] trigger by_mature=false by_cadence=true mature=492169p baseline=319433p n=295 nb=4720MB
[pace] trigger by_mature=false by_cadence=true mature=492760p baseline=319433p n=296 nb=4736MB
[pace] trigger by_mature=false by_cadence=true mature=493347p baseline=319433p n=297 nb=4752MB
[pace] trigger by_mature=false by_cadence=true mature=493937p baseline=319433p n=298 nb=4768MB
[pace] trigger by_mature=false by_cadence=true mature=494524p baseline=319433p n=299 nb=4784MB
[pace] trigger by_mature=false by_cadence=true mature=495114p baseline=319433p n=300 nb=4800MB
[pace] trigger by_mature=false by_cadence=true mature=495701p baseline=319433p n=301 nb=4816MB
[pace] trigger by_mature=false by_cadence=true mature=496291p baseline=319433p n=302 nb=4832MB
[pace] trigger by_mature=false by_cadence=true mature=496878p baseline=319433p n=303 nb=4848MB
[pace] trigger by_mature=false by_cadence=true mature=497469p baseline=319433p n=304 nb=4864MB
[pace] trigger by_mature=false by_cadence=true mature=498056p baseline=319433p n=305 nb=4880MB
[pace] trigger by_mature=false by_cadence=true mature=498646p baseline=319433p n=306 nb=4896MB
[pace] trigger by_mature=false by_cadence=true mature=499233p baseline=319433p n=307 nb=4912MB
[pace] trigger by_mature=false by_cadence=true mature=499823p baseline=319433p n=308 nb=4928MB
[pace] trigger by_mature=false by_cadence=true mature=500410p baseline=319433p n=309 nb=4944MB
[pace] trigger by_mature=false by_cadence=true mature=501000p baseline=319433p n=310 nb=4960MB
[pace] trigger by_mature=false by_cadence=true mature=501587p baseline=319433p n=311 nb=4976MB
[pace] trigger by_mature=false by_cadence=true mature=502178p baseline=319433p n=312 nb=4992MB
[pace] trigger by_mature=false by_cadence=true mature=502765p baseline=319433p n=313 nb=5008MB
[pace] trigger by_mature=false by_cadence=true mature=503355p baseline=319433p n=314 nb=5024MB
[pace] trigger by_mature=false by_cadence=true mature=503942p baseline=319433p n=315 nb=5040MB
[pace] trigger by_mature=false by_cadence=true mature=504532p baseline=319433p n=316 nb=5056MB
[pace] trigger by_mature=false by_cadence=true mature=505119p baseline=319433p n=317 nb=5072MB
[pace] trigger by_mature=false by_cadence=true mature=505709p baseline=319433p n=318 nb=5088MB
[pace] trigger by_mature=false by_cadence=true mature=506296p baseline=319433p n=319 nb=5104MB
[pace] trigger by_mature=false by_cadence=true mature=506887p baseline=319433p n=320 nb=5120MB
[pace] trigger by_mature=false by_cadence=true mature=507474p baseline=319433p n=321 nb=5136MB
[pace] trigger by_mature=false by_cadence=true mature=508064p baseline=319433p n=322 nb=5152MB
[pace] trigger by_mature=false by_cadence=true mature=508651p baseline=319433p n=323 nb=5168MB
[pace] trigger by_mature=false by_cadence=true mature=509241p baseline=319433p n=324 nb=5184MB
[pace] trigger by_mature=false by_cadence=true mature=509828p baseline=319433p n=325 nb=5200MB
[pace] trigger by_mature=false by_cadence=true mature=510418p baseline=319433p n=326 nb=5216MB
[pace] trigger by_mature=false by_cadence=true mature=511005p baseline=319433p n=327 nb=5232MB
[pace] trigger by_mature=false by_cadence=true mature=511596p baseline=319433p n=328 nb=5248MB
[pace] trigger by_mature=false by_cadence=true mature=512183p baseline=319433p n=329 nb=5264MB
[pace] trigger by_mature=false by_cadence=true mature=512773p baseline=319433p n=330 nb=5280MB
[pace] trigger by_mature=false by_cadence=true mature=513360p baseline=319433p n=331 nb=5296MB
[pace] trigger by_mature=false by_cadence=true mature=513950p baseline=319433p n=332 nb=5312MB
[pace] trigger by_mature=false by_cadence=true mature=514537p baseline=319433p n=333 nb=5328MB
[pace] trigger by_mature=false by_cadence=true mature=515127p baseline=319433p n=334 nb=5344MB
[pace] trigger by_mature=false by_cadence=true mature=515714p baseline=319433p n=335 nb=5360MB
[pace] trigger by_mature=false by_cadence=true mature=516305p baseline=319433p n=336 nb=5376MB
[pace] trigger by_mature=false by_cadence=true mature=516892p baseline=319433p n=337 nb=5392MB
[pace] trigger by_mature=false by_cadence=true mature=517482p baseline=319433p n=338 nb=5408MB
[pace] trigger by_mature=false by_cadence=true mature=518069p baseline=319433p n=339 nb=5424MB
[pace] trigger by_mature=false by_cadence=true mature=518659p baseline=319433p n=340 nb=5440MB
[pace] trigger by_mature=false by_cadence=true mature=519246p baseline=319433p n=341 nb=5456MB
[pace] trigger by_mature=false by_cadence=true mature=519836p baseline=319433p n=342 nb=5472MB
[pace] trigger by_mature=false by_cadence=true mature=520423p baseline=319433p n=343 nb=5488MB
[pace] trigger by_mature=false by_cadence=true mature=521014p baseline=319433p n=344 nb=5504MB
[pace] trigger by_mature=false by_cadence=true mature=521601p baseline=319433p n=345 nb=5520MB
[pace] trigger by_mature=false by_cadence=true mature=522193p baseline=319433p n=346 nb=5536MB
[pace] trigger by_mature=false by_cadence=true mature=522780p baseline=319433p n=347 nb=5552MB
[pace] trigger by_mature=false by_cadence=true mature=523370p baseline=319433p n=348 nb=5568MB
[pace] trigger by_mature=false by_cadence=true mature=523957p baseline=319433p n=349 nb=5584MB
[pace] trigger by_mature=false by_cadence=true mature=524547p baseline=319433p n=350 nb=5600MB
[pace] trigger by_mature=false by_cadence=true mature=525134p baseline=319433p n=351 nb=5616MB
[pace] trigger by_mature=false by_cadence=true mature=525725p baseline=319433p n=352 nb=5632MB
[pace] trigger by_mature=false by_cadence=true mature=526312p baseline=319433p n=353 nb=5648MB
[pace] trigger by_mature=false by_cadence=true mature=526902p baseline=319433p n=354 nb=5664MB
[pace] trigger by_mature=false by_cadence=true mature=527489p baseline=319433p n=355 nb=5680MB
[pace] trigger by_mature=false by_cadence=true mature=528079p baseline=319433p n=356 nb=5696MB
[pace] trigger by_mature=false by_cadence=true mature=528666p baseline=319433p n=357 nb=5712MB
[pace] trigger by_mature=false by_cadence=true mature=529256p baseline=319433p n=358 nb=5728MB
[pace] trigger by_mature=false by_cadence=true mature=529843p baseline=319433p n=359 nb=5744MB
[pace] trigger by_mature=false by_cadence=true mature=530434p baseline=319433p n=360 nb=5760MB
[pace] trigger by_mature=false by_cadence=true mature=531021p baseline=319433p n=361 nb=5776MB
[pace] trigger by_mature=false by_cadence=true mature=531611p baseline=319433p n=362 nb=5792MB
[pace] trigger by_mature=false by_cadence=true mature=532198p baseline=319433p n=363 nb=5808MB
[pace] trigger by_mature=false by_cadence=true mature=532788p baseline=319433p n=364 nb=5824MB
[pace] trigger by_mature=false by_cadence=true mature=533375p baseline=319433p n=365 nb=5840MB
[pace] trigger by_mature=false by_cadence=true mature=533965p baseline=319433p n=366 nb=5856MB
[pace] trigger by_mature=false by_cadence=true mature=534552p baseline=319433p n=367 nb=5872MB
[pace] trigger by_mature=false by_cadence=true mature=535143p baseline=319433p n=368 nb=5888MB
[pace] trigger by_mature=false by_cadence=true mature=535730p baseline=319433p n=369 nb=5904MB
[pace] trigger by_mature=false by_cadence=true mature=536320p baseline=319433p n=370 nb=5920MB
[pace] trigger by_mature=false by_cadence=true mature=536907p baseline=319433p n=371 nb=5936MB
[pace] trigger by_mature=false by_cadence=true mature=537497p baseline=319433p n=372 nb=5952MB
[pace] trigger by_mature=false by_cadence=true mature=538084p baseline=319433p n=373 nb=5968MB
[pace] trigger by_mature=false by_cadence=true mature=538674p baseline=319433p n=374 nb=5984MB
[pace] trigger by_mature=false by_cadence=true mature=539261p baseline=319433p n=375 nb=6000MB
[pace] trigger by_mature=false by_cadence=true mature=539852p baseline=319433p n=376 nb=6016MB
[pace] trigger by_mature=false by_cadence=true mature=540439p baseline=319433p n=377 nb=6032MB
[pace] trigger by_mature=false by_cadence=true mature=541029p baseline=319433p n=378 nb=6048MB
[pace] trigger by_mature=false by_cadence=true mature=541616p baseline=319433p n=379 nb=6064MB
[pace] trigger by_mature=false by_cadence=true mature=542206p baseline=319433p n=380 nb=6080MB
[pace] trigger by_mature=false by_cadence=true mature=542793p baseline=319433p n=381 nb=6096MB
[pace] trigger by_mature=false by_cadence=true mature=543383p baseline=319433p n=382 nb=6112MB
[pace] trigger by_mature=false by_cadence=true mature=543970p baseline=319433p n=383 nb=6128MB
[pace] trigger by_mature=false by_cadence=true mature=544561p baseline=319433p n=384 nb=6144MB
[pace] trigger by_mature=false by_cadence=true mature=545148p baseline=319433p n=385 nb=6160MB
[pace] trigger by_mature=false by_cadence=true mature=545738p baseline=319433p n=386 nb=6176MB
[pace] trigger by_mature=false by_cadence=true mature=546325p baseline=319433p n=387 nb=6192MB
[pace] trigger by_mature=false by_cadence=true mature=546915p baseline=319433p n=388 nb=6208MB
[pace] trigger by_mature=false by_cadence=true mature=547502p baseline=319433p n=389 nb=6224MB
[pace] trigger by_mature=false by_cadence=true mature=548092p baseline=319433p n=390 nb=6240MB
[pace] trigger by_mature=false by_cadence=true mature=548679p baseline=319433p n=391 nb=6256MB
[pace] trigger by_mature=false by_cadence=true mature=549270p baseline=319433p n=392 nb=6272MB
[pace] trigger by_mature=false by_cadence=true mature=549857p baseline=319433p n=393 nb=6288MB
[pace] trigger by_mature=false by_cadence=true mature=550447p baseline=319433p n=394 nb=6304MB
[pace] trigger by_mature=false by_cadence=true mature=551034p baseline=319433p n=395 nb=6320MB
[pace] trigger by_mature=false by_cadence=true mature=551624p baseline=319433p n=396 nb=6336MB
[pace] trigger by_mature=false by_cadence=true mature=552211p baseline=319433p n=397 nb=6352MB
[pace] trigger by_mature=false by_cadence=true mature=552801p baseline=319433p n=398 nb=6368MB
[pace] trigger by_mature=false by_cadence=true mature=553388p baseline=319433p n=399 nb=6384MB
[pace] trigger by_mature=false by_cadence=true mature=553979p baseline=319433p n=400 nb=6400MB
[pace] trigger by_mature=false by_cadence=true mature=554566p baseline=319433p n=401 nb=6416MB
[pace] trigger by_mature=false by_cadence=true mature=555156p baseline=319433p n=402 nb=6432MB
[pace] trigger by_mature=false by_cadence=true mature=555743p baseline=319433p n=403 nb=6448MB
[pace] trigger by_mature=false by_cadence=true mature=556333p baseline=319433p n=404 nb=6464MB
[pace] trigger by_mature=false by_cadence=true mature=556920p baseline=319433p n=405 nb=6480MB
[pace] trigger by_mature=false by_cadence=true mature=557510p baseline=319433p n=406 nb=6496MB
[pace] trigger by_mature=false by_cadence=true mature=558099p baseline=319433p n=407 nb=6512MB
[pace] trigger by_mature=false by_cadence=true mature=558690p baseline=319433p n=408 nb=6528MB
[pace] trigger by_mature=false by_cadence=true mature=559277p baseline=319433p n=409 nb=6544MB
[pace] trigger by_mature=false by_cadence=true mature=559867p baseline=319433p n=410 nb=6560MB
[pace] trigger by_mature=false by_cadence=true mature=560454p baseline=319433p n=411 nb=6576MB
[pace] trigger by_mature=false by_cadence=true mature=561044p baseline=319433p n=412 nb=6592MB
[pace] trigger by_mature=false by_cadence=true mature=561631p baseline=319433p n=413 nb=6608MB
[pace] trigger by_mature=false by_cadence=true mature=562221p baseline=319433p n=414 nb=6624MB
[pace] trigger by_mature=false by_cadence=true mature=562808p baseline=319433p n=415 nb=6640MB
[pace] trigger by_mature=false by_cadence=true mature=563399p baseline=319433p n=416 nb=6656MB
[pace] trigger by_mature=false by_cadence=true mature=563986p baseline=319433p n=417 nb=6672MB
[pace] trigger by_mature=false by_cadence=true mature=564576p baseline=319433p n=418 nb=6688MB
[pace] trigger by_mature=false by_cadence=true mature=565163p baseline=319433p n=419 nb=6704MB
[pace] trigger by_mature=false by_cadence=true mature=565753p baseline=319433p n=420 nb=6720MB
[pace] trigger by_mature=false by_cadence=true mature=566340p baseline=319433p n=421 nb=6736MB
[pace] trigger by_mature=false by_cadence=true mature=566930p baseline=319433p n=422 nb=6752MB
[pace] trigger by_mature=false by_cadence=true mature=567517p baseline=319433p n=423 nb=6768MB
[pace] trigger by_mature=false by_cadence=true mature=568108p baseline=319433p n=424 nb=6784MB
[pace] trigger by_mature=false by_cadence=true mature=568695p baseline=319433p n=425 nb=6800MB
[pace] trigger by_mature=false by_cadence=true mature=569285p baseline=319433p n=426 nb=6816MB
[pace] trigger by_mature=false by_cadence=true mature=569872p baseline=319433p n=427 nb=6832MB
[pace] trigger by_mature=false by_cadence=true mature=570462p baseline=319433p n=428 nb=6848MB
[pace] trigger by_mature=false by_cadence=true mature=571049p baseline=319433p n=429 nb=6864MB
[pace] trigger by_mature=false by_cadence=true mature=571639p baseline=319433p n=430 nb=6880MB
[pace] trigger by_mature=false by_cadence=true mature=572226p baseline=319433p n=431 nb=6896MB
[pace] trigger by_mature=false by_cadence=true mature=572817p baseline=319433p n=432 nb=6912MB
[pace] trigger by_mature=false by_cadence=true mature=573404p baseline=319433p n=433 nb=6928MB
[pace] trigger by_mature=false by_cadence=true mature=573994p baseline=319433p n=434 nb=6944MB
[pace] trigger by_mature=false by_cadence=true mature=574581p baseline=319433p n=435 nb=6960MB
[pace] trigger by_mature=false by_cadence=true mature=575171p baseline=319433p n=436 nb=6976MB
[pace] trigger by_mature=false by_cadence=true mature=575758p baseline=319433p n=437 nb=6992MB
[pace] trigger by_mature=false by_cadence=true mature=576348p baseline=319433p n=438 nb=7008MB
[pace] trigger by_mature=false by_cadence=true mature=576935p baseline=319433p n=439 nb=7024MB
[pace] trigger by_mature=false by_cadence=true mature=577526p baseline=319433p n=440 nb=7040MB
[pace] trigger by_mature=false by_cadence=true mature=578113p baseline=319433p n=441 nb=7056MB
[pace] trigger by_mature=false by_cadence=true mature=578703p baseline=319433p n=442 nb=7072MB
[pace] trigger by_mature=false by_cadence=true mature=579290p baseline=319433p n=443 nb=7088MB
[pace] trigger by_mature=false by_cadence=true mature=579880p baseline=319433p n=444 nb=7104MB
[pace] trigger by_mature=false by_cadence=true mature=580467p baseline=319433p n=445 nb=7120MB
[pace] trigger by_mature=false by_cadence=true mature=581057p baseline=319433p n=446 nb=7136MB
[pace] trigger by_mature=false by_cadence=true mature=581644p baseline=319433p n=447 nb=7152MB
[pace] trigger by_mature=false by_cadence=true mature=582235p baseline=319433p n=448 nb=7168MB
[pace] trigger by_mature=false by_cadence=true mature=582822p baseline=319433p n=449 nb=7184MB
[pace] trigger by_mature=false by_cadence=true mature=583412p baseline=319433p n=450 nb=7200MB
[pace] trigger by_mature=false by_cadence=true mature=583999p baseline=319433p n=451 nb=7216MB
[pace] trigger by_mature=false by_cadence=true mature=584589p baseline=319433p n=452 nb=7232MB
[pace] trigger by_mature=false by_cadence=true mature=585176p baseline=319433p n=453 nb=7248MB
[pace] trigger by_mature=false by_cadence=true mature=585766p baseline=319433p n=454 nb=7264MB
[pace] trigger by_mature=false by_cadence=true mature=586353p baseline=319433p n=455 nb=7280MB
[pace] trigger by_mature=false by_cadence=true mature=586944p baseline=319433p n=456 nb=7296MB
[pace] trigger by_mature=false by_cadence=true mature=587531p baseline=319433p n=457 nb=7312MB
[pace] trigger by_mature=false by_cadence=true mature=588121p baseline=319433p n=458 nb=7328MB
[pace] trigger by_mature=false by_cadence=true mature=588708p baseline=319433p n=459 nb=7344MB
[pace] trigger by_mature=false by_cadence=true mature=589298p baseline=319433p n=460 nb=7360MB
[pace] trigger by_mature=false by_cadence=true mature=589885p baseline=319433p n=461 nb=7376MB
[pace] trigger by_mature=false by_cadence=true mature=590475p baseline=319433p n=462 nb=7392MB
[pace] trigger by_mature=false by_cadence=true mature=591062p baseline=319433p n=463 nb=7408MB
[pace] trigger by_mature=false by_cadence=true mature=591653p baseline=319433p n=464 nb=7424MB
[pace] trigger by_mature=false by_cadence=true mature=592240p baseline=319433p n=465 nb=7440MB
[pace] trigger by_mature=false by_cadence=true mature=592830p baseline=319433p n=466 nb=7456MB
[pace] trigger by_mature=false by_cadence=true mature=593419p baseline=319433p n=467 nb=7472MB
[pace] trigger by_mature=false by_cadence=true mature=594009p baseline=319433p n=468 nb=7488MB
[pace] trigger by_mature=false by_cadence=true mature=594596p baseline=319433p n=469 nb=7504MB
[pace] trigger by_mature=false by_cadence=true mature=595186p baseline=319433p n=470 nb=7520MB
[pace] trigger by_mature=false by_cadence=true mature=595773p baseline=319433p n=471 nb=7536MB
[pace] trigger by_mature=false by_cadence=true mature=596364p baseline=319433p n=472 nb=7552MB
[pace] trigger by_mature=false by_cadence=true mature=596951p baseline=319433p n=473 nb=7568MB
[pace] trigger by_mature=false by_cadence=true mature=597541p baseline=319433p n=474 nb=7584MB
[pace] trigger by_mature=false by_cadence=true mature=598128p baseline=319433p n=475 nb=7600MB
[pace] trigger by_mature=false by_cadence=true mature=598718p baseline=319433p n=476 nb=7616MB
[pace] trigger by_mature=false by_cadence=true mature=599305p baseline=319433p n=477 nb=7632MB
[pace] trigger by_mature=false by_cadence=true mature=599895p baseline=319433p n=478 nb=7648MB
[pace] trigger by_mature=false by_cadence=true mature=600482p baseline=319433p n=479 nb=7664MB
[pace] trigger by_mature=false by_cadence=true mature=601073p baseline=319433p n=480 nb=7680MB
[pace] trigger by_mature=false by_cadence=true mature=601660p baseline=319433p n=481 nb=7696MB
[pace] trigger by_mature=false by_cadence=true mature=602250p baseline=319433p n=482 nb=7712MB
[pace] trigger by_mature=false by_cadence=true mature=602837p baseline=319433p n=483 nb=7728MB
[pace] trigger by_mature=false by_cadence=true mature=603427p baseline=319433p n=484 nb=7744MB
[pace] trigger by_mature=false by_cadence=true mature=604014p baseline=319433p n=485 nb=7760MB
[pace] trigger by_mature=false by_cadence=true mature=604604p baseline=319433p n=486 nb=7776MB
[pace] trigger by_mature=false by_cadence=true mature=605191p baseline=319433p n=487 nb=7792MB
[pace] trigger by_mature=false by_cadence=true mature=605782p baseline=319433p n=488 nb=7808MB
[pace] trigger by_mature=false by_cadence=true mature=606369p baseline=319433p n=489 nb=7824MB
[pace] trigger by_mature=false by_cadence=true mature=606959p baseline=319433p n=490 nb=7840MB
[pace] trigger by_mature=false by_cadence=true mature=607546p baseline=319433p n=491 nb=7856MB
[pace] trigger by_mature=false by_cadence=true mature=608136p baseline=319433p n=492 nb=7872MB
[pace] trigger by_mature=false by_cadence=true mature=608723p baseline=319433p n=493 nb=7888MB
[pace] trigger by_mature=false by_cadence=true mature=609313p baseline=319433p n=494 nb=7904MB
[pace] trigger by_mature=false by_cadence=true mature=609900p baseline=319433p n=495 nb=7920MB
[pace] trigger by_mature=false by_cadence=true mature=610491p baseline=319433p n=496 nb=7936MB
[pace] trigger by_mature=false by_cadence=true mature=611078p baseline=319433p n=497 nb=7952MB
[pace] trigger by_mature=false by_cadence=true mature=611668p baseline=319433p n=498 nb=7968MB
[pace] trigger by_mature=false by_cadence=true mature=612255p baseline=319433p n=499 nb=7984MB
[pace] trigger by_mature=false by_cadence=true mature=612845p baseline=319433p n=500 nb=8000MB
[pace] trigger by_mature=false by_cadence=true mature=613432p baseline=319433p n=501 nb=8016MB
[pace] trigger by_mature=false by_cadence=true mature=614022p baseline=319433p n=502 nb=8032MB
[pace] trigger by_mature=false by_cadence=true mature=614609p baseline=319433p n=503 nb=8048MB
[pace] trigger by_mature=false by_cadence=true mature=615200p baseline=319433p n=504 nb=8064MB
[pace] trigger by_mature=false by_cadence=true mature=615787p baseline=319433p n=505 nb=8080MB
[pace] trigger by_mature=false by_cadence=true mature=616377p baseline=319433p n=506 nb=8096MB
[pace] trigger by_mature=false by_cadence=true mature=616964p baseline=319433p n=507 nb=8112MB
[pace] trigger by_mature=false by_cadence=true mature=617554p baseline=319433p n=508 nb=8128MB
[pace] trigger by_mature=false by_cadence=true mature=618141p baseline=319433p n=509 nb=8144MB
[pace] trigger by_mature=false by_cadence=true mature=618731p baseline=319433p n=510 nb=8160MB
[pace] trigger by_mature=false by_cadence=true mature=619318p baseline=319433p n=511 nb=8176MB
[pace] trigger by_mature=false by_cadence=true mature=619909p baseline=319433p n=512 nb=8192MB
[pace] trigger by_mature=false by_cadence=true mature=620496p baseline=319433p n=513 nb=8208MB
[pace] trigger by_mature=false by_cadence=true mature=621086p baseline=319433p n=514 nb=8224MB
[pace] trigger by_mature=false by_cadence=true mature=621673p baseline=319433p n=515 nb=8240MB
[pace] trigger by_mature=false by_cadence=true mature=622263p baseline=319433p n=516 nb=8256MB
[pace] trigger by_mature=false by_cadence=true mature=622850p baseline=319433p n=517 nb=8272MB
[pace] trigger by_mature=false by_cadence=true mature=623440p baseline=319433p n=518 nb=8288MB
[pace] trigger by_mature=false by_cadence=true mature=624027p baseline=319433p n=519 nb=8304MB
[pace] trigger by_mature=false by_cadence=true mature=624618p baseline=319433p n=520 nb=8320MB
[pace] trigger by_mature=false by_cadence=true mature=625205p baseline=319433p n=521 nb=8336MB
[pace] trigger by_mature=false by_cadence=true mature=625795p baseline=319433p n=522 nb=8352MB
[pace] trigger by_mature=false by_cadence=true mature=626382p baseline=319433p n=523 nb=8368MB
[pace] trigger by_mature=false by_cadence=true mature=626972p baseline=319433p n=524 nb=8384MB
[pace] trigger by_mature=false by_cadence=true mature=627559p baseline=319433p n=525 nb=8400MB
[pace] trigger by_mature=false by_cadence=true mature=628149p baseline=319433p n=526 nb=8416MB
[pace] trigger by_mature=false by_cadence=true mature=628738p baseline=319433p n=527 nb=8432MB
[pace] trigger by_mature=false by_cadence=true mature=629329p baseline=319433p n=528 nb=8448MB
[pace] trigger by_mature=false by_cadence=true mature=629916p baseline=319433p n=529 nb=8464MB
[pace] trigger by_mature=false by_cadence=true mature=630506p baseline=319433p n=530 nb=8480MB
[pace] trigger by_mature=false by_cadence=true mature=631093p baseline=319433p n=531 nb=8496MB
[pace] trigger by_mature=false by_cadence=true mature=631683p baseline=319433p n=532 nb=8512MB
[pace] trigger by_mature=false by_cadence=true mature=632270p baseline=319433p n=533 nb=8528MB
[pace] trigger by_mature=false by_cadence=true mature=632860p baseline=319433p n=534 nb=8544MB
[pace] trigger by_mature=false by_cadence=true mature=633447p baseline=319433p n=535 nb=8560MB
[pace] trigger by_mature=false by_cadence=true mature=634038p baseline=319433p n=536 nb=8576MB
[pace] trigger by_mature=false by_cadence=true mature=634625p baseline=319433p n=537 nb=8592MB
[pace] trigger by_mature=false by_cadence=true mature=635215p baseline=319433p n=538 nb=8608MB
[pace] trigger by_mature=false by_cadence=true mature=635802p baseline=319433p n=539 nb=8624MB
[pace] trigger by_mature=false by_cadence=true mature=636392p baseline=319433p n=540 nb=8640MB
[pace] trigger by_mature=false by_cadence=true mature=636979p baseline=319433p n=541 nb=8656MB
[pace] trigger by_mature=false by_cadence=true mature=637569p baseline=319433p n=542 nb=8672MB
[pace] trigger by_mature=false by_cadence=true mature=638156p baseline=319433p n=543 nb=8688MB
[pace] trigger by_mature=false by_cadence=true mature=638747p baseline=319433p n=544 nb=8704MB
[pace] trigger by_mature=false by_cadence=true mature=639334p baseline=319433p n=545 nb=8720MB
[pace] trigger by_mature=false by_cadence=true mature=639924p baseline=319433p n=546 nb=8736MB
[pace] trigger by_mature=false by_cadence=true mature=640511p baseline=319433p n=547 nb=8752MB
[pace] trigger by_mature=false by_cadence=true mature=641101p baseline=319433p n=548 nb=8768MB
[pace] trigger by_mature=false by_cadence=true mature=641688p baseline=319433p n=549 nb=8784MB
[pace] trigger by_mature=false by_cadence=true mature=642278p baseline=319433p n=550 nb=8800MB
[pace] trigger by_mature=false by_cadence=true mature=642865p baseline=319433p n=551 nb=8816MB
[pace] trigger by_mature=false by_cadence=true mature=643456p baseline=319433p n=552 nb=8832MB
[pace] trigger by_mature=false by_cadence=true mature=644043p baseline=319433p n=553 nb=8848MB
[pace] trigger by_mature=false by_cadence=true mature=644633p baseline=319433p n=554 nb=8864MB
[pace] trigger by_mature=false by_cadence=true mature=645220p baseline=319433p n=555 nb=8880MB
[pace] trigger by_mature=false by_cadence=true mature=645810p baseline=319433p n=556 nb=8896MB
[pace] trigger by_mature=false by_cadence=true mature=646397p baseline=319433p n=557 nb=8912MB
[pace] trigger by_mature=false by_cadence=true mature=646987p baseline=319433p n=558 nb=8928MB
[pace] trigger by_mature=false by_cadence=true mature=647574p baseline=319433p n=559 nb=8944MB
[pace] trigger by_mature=false by_cadence=true mature=648165p baseline=319433p n=560 nb=8960MB
[pace] trigger by_mature=false by_cadence=true mature=648752p baseline=319433p n=561 nb=8976MB
[pace] trigger by_mature=false by_cadence=true mature=649342p baseline=319433p n=562 nb=8992MB
[pace] trigger by_mature=false by_cadence=true mature=649929p baseline=319433p n=563 nb=9008MB
[pace] trigger by_mature=false by_cadence=true mature=650519p baseline=319433p n=564 nb=9024MB
[pace] trigger by_mature=false by_cadence=true mature=651106p baseline=319433p n=565 nb=9040MB
[pace] trigger by_mature=false by_cadence=true mature=651696p baseline=319433p n=566 nb=9056MB
[pace] trigger by_mature=false by_cadence=true mature=652283p baseline=319433p n=567 nb=9072MB
[pace] trigger by_mature=false by_cadence=true mature=652874p baseline=319433p n=568 nb=9088MB
[pace] trigger by_mature=false by_cadence=true mature=653461p baseline=319433p n=569 nb=9104MB
[pace] trigger by_mature=false by_cadence=true mature=654051p baseline=319433p n=570 nb=9120MB
[pace] trigger by_mature=false by_cadence=true mature=654638p baseline=319433p n=571 nb=9136MB
[pace] trigger by_mature=false by_cadence=true mature=655228p baseline=319433p n=572 nb=9152MB
[pace] trigger by_mature=false by_cadence=true mature=655815p baseline=319433p n=573 nb=9168MB
[pace] trigger by_mature=false by_cadence=true mature=656405p baseline=319433p n=574 nb=9184MB
[pace] trigger by_mature=false by_cadence=true mature=656992p baseline=319433p n=575 nb=9200MB
[pace] trigger by_mature=false by_cadence=true mature=657583p baseline=319433p n=576 nb=9216MB
[pace] trigger by_mature=false by_cadence=true mature=658170p baseline=319433p n=577 nb=9232MB
[pace] trigger by_mature=false by_cadence=true mature=658760p baseline=319433p n=578 nb=9248MB
[pace] trigger by_mature=false by_cadence=true mature=659347p baseline=319433p n=579 nb=9264MB
[pace] trigger by_mature=false by_cadence=true mature=659937p baseline=319433p n=580 nb=9280MB
[pace] trigger by_mature=false by_cadence=true mature=660524p baseline=319433p n=581 nb=9296MB
[pace] trigger by_mature=false by_cadence=true mature=661114p baseline=319433p n=582 nb=9312MB
[pace] trigger by_mature=false by_cadence=true mature=661701p baseline=319433p n=583 nb=9328MB
[pace] trigger by_mature=false by_cadence=true mature=662292p baseline=319433p n=584 nb=9344MB
[pace] trigger by_mature=false by_cadence=true mature=662879p baseline=319433p n=585 nb=9360MB
[pace] trigger by_mature=false by_cadence=true mature=663469p baseline=319433p n=586 nb=9376MB
[pace] trigger by_mature=false by_cadence=true mature=664058p baseline=319433p n=587 nb=9392MB
[pace] trigger by_mature=false by_cadence=true mature=664648p baseline=319433p n=588 nb=9408MB
[pace] trigger by_mature=false by_cadence=true mature=665235p baseline=319433p n=589 nb=9424MB
[pace] trigger by_mature=false by_cadence=true mature=665825p baseline=319433p n=590 nb=9440MB
[pace] trigger by_mature=false by_cadence=true mature=666412p baseline=319433p n=591 nb=9456MB
[pace] trigger by_mature=false by_cadence=true mature=667003p baseline=319433p n=592 nb=9472MB
[pace] trigger by_mature=false by_cadence=true mature=667590p baseline=319433p n=593 nb=9488MB
[pace] trigger by_mature=false by_cadence=true mature=668180p baseline=319433p n=594 nb=9504MB
[pace] trigger by_mature=false by_cadence=true mature=668767p baseline=319433p n=595 nb=9520MB
[pace] trigger by_mature=false by_cadence=true mature=669357p baseline=319433p n=596 nb=9536MB
[pace] trigger by_mature=false by_cadence=true mature=669944p baseline=319433p n=597 nb=9552MB
[pace] trigger by_mature=false by_cadence=true mature=670534p baseline=319433p n=598 nb=9568MB
[pace] trigger by_mature=false by_cadence=true mature=671121p baseline=319433p n=599 nb=9584MB
[pace] trigger by_mature=false by_cadence=true mature=671712p baseline=319433p n=600 nb=9600MB
[pace] trigger by_mature=false by_cadence=true mature=672299p baseline=319433p n=601 nb=9616MB
[pace] trigger by_mature=false by_cadence=true mature=672889p baseline=319433p n=602 nb=9632MB
[pace] trigger by_mature=false by_cadence=true mature=673476p baseline=319433p n=603 nb=9648MB
[pace] trigger by_mature=false by_cadence=true mature=674066p baseline=319433p n=604 nb=9664MB
[pace] trigger by_mature=false by_cadence=true mature=674653p baseline=319433p n=605 nb=9680MB
[pace] trigger by_mature=false by_cadence=true mature=675243p baseline=319433p n=606 nb=9696MB
[pace] trigger by_mature=false by_cadence=true mature=675830p baseline=319433p n=607 nb=9712MB
[pace] trigger by_mature=false by_cadence=true mature=676421p baseline=319433p n=608 nb=9728MB
[pace] trigger by_mature=false by_cadence=true mature=677008p baseline=319433p n=609 nb=9744MB
[pace] trigger by_mature=false by_cadence=true mature=677598p baseline=319433p n=610 nb=9760MB
[pace] trigger by_mature=false by_cadence=true mature=678185p baseline=319433p n=611 nb=9776MB
[pace] trigger by_mature=false by_cadence=true mature=678775p baseline=319433p n=612 nb=9792MB
[pace] trigger by_mature=false by_cadence=true mature=679362p baseline=319433p n=613 nb=9808MB
[pace] trigger by_mature=false by_cadence=true mature=679952p baseline=319433p n=614 nb=9824MB
[pace] trigger by_mature=false by_cadence=true mature=680539p baseline=319433p n=615 nb=9840MB
[pace] trigger by_mature=false by_cadence=true mature=681130p baseline=319433p n=616 nb=9856MB
[pace] trigger by_mature=false by_cadence=true mature=681717p baseline=319433p n=617 nb=9872MB
[pace] trigger by_mature=false by_cadence=true mature=682307p baseline=319433p n=618 nb=9888MB
[pace] trigger by_mature=false by_cadence=true mature=682894p baseline=319433p n=619 nb=9904MB
[pace] trigger by_mature=false by_cadence=true mature=683484p baseline=319433p n=620 nb=9920MB
[pace] trigger by_mature=false by_cadence=true mature=684071p baseline=319433p n=621 nb=9936MB
[pace] trigger by_mature=false by_cadence=true mature=684661p baseline=319433p n=622 nb=9952MB
[pace] trigger by_mature=false by_cadence=true mature=685248p baseline=319433p n=623 nb=9968MB
[pace] trigger by_mature=false by_cadence=true mature=685839p baseline=319433p n=624 nb=9984MB
[pace] trigger by_mature=false by_cadence=true mature=686426p baseline=319433p n=625 nb=10000MB
[pace] trigger by_mature=false by_cadence=true mature=687016p baseline=319433p n=626 nb=10016MB
[pace] trigger by_mature=false by_cadence=true mature=687603p baseline=319433p n=627 nb=10032MB
[pace] trigger by_mature=false by_cadence=true mature=688193p baseline=319433p n=628 nb=10048MB
[pace] trigger by_mature=false by_cadence=true mature=688780p baseline=319433p n=629 nb=10064MB
[pace] trigger by_mature=false by_cadence=true mature=689370p baseline=319433p n=630 nb=10080MB
[pace] trigger by_mature=false by_cadence=true mature=689957p baseline=319433p n=631 nb=10096MB
[pace] trigger by_mature=false by_cadence=true mature=690548p baseline=319433p n=632 nb=10112MB
[pace] trigger by_mature=false by_cadence=true mature=691135p baseline=319433p n=633 nb=10128MB
[pace] trigger by_mature=false by_cadence=true mature=691725p baseline=319433p n=634 nb=10144MB
[pace] trigger by_mature=false by_cadence=true mature=692312p baseline=319433p n=635 nb=10160MB
[pace] trigger by_mature=false by_cadence=true mature=692902p baseline=319433p n=636 nb=10176MB
[pace] trigger by_mature=false by_cadence=true mature=693489p baseline=319433p n=637 nb=10192MB
[pace] trigger by_mature=false by_cadence=true mature=694079p baseline=319433p n=638 nb=10208MB
[pace] trigger by_mature=false by_cadence=true mature=694666p baseline=319433p n=639 nb=10224MB
[pace] trigger by_mature=false by_cadence=true mature=695257p baseline=319433p n=640 nb=10240MB
[pace] trigger by_mature=false by_cadence=true mature=695844p baseline=319433p n=641 nb=10256MB
[pace] trigger by_mature=false by_cadence=true mature=696434p baseline=319433p n=642 nb=10272MB
[pace] trigger by_mature=false by_cadence=true mature=697021p baseline=319433p n=643 nb=10288MB
[pace] trigger by_mature=false by_cadence=true mature=697611p baseline=319433p n=644 nb=10304MB
[pace] trigger by_mature=false by_cadence=true mature=698198p baseline=319433p n=645 nb=10320MB
[pace] trigger by_mature=false by_cadence=true mature=698788p baseline=319433p n=646 nb=10336MB
[pace] trigger by_mature=false by_cadence=true mature=699375p baseline=319433p n=647 nb=10352MB
[pace] trigger by_mature=false by_cadence=true mature=699968p baseline=319433p n=648 nb=10368MB
[pace] trigger by_mature=false by_cadence=true mature=700555p baseline=319433p n=649 nb=10384MB
[pace] trigger by_mature=false by_cadence=true mature=701145p baseline=319433p n=650 nb=10400MB
[pace] trigger by_mature=false by_cadence=true mature=701732p baseline=319433p n=651 nb=10416MB
[pace] trigger by_mature=false by_cadence=true mature=702322p baseline=319433p n=652 nb=10432MB
[pace] trigger by_mature=false by_cadence=true mature=702909p baseline=319433p n=653 nb=10448MB
[pace] trigger by_mature=false by_cadence=true mature=703499p baseline=319433p n=654 nb=10464MB
[pace] trigger by_mature=false by_cadence=true mature=704086p baseline=319433p n=655 nb=10480MB
[pace] trigger by_mature=false by_cadence=true mature=704677p baseline=319433p n=656 nb=10496MB
[pace] trigger by_mature=false by_cadence=true mature=705264p baseline=319433p n=657 nb=10512MB
[pace] trigger by_mature=false by_cadence=true mature=705854p baseline=319433p n=658 nb=10528MB
[pace] trigger by_mature=false by_cadence=true mature=706441p baseline=319433p n=659 nb=10544MB
[pace] trigger by_mature=false by_cadence=true mature=707031p baseline=319433p n=660 nb=10560MB
[pace] trigger by_mature=false by_cadence=true mature=707618p baseline=319433p n=661 nb=10576MB
[pace] trigger by_mature=false by_cadence=true mature=708208p baseline=319433p n=662 nb=10592MB
[pace] trigger by_mature=false by_cadence=true mature=708795p baseline=319433p n=663 nb=10608MB
[pace] trigger by_mature=false by_cadence=true mature=709386p baseline=319433p n=664 nb=10624MB
[pace] trigger by_mature=false by_cadence=true mature=709973p baseline=319433p n=665 nb=10640MB
[pace] trigger by_mature=false by_cadence=true mature=710563p baseline=319433p n=666 nb=10656MB
[pace] trigger by_mature=false by_cadence=true mature=711150p baseline=319433p n=667 nb=10672MB
[pace] trigger by_mature=false by_cadence=true mature=711740p baseline=319433p n=668 nb=10688MB
[pace] trigger by_mature=false by_cadence=true mature=712327p baseline=319433p n=669 nb=10704MB
[pace] trigger by_mature=false by_cadence=true mature=712917p baseline=319433p n=670 nb=10720MB
[pace] trigger by_mature=false by_cadence=true mature=713504p baseline=319433p n=671 nb=10736MB
[pace] trigger by_mature=false by_cadence=true mature=714095p baseline=319433p n=672 nb=10752MB
[pace] trigger by_mature=false by_cadence=true mature=714682p baseline=319433p n=673 nb=10768MB
[pace] trigger by_mature=false by_cadence=true mature=715272p baseline=319433p n=674 nb=10784MB
[pace] trigger by_mature=false by_cadence=true mature=715859p baseline=319433p n=675 nb=10800MB
[pace] trigger by_mature=false by_cadence=true mature=716449p baseline=319433p n=676 nb=10816MB
[pace] trigger by_mature=false by_cadence=true mature=717036p baseline=319433p n=677 nb=10832MB
[pace] trigger by_mature=false by_cadence=true mature=717626p baseline=319433p n=678 nb=10848MB
[pace] trigger by_mature=false by_cadence=true mature=718213p baseline=319433p n=679 nb=10864MB
[pace] trigger by_mature=false by_cadence=true mature=718804p baseline=319433p n=680 nb=10880MB
[pace] trigger by_mature=false by_cadence=true mature=719391p baseline=319433p n=681 nb=10896MB
[pace] trigger by_mature=false by_cadence=true mature=719981p baseline=319433p n=682 nb=10912MB
[pace] trigger by_mature=false by_cadence=true mature=720568p baseline=319433p n=683 nb=10928MB
[pace] trigger by_mature=false by_cadence=true mature=721158p baseline=319433p n=684 nb=10944MB
[pace] trigger by_mature=false by_cadence=true mature=721745p baseline=319433p n=685 nb=10960MB
[pace] trigger by_mature=false by_cadence=true mature=722335p baseline=319433p n=686 nb=10976MB
[pace] trigger by_mature=false by_cadence=true mature=722922p baseline=319433p n=687 nb=10992MB
[pace] trigger by_mature=false by_cadence=true mature=723513p baseline=319433p n=688 nb=11008MB
[pace] trigger by_mature=false by_cadence=true mature=724100p baseline=319433p n=689 nb=11024MB
[pace] trigger by_mature=false by_cadence=true mature=724690p baseline=319433p n=690 nb=11040MB
[pace] trigger by_mature=false by_cadence=true mature=725277p baseline=319433p n=691 nb=11056MB
[pace] trigger by_mature=false by_cadence=true mature=725867p baseline=319433p n=692 nb=11072MB
[pace] trigger by_mature=false by_cadence=true mature=726454p baseline=319433p n=693 nb=11088MB
[pace] trigger by_mature=false by_cadence=true mature=727044p baseline=319433p n=694 nb=11104MB
[pace] trigger by_mature=false by_cadence=true mature=727631p baseline=319433p n=695 nb=11120MB
[pace] trigger by_mature=false by_cadence=true mature=728222p baseline=319433p n=696 nb=11136MB
[pace] trigger by_mature=false by_cadence=true mature=728809p baseline=319433p n=697 nb=11152MB
[pace] trigger by_mature=false by_cadence=true mature=729399p baseline=319433p n=698 nb=11168MB
[pace] trigger by_mature=false by_cadence=true mature=729986p baseline=319433p n=699 nb=11184MB
[pace] trigger by_mature=false by_cadence=true mature=730576p baseline=319433p n=700 nb=11200MB
[pace] trigger by_mature=false by_cadence=true mature=731163p baseline=319433p n=701 nb=11216MB
[pace] trigger by_mature=false by_cadence=true mature=731753p baseline=319433p n=702 nb=11232MB
[pace] trigger by_mature=false by_cadence=true mature=732340p baseline=319433p n=703 nb=11248MB
[pace] trigger by_mature=false by_cadence=true mature=732931p baseline=732931p n=704 nb=11264MB
[pace] slice gate: debt=2863ms quantum=13.0ms minor_ewma=21.8ms tick=false worth=true feasible=true -> sliced
[pace] trigger by_mature=false by_cadence=true mature=942481p baseline=732931p n=358 nb=5728MB
[pace] trigger by_mature=false by_cadence=true mature=943071p baseline=732931p n=359 nb=5744MB
[pace] trigger by_mature=false by_cadence=true mature=943658p baseline=732931p n=360 nb=5760MB
[pace] trigger by_mature=false by_cadence=true mature=944248p baseline=732931p n=361 nb=5776MB
[pace] trigger by_mature=false by_cadence=true mature=944835p baseline=732931p n=362 nb=5792MB
[pace] trigger by_mature=false by_cadence=true mature=945426p baseline=732931p n=363 nb=5808MB
[pace] trigger by_mature=false by_cadence=true mature=946013p baseline=732931p n=364 nb=5824MB
[pace] trigger by_mature=false by_cadence=true mature=946603p baseline=732931p n=365 nb=5840MB
[pace] trigger by_mature=false by_cadence=true mature=947190p baseline=732931p n=366 nb=5856MB
[pace] trigger by_mature=false by_cadence=true mature=947782p baseline=732931p n=367 nb=5872MB
[pace] trigger by_mature=false by_cadence=true mature=948369p baseline=732931p n=368 nb=5888MB
[pace] trigger by_mature=false by_cadence=true mature=948959p baseline=732931p n=369 nb=5904MB
[pace] trigger by_mature=false by_cadence=true mature=949546p baseline=732931p n=370 nb=5920MB
[pace] trigger by_mature=false by_cadence=true mature=950137p baseline=732931p n=371 nb=5936MB
[pace] trigger by_mature=false by_cadence=true mature=950724p baseline=732931p n=372 nb=5952MB
[pace] trigger by_mature=false by_cadence=true mature=951314p baseline=732931p n=373 nb=5968MB
[pace] trigger by_mature=false by_cadence=true mature=951901p baseline=732931p n=374 nb=5984MB
[pace] trigger by_mature=false by_cadence=true mature=952491p baseline=732931p n=375 nb=6000MB
[pace] trigger by_mature=false by_cadence=true mature=953078p baseline=732931p n=376 nb=6016MB
[pace] trigger by_mature=false by_cadence=true mature=953668p baseline=732931p n=377 nb=6032MB
[pace] trigger by_mature=false by_cadence=true mature=954255p baseline=732931p n=378 nb=6048MB
[pace] trigger by_mature=false by_cadence=true mature=954846p baseline=732931p n=379 nb=6064MB
[pace] trigger by_mature=false by_cadence=true mature=955433p baseline=732931p n=380 nb=6080MB
[pace] trigger by_mature=false by_cadence=true mature=956023p baseline=732931p n=381 nb=6096MB
[pace] trigger by_mature=false by_cadence=true mature=956610p baseline=732931p n=382 nb=6112MB
[pace] trigger by_mature=false by_cadence=true mature=957200p baseline=732931p n=383 nb=6128MB
[pace] trigger by_mature=false by_cadence=true mature=957787p baseline=732931p n=384 nb=6144MB
[pace] trigger by_mature=false by_cadence=true mature=958377p baseline=732931p n=385 nb=6160MB
[pace] trigger by_mature=false by_cadence=true mature=958964p baseline=732931p n=386 nb=6176MB
[pace] trigger by_mature=false by_cadence=true mature=959555p baseline=732931p n=387 nb=6192MB
[pace] trigger by_mature=false by_cadence=true mature=960142p baseline=732931p n=388 nb=6208MB
[pace] trigger by_mature=false by_cadence=true mature=960732p baseline=732931p n=389 nb=6224MB
[pace] trigger by_mature=false by_cadence=true mature=961319p baseline=732931p n=390 nb=6240MB
[pace] trigger by_mature=false by_cadence=true mature=961909p baseline=732931p n=391 nb=6256MB
[pace] trigger by_mature=false by_cadence=true mature=962496p baseline=732931p n=392 nb=6272MB
[pace] trigger by_mature=false by_cadence=true mature=963086p baseline=732931p n=393 nb=6288MB
[pace] trigger by_mature=false by_cadence=true mature=963673p baseline=732931p n=394 nb=6304MB
[pace] trigger by_mature=false by_cadence=true mature=964264p baseline=732931p n=395 nb=6320MB
[pace] trigger by_mature=false by_cadence=true mature=964851p baseline=732931p n=396 nb=6336MB
[pace] trigger by_mature=false by_cadence=true mature=965441p baseline=732931p n=397 nb=6352MB
[pace] trigger by_mature=false by_cadence=true mature=966028p baseline=732931p n=398 nb=6368MB
[pace] trigger by_mature=false by_cadence=true mature=966618p baseline=732931p n=399 nb=6384MB
[pace] trigger by_mature=false by_cadence=true mature=967205p baseline=732931p n=400 nb=6400MB
[pace] trigger by_mature=false by_cadence=true mature=967795p baseline=732931p n=401 nb=6416MB
[pace] trigger by_mature=false by_cadence=true mature=968382p baseline=732931p n=402 nb=6432MB
[pace] trigger by_mature=false by_cadence=true mature=968973p baseline=732931p n=403 nb=6448MB
[pace] trigger by_mature=false by_cadence=true mature=969560p baseline=732931p n=404 nb=6464MB
[pace] trigger by_mature=false by_cadence=true mature=970150p baseline=732931p n=405 nb=6480MB
[pace] trigger by_mature=false by_cadence=true mature=970737p baseline=732931p n=406 nb=6496MB
[pace] trigger by_mature=false by_cadence=true mature=971327p baseline=732931p n=407 nb=6512MB
[pace] trigger by_mature=false by_cadence=true mature=971914p baseline=732931p n=408 nb=6528MB
[pace] trigger by_mature=false by_cadence=true mature=972504p baseline=732931p n=409 nb=6544MB
[pace] trigger by_mature=false by_cadence=true mature=973091p baseline=732931p n=410 nb=6560MB
[pace] trigger by_mature=false by_cadence=true mature=973682p baseline=732931p n=411 nb=6576MB
[pace] trigger by_mature=false by_cadence=true mature=974269p baseline=732931p n=412 nb=6592MB
[pace] trigger by_mature=false by_cadence=true mature=974859p baseline=732931p n=413 nb=6608MB
[pace] trigger by_mature=false by_cadence=true mature=975446p baseline=732931p n=414 nb=6624MB
[pace] trigger by_mature=false by_cadence=true mature=976036p baseline=732931p n=415 nb=6640MB
[pace] trigger by_mature=false by_cadence=true mature=976623p baseline=732931p n=416 nb=6656MB
[pace] trigger by_mature=false by_cadence=true mature=977213p baseline=732931p n=417 nb=6672MB
[pace] trigger by_mature=false by_cadence=true mature=977800p baseline=732931p n=418 nb=6688MB
[pace] trigger by_mature=false by_cadence=true mature=978391p baseline=732931p n=419 nb=6704MB
[pace] trigger by_mature=false by_cadence=true mature=978978p baseline=732931p n=420 nb=6720MB
[pace] trigger by_mature=false by_cadence=true mature=979568p baseline=732931p n=421 nb=6736MB
[pace] trigger by_mature=false by_cadence=true mature=980155p baseline=732931p n=422 nb=6752MB
[pace] trigger by_mature=false by_cadence=true mature=980745p baseline=732931p n=423 nb=6768MB
[pace] trigger by_mature=false by_cadence=true mature=981332p baseline=732931p n=424 nb=6784MB
[pace] trigger by_mature=false by_cadence=true mature=981922p baseline=732931p n=425 nb=6800MB
[pace] trigger by_mature=false by_cadence=true mature=982509p baseline=732931p n=426 nb=6816MB
[pace] trigger by_mature=false by_cadence=true mature=983102p baseline=732931p n=427 nb=6832MB
[pace] trigger by_mature=false by_cadence=true mature=983689p baseline=732931p n=428 nb=6848MB
[pace] trigger by_mature=false by_cadence=true mature=984279p baseline=732931p n=429 nb=6864MB
[pace] trigger by_mature=false by_cadence=true mature=984866p baseline=732931p n=430 nb=6880MB
[pace] trigger by_mature=false by_cadence=true mature=985456p baseline=732931p n=431 nb=6896MB
[pace] trigger by_mature=false by_cadence=true mature=986043p baseline=732931p n=432 nb=6912MB
[pace] trigger by_mature=false by_cadence=true mature=986633p baseline=732931p n=433 nb=6928MB
[pace] trigger by_mature=false by_cadence=true mature=987220p baseline=732931p n=434 nb=6944MB
[pace] trigger by_mature=false by_cadence=true mature=987811p baseline=732931p n=435 nb=6960MB
[pace] trigger by_mature=false by_cadence=true mature=988398p baseline=732931p n=436 nb=6976MB
[pace] trigger by_mature=false by_cadence=true mature=988988p baseline=732931p n=437 nb=6992MB
[pace] trigger by_mature=false by_cadence=true mature=989575p baseline=732931p n=438 nb=7008MB
[pace] trigger by_mature=false by_cadence=true mature=990165p baseline=732931p n=439 nb=7024MB
[pace] trigger by_mature=false by_cadence=true mature=990752p baseline=732931p n=440 nb=7040MB
[pace] trigger by_mature=false by_cadence=true mature=991342p baseline=732931p n=441 nb=7056MB
[pace] trigger by_mature=false by_cadence=true mature=991929p baseline=732931p n=442 nb=7072MB
[pace] trigger by_mature=false by_cadence=true mature=992520p baseline=732931p n=443 nb=7088MB
[pace] trigger by_mature=false by_cadence=true mature=993107p baseline=732931p n=444 nb=7104MB
[pace] trigger by_mature=false by_cadence=true mature=993697p baseline=732931p n=445 nb=7120MB
[pace] trigger by_mature=false by_cadence=true mature=994284p baseline=732931p n=446 nb=7136MB
[pace] trigger by_mature=false by_cadence=true mature=994874p baseline=732931p n=447 nb=7152MB
[pace] trigger by_mature=false by_cadence=true mature=995461p baseline=732931p n=448 nb=7168MB
[pace] trigger by_mature=false by_cadence=true mature=996051p baseline=732931p n=449 nb=7184MB
[pace] trigger by_mature=false by_cadence=true mature=996638p baseline=732931p n=450 nb=7200MB
[pace] trigger by_mature=false by_cadence=true mature=997229p baseline=732931p n=451 nb=7216MB
[pace] trigger by_mature=false by_cadence=true mature=997816p baseline=732931p n=452 nb=7232MB
[pace] trigger by_mature=false by_cadence=true mature=998406p baseline=732931p n=453 nb=7248MB
[pace] trigger by_mature=false by_cadence=true mature=998993p baseline=732931p n=454 nb=7264MB
[pace] trigger by_mature=false by_cadence=true mature=999583p baseline=732931p n=455 nb=7280MB
[pace] trigger by_mature=false by_cadence=true mature=1000170p baseline=732931p n=456 nb=7296MB
[pace] trigger by_mature=false by_cadence=true mature=1000760p baseline=732931p n=457 nb=7312MB
[pace] trigger by_mature=false by_cadence=true mature=1001347p baseline=732931p n=458 nb=7328MB
[pace] trigger by_mature=false by_cadence=true mature=1001938p baseline=732931p n=459 nb=7344MB
[pace] trigger by_mature=false by_cadence=true mature=1002525p baseline=732931p n=460 nb=7360MB
[pace] trigger by_mature=false by_cadence=true mature=1003115p baseline=732931p n=461 nb=7376MB
[pace] trigger by_mature=false by_cadence=true mature=1003702p baseline=732931p n=462 nb=7392MB
[pace] trigger by_mature=false by_cadence=true mature=1004292p baseline=732931p n=463 nb=7408MB
[pace] trigger by_mature=false by_cadence=true mature=1004879p baseline=732931p n=464 nb=7424MB
[pace] trigger by_mature=false by_cadence=true mature=1005469p baseline=732931p n=465 nb=7440MB
[pace] trigger by_mature=false by_cadence=true mature=1006056p baseline=732931p n=466 nb=7456MB
[pace] trigger by_mature=false by_cadence=true mature=1006647p baseline=732931p n=467 nb=7472MB
[pace] trigger by_mature=false by_cadence=true mature=1007234p baseline=732931p n=468 nb=7488MB
[pace] trigger by_mature=false by_cadence=true mature=1007824p baseline=732931p n=469 nb=7504MB
[pace] trigger by_mature=false by_cadence=true mature=1008411p baseline=732931p n=470 nb=7520MB
[pace] trigger by_mature=false by_cadence=true mature=1009001p baseline=732931p n=471 nb=7536MB
[pace] trigger by_mature=false by_cadence=true mature=1009588p baseline=732931p n=472 nb=7552MB
[pace] trigger by_mature=false by_cadence=true mature=1010178p baseline=732931p n=473 nb=7568MB
[pace] trigger by_mature=false by_cadence=true mature=1010765p baseline=732931p n=474 nb=7584MB
[pace] trigger by_mature=false by_cadence=true mature=1011356p baseline=732931p n=475 nb=7600MB
[pace] trigger by_mature=false by_cadence=true mature=1011943p baseline=732931p n=476 nb=7616MB
[pace] trigger by_mature=false by_cadence=true mature=1012533p baseline=732931p n=477 nb=7632MB
[pace] trigger by_mature=false by_cadence=true mature=1013120p baseline=732931p n=478 nb=7648MB
[pace] trigger by_mature=false by_cadence=true mature=1013710p baseline=732931p n=479 nb=7664MB
[pace] trigger by_mature=false by_cadence=true mature=1014297p baseline=732931p n=480 nb=7680MB
[pace] trigger by_mature=false by_cadence=true mature=1014887p baseline=732931p n=481 nb=7696MB
[pace] trigger by_mature=false by_cadence=true mature=1015474p baseline=732931p n=482 nb=7712MB
[pace] trigger by_mature=false by_cadence=true mature=1016065p baseline=732931p n=483 nb=7728MB
[pace] trigger by_mature=false by_cadence=true mature=1016652p baseline=732931p n=484 nb=7744MB
[pace] trigger by_mature=false by_cadence=true mature=1017242p baseline=732931p n=485 nb=7760MB
[pace] trigger by_mature=false by_cadence=true mature=1017829p baseline=732931p n=486 nb=7776MB
[pace] trigger by_mature=false by_cadence=true mature=1018419p baseline=732931p n=487 nb=7792MB
[pace] trigger by_mature=false by_cadence=true mature=1019008p baseline=732931p n=488 nb=7808MB
[pace] trigger by_mature=false by_cadence=true mature=1019598p baseline=732931p n=489 nb=7824MB
[pace] trigger by_mature=false by_cadence=true mature=1020185p baseline=732931p n=490 nb=7840MB
[pace] trigger by_mature=false by_cadence=true mature=1020776p baseline=732931p n=491 nb=7856MB
[pace] trigger by_mature=false by_cadence=true mature=1021363p baseline=732931p n=492 nb=7872MB
[pace] trigger by_mature=false by_cadence=true mature=1021953p baseline=732931p n=493 nb=7888MB
[pace] trigger by_mature=false by_cadence=true mature=1022540p baseline=732931p n=494 nb=7904MB
[pace] trigger by_mature=false by_cadence=true mature=1023130p baseline=732931p n=495 nb=7920MB
[pace] trigger by_mature=false by_cadence=true mature=1023717p baseline=732931p n=496 nb=7936MB
[pace] trigger by_mature=false by_cadence=true mature=1024307p baseline=732931p n=497 nb=7952MB
[pace] trigger by_mature=false by_cadence=true mature=1024894p baseline=732931p n=498 nb=7968MB
[pace] trigger by_mature=false by_cadence=true mature=1025485p baseline=732931p n=499 nb=7984MB
[pace] trigger by_mature=false by_cadence=true mature=1026072p baseline=732931p n=500 nb=8000MB
[pace] trigger by_mature=false by_cadence=true mature=1026662p baseline=732931p n=501 nb=8016MB
[pace] trigger by_mature=false by_cadence=true mature=1027249p baseline=732931p n=502 nb=8032MB
[pace] trigger by_mature=false by_cadence=true mature=1027839p baseline=732931p n=503 nb=8048MB
[pace] trigger by_mature=false by_cadence=true mature=1028426p baseline=732931p n=504 nb=8064MB
[pace] trigger by_mature=false by_cadence=true mature=1029016p baseline=732931p n=505 nb=8080MB
[pace] trigger by_mature=false by_cadence=true mature=1029603p baseline=732931p n=506 nb=8096MB
[pace] trigger by_mature=false by_cadence=true mature=1030194p baseline=732931p n=507 nb=8112MB
[pace] trigger by_mature=false by_cadence=true mature=1030781p baseline=732931p n=508 nb=8128MB
[pace] trigger by_mature=false by_cadence=true mature=1031371p baseline=732931p n=509 nb=8144MB
[pace] trigger by_mature=false by_cadence=true mature=1031958p baseline=732931p n=510 nb=8160MB
[pace] trigger by_mature=false by_cadence=true mature=1032548p baseline=732931p n=511 nb=8176MB
[pace] trigger by_mature=false by_cadence=true mature=1033135p baseline=732931p n=512 nb=8192MB
[pace] trigger by_mature=false by_cadence=true mature=1033725p baseline=732931p n=513 nb=8208MB
[pace] trigger by_mature=false by_cadence=true mature=1034312p baseline=732931p n=514 nb=8224MB
[pace] trigger by_mature=false by_cadence=true mature=1034903p baseline=732931p n=515 nb=8240MB
[pace] trigger by_mature=false by_cadence=true mature=1035490p baseline=732931p n=516 nb=8256MB
[pace] trigger by_mature=false by_cadence=true mature=1036080p baseline=732931p n=517 nb=8272MB
[pace] trigger by_mature=false by_cadence=true mature=1036667p baseline=732931p n=518 nb=8288MB
[pace] trigger by_mature=false by_cadence=true mature=1037257p baseline=732931p n=519 nb=8304MB
[pace] trigger by_mature=false by_cadence=true mature=1037844p baseline=732931p n=520 nb=8320MB
[pace] trigger by_mature=false by_cadence=true mature=1038434p baseline=732931p n=521 nb=8336MB
[pace] trigger by_mature=false by_cadence=true mature=1039021p baseline=732931p n=522 nb=8352MB
[pace] trigger by_mature=false by_cadence=true mature=1039612p baseline=732931p n=523 nb=8368MB
[pace] trigger by_mature=false by_cadence=true mature=1040199p baseline=732931p n=524 nb=8384MB
[pace] trigger by_mature=false by_cadence=true mature=1040789p baseline=732931p n=525 nb=8400MB
[pace] trigger by_mature=false by_cadence=true mature=1041376p baseline=732931p n=526 nb=8416MB
[pace] trigger by_mature=false by_cadence=true mature=1041966p baseline=732931p n=527 nb=8432MB
[pace] trigger by_mature=false by_cadence=true mature=1042553p baseline=732931p n=528 nb=8448MB
[pace] trigger by_mature=false by_cadence=true mature=1043143p baseline=732931p n=529 nb=8464MB
[pace] trigger by_mature=false by_cadence=true mature=1043730p baseline=732931p n=530 nb=8480MB
[pace] trigger by_mature=false by_cadence=true mature=1044321p baseline=732931p n=531 nb=8496MB
[pace] trigger by_mature=false by_cadence=true mature=1044908p baseline=732931p n=532 nb=8512MB
[pace] trigger by_mature=false by_cadence=true mature=1045498p baseline=732931p n=533 nb=8528MB
[pace] trigger by_mature=false by_cadence=true mature=1046085p baseline=732931p n=534 nb=8544MB
[pace] trigger by_mature=false by_cadence=true mature=1046675p baseline=732931p n=535 nb=8560MB
[pace] trigger by_mature=false by_cadence=true mature=1047262p baseline=732931p n=536 nb=8576MB
[pace] trigger by_mature=false by_cadence=true mature=1047852p baseline=732931p n=537 nb=8592MB
[pace] trigger by_mature=false by_cadence=true mature=1048439p baseline=732931p n=538 nb=8608MB
[pace] trigger by_mature=false by_cadence=true mature=1049030p baseline=732931p n=539 nb=8624MB
[pace] trigger by_mature=false by_cadence=true mature=1049617p baseline=732931p n=540 nb=8640MB
[pace] trigger by_mature=false by_cadence=true mature=1050207p baseline=732931p n=541 nb=8656MB
[pace] trigger by_mature=false by_cadence=true mature=1050794p baseline=732931p n=542 nb=8672MB
[pace] trigger by_mature=false by_cadence=true mature=1051384p baseline=732931p n=543 nb=8688MB
[pace] trigger by_mature=false by_cadence=true mature=1051971p baseline=732931p n=544 nb=8704MB
[pace] trigger by_mature=false by_cadence=true mature=1052561p baseline=732931p n=545 nb=8720MB
[pace] trigger by_mature=false by_cadence=true mature=1053148p baseline=732931p n=546 nb=8736MB
[pace] trigger by_mature=false by_cadence=true mature=1053739p baseline=732931p n=547 nb=8752MB
[pace] trigger by_mature=false by_cadence=true mature=1054328p baseline=732931p n=548 nb=8768MB
[pace] trigger by_mature=false by_cadence=true mature=1054918p baseline=732931p n=549 nb=8784MB
[pace] trigger by_mature=false by_cadence=true mature=1055505p baseline=732931p n=550 nb=8800MB
[pace] trigger by_mature=false by_cadence=true mature=1056095p baseline=732931p n=551 nb=8816MB
[pace] trigger by_mature=false by_cadence=true mature=1056682p baseline=732931p n=552 nb=8832MB
[pace] trigger by_mature=false by_cadence=true mature=1057272p baseline=732931p n=553 nb=8848MB
[pace] trigger by_mature=false by_cadence=true mature=1057859p baseline=732931p n=554 nb=8864MB
[pace] trigger by_mature=false by_cadence=true mature=1058450p baseline=732931p n=555 nb=8880MB
[pace] trigger by_mature=false by_cadence=true mature=1059037p baseline=732931p n=556 nb=8896MB
[pace] trigger by_mature=false by_cadence=true mature=1059627p baseline=732931p n=557 nb=8912MB
[pace] trigger by_mature=false by_cadence=true mature=1060214p baseline=732931p n=558 nb=8928MB
[pace] trigger by_mature=false by_cadence=true mature=1060804p baseline=732931p n=559 nb=8944MB
[pace] trigger by_mature=false by_cadence=true mature=1061391p baseline=732931p n=560 nb=8960MB
[pace] trigger by_mature=false by_cadence=true mature=1061981p baseline=732931p n=561 nb=8976MB
[pace] trigger by_mature=false by_cadence=true mature=1062568p baseline=732931p n=562 nb=8992MB
[pace] trigger by_mature=false by_cadence=true mature=1063159p baseline=732931p n=563 nb=9008MB
[pace] trigger by_mature=false by_cadence=true mature=1063746p baseline=732931p n=564 nb=9024MB
[pace] trigger by_mature=false by_cadence=true mature=1064336p baseline=732931p n=565 nb=9040MB
[pace] trigger by_mature=false by_cadence=true mature=1064923p baseline=732931p n=566 nb=9056MB
[pace] trigger by_mature=false by_cadence=true mature=1065513p baseline=732931p n=567 nb=9072MB
[pace] trigger by_mature=false by_cadence=true mature=1066100p baseline=732931p n=568 nb=9088MB
[pace] trigger by_mature=false by_cadence=true mature=1066690p baseline=732931p n=569 nb=9104MB
[pace] trigger by_mature=false by_cadence=true mature=1067277p baseline=732931p n=570 nb=9120MB
[pace] trigger by_mature=false by_cadence=true mature=1067868p baseline=732931p n=571 nb=9136MB
[pace] trigger by_mature=false by_cadence=true mature=1068455p baseline=732931p n=572 nb=9152MB
[pace] trigger by_mature=false by_cadence=true mature=1069045p baseline=732931p n=573 nb=9168MB
[pace] trigger by_mature=false by_cadence=true mature=1069632p baseline=732931p n=574 nb=9184MB
[pace] trigger by_mature=false by_cadence=true mature=1070222p baseline=732931p n=575 nb=9200MB
[pace] trigger by_mature=false by_cadence=true mature=1070809p baseline=732931p n=576 nb=9216MB
[pace] trigger by_mature=false by_cadence=true mature=1071399p baseline=732931p n=577 nb=9232MB
[pace] trigger by_mature=false by_cadence=true mature=1071986p baseline=732931p n=578 nb=9248MB
[pace] trigger by_mature=false by_cadence=true mature=1072577p baseline=732931p n=579 nb=9264MB
[pace] trigger by_mature=false by_cadence=true mature=1073164p baseline=732931p n=580 nb=9280MB
[pace] trigger by_mature=false by_cadence=true mature=1073754p baseline=732931p n=581 nb=9296MB
[pace] trigger by_mature=false by_cadence=true mature=1074341p baseline=732931p n=582 nb=9312MB
[pace] trigger by_mature=false by_cadence=true mature=1074931p baseline=732931p n=583 nb=9328MB
[pace] trigger by_mature=false by_cadence=true mature=1075518p baseline=732931p n=584 nb=9344MB
[pace] trigger by_mature=false by_cadence=true mature=1076108p baseline=732931p n=585 nb=9360MB
[pace] trigger by_mature=false by_cadence=true mature=1076695p baseline=732931p n=586 nb=9376MB
[pace] trigger by_mature=false by_cadence=true mature=1077286p baseline=732931p n=587 nb=9392MB
[pace] trigger by_mature=false by_cadence=true mature=1077873p baseline=732931p n=588 nb=9408MB
[pace] trigger by_mature=false by_cadence=true mature=1078463p baseline=732931p n=589 nb=9424MB
[pace] trigger by_mature=false by_cadence=true mature=1079050p baseline=732931p n=590 nb=9440MB
[pace] trigger by_mature=false by_cadence=true mature=1079640p baseline=732931p n=591 nb=9456MB
[pace] trigger by_mature=false by_cadence=true mature=1080227p baseline=732931p n=592 nb=9472MB
[pace] trigger by_mature=false by_cadence=true mature=1080817p baseline=732931p n=593 nb=9488MB
[pace] trigger by_mature=false by_cadence=true mature=1081404p baseline=732931p n=594 nb=9504MB
[pace] trigger by_mature=false by_cadence=true mature=1081995p baseline=732931p n=595 nb=9520MB
[pace] trigger by_mature=false by_cadence=true mature=1082582p baseline=732931p n=596 nb=9536MB
[pace] trigger by_mature=false by_cadence=true mature=1083172p baseline=732931p n=597 nb=9552MB
[pace] trigger by_mature=false by_cadence=true mature=1083759p baseline=732931p n=598 nb=9568MB
[pace] trigger by_mature=false by_cadence=true mature=1084349p baseline=732931p n=599 nb=9584MB
[pace] trigger by_mature=false by_cadence=true mature=1084936p baseline=732931p n=600 nb=9600MB
[pace] trigger by_mature=false by_cadence=true mature=1085526p baseline=732931p n=601 nb=9616MB
[pace] trigger by_mature=false by_cadence=true mature=1086113p baseline=732931p n=602 nb=9632MB
[pace] trigger by_mature=false by_cadence=true mature=1086704p baseline=732931p n=603 nb=9648MB
[pace] trigger by_mature=false by_cadence=true mature=1087291p baseline=732931p n=604 nb=9664MB
[pace] trigger by_mature=false by_cadence=true mature=1087881p baseline=732931p n=605 nb=9680MB
[pace] trigger by_mature=false by_cadence=true mature=1088468p baseline=732931p n=606 nb=9696MB
[pace] trigger by_mature=false by_cadence=true mature=1089058p baseline=732931p n=607 nb=9712MB
[pace] trigger by_mature=false by_cadence=true mature=1089647p baseline=732931p n=608 nb=9728MB
[pace] trigger by_mature=false by_cadence=true mature=1090237p baseline=732931p n=609 nb=9744MB
[pace] trigger by_mature=false by_cadence=true mature=1090824p baseline=732931p n=610 nb=9760MB
[pace] trigger by_mature=false by_cadence=true mature=1091415p baseline=732931p n=611 nb=9776MB
[pace] trigger by_mature=false by_cadence=true mature=1092002p baseline=732931p n=612 nb=9792MB
[pace] trigger by_mature=false by_cadence=true mature=1092592p baseline=732931p n=613 nb=9808MB
[pace] trigger by_mature=false by_cadence=true mature=1093179p baseline=732931p n=614 nb=9824MB
[pace] trigger by_mature=false by_cadence=true mature=1093769p baseline=732931p n=615 nb=9840MB
[pace] trigger by_mature=false by_cadence=true mature=1094356p baseline=732931p n=616 nb=9856MB
[pace] trigger by_mature=false by_cadence=true mature=1094946p baseline=732931p n=617 nb=9872MB
[pace] trigger by_mature=false by_cadence=true mature=1095533p baseline=732931p n=618 nb=9888MB
[pace] trigger by_mature=false by_cadence=true mature=1096124p baseline=732931p n=619 nb=9904MB
[pace] trigger by_mature=false by_cadence=true mature=1096711p baseline=732931p n=620 nb=9920MB
[pace] trigger by_mature=false by_cadence=true mature=1097301p baseline=732931p n=621 nb=9936MB
[pace] trigger by_mature=false by_cadence=true mature=1097888p baseline=732931p n=622 nb=9952MB
[pace] trigger by_mature=false by_cadence=true mature=1098478p baseline=732931p n=623 nb=9968MB
[pace] trigger by_mature=false by_cadence=true mature=1099065p baseline=732931p n=624 nb=9984MB
[pace] trigger by_mature=false by_cadence=true mature=1099655p baseline=732931p n=625 nb=10000MB
[pace] trigger by_mature=false by_cadence=true mature=1100242p baseline=732931p n=626 nb=10016MB
[pace] trigger by_mature=false by_cadence=true mature=1100833p baseline=732931p n=627 nb=10032MB
[pace] trigger by_mature=false by_cadence=true mature=1101420p baseline=732931p n=628 nb=10048MB
[pace] trigger by_mature=false by_cadence=true mature=1102010p baseline=732931p n=629 nb=10064MB
[pace] trigger by_mature=false by_cadence=true mature=1102597p baseline=732931p n=630 nb=10080MB
[pace] trigger by_mature=false by_cadence=true mature=1103187p baseline=732931p n=631 nb=10096MB
[pace] trigger by_mature=false by_cadence=true mature=1103774p baseline=732931p n=632 nb=10112MB
[pace] trigger by_mature=false by_cadence=true mature=1104364p baseline=732931p n=633 nb=10128MB
[pace] trigger by_mature=false by_cadence=true mature=1104951p baseline=732931p n=634 nb=10144MB
[pace] trigger by_mature=false by_cadence=true mature=1105542p baseline=732931p n=635 nb=10160MB
[pace] trigger by_mature=false by_cadence=true mature=1106129p baseline=732931p n=636 nb=10176MB
[pace] trigger by_mature=false by_cadence=true mature=1106719p baseline=732931p n=637 nb=10192MB
[pace] trigger by_mature=false by_cadence=true mature=1107306p baseline=732931p n=638 nb=10208MB
[pace] trigger by_mature=false by_cadence=true mature=1107896p baseline=732931p n=639 nb=10224MB
[pace] trigger by_mature=false by_cadence=true mature=1108483p baseline=732931p n=640 nb=10240MB
[pace] trigger by_mature=false by_cadence=true mature=1109073p baseline=732931p n=641 nb=10256MB
[pace] trigger by_mature=false by_cadence=true mature=1109660p baseline=732931p n=642 nb=10272MB
[pace] trigger by_mature=false by_cadence=true mature=1110251p baseline=732931p n=643 nb=10288MB
[pace] trigger by_mature=false by_cadence=true mature=1110838p baseline=732931p n=644 nb=10304MB
[pace] trigger by_mature=false by_cadence=true mature=1111428p baseline=732931p n=645 nb=10320MB
[pace] trigger by_mature=false by_cadence=true mature=1112015p baseline=732931p n=646 nb=10336MB
[pace] trigger by_mature=false by_cadence=true mature=1112605p baseline=732931p n=647 nb=10352MB
[pace] trigger by_mature=false by_cadence=true mature=1113192p baseline=732931p n=648 nb=10368MB
[pace] trigger by_mature=false by_cadence=true mature=1113782p baseline=732931p n=649 nb=10384MB
[pace] trigger by_mature=false by_cadence=true mature=1114369p baseline=732931p n=650 nb=10400MB
[pace] trigger by_mature=false by_cadence=true mature=1114960p baseline=732931p n=651 nb=10416MB
[pace] trigger by_mature=false by_cadence=true mature=1115547p baseline=732931p n=652 nb=10432MB
[pace] trigger by_mature=false by_cadence=true mature=1116137p baseline=732931p n=653 nb=10448MB
[pace] trigger by_mature=false by_cadence=true mature=1116724p baseline=732931p n=654 nb=10464MB
[pace] trigger by_mature=false by_cadence=true mature=1117314p baseline=732931p n=655 nb=10480MB
[pace] trigger by_mature=false by_cadence=true mature=1117901p baseline=732931p n=656 nb=10496MB
[pace] trigger by_mature=false by_cadence=true mature=1118491p baseline=732931p n=657 nb=10512MB
[pace] trigger by_mature=false by_cadence=true mature=1119078p baseline=732931p n=658 nb=10528MB
[pace] trigger by_mature=false by_cadence=true mature=1119669p baseline=732931p n=659 nb=10544MB
[pace] trigger by_mature=false by_cadence=true mature=1120256p baseline=732931p n=660 nb=10560MB
[pace] trigger by_mature=false by_cadence=true mature=1120846p baseline=732931p n=661 nb=10576MB
[pace] trigger by_mature=false by_cadence=true mature=1121433p baseline=732931p n=662 nb=10592MB
[pace] trigger by_mature=false by_cadence=true mature=1122023p baseline=732931p n=663 nb=10608MB
[pace] trigger by_mature=false by_cadence=true mature=1122610p baseline=732931p n=664 nb=10624MB
[pace] trigger by_mature=false by_cadence=true mature=1123200p baseline=732931p n=665 nb=10640MB
[pace] trigger by_mature=false by_cadence=true mature=1123787p baseline=732931p n=666 nb=10656MB
[pace] trigger by_mature=false by_cadence=true mature=1124378p baseline=732931p n=667 nb=10672MB
[pace] trigger by_mature=false by_cadence=true mature=1124967p baseline=732931p n=668 nb=10688MB
[pace] trigger by_mature=false by_cadence=true mature=1125557p baseline=732931p n=669 nb=10704MB
[pace] trigger by_mature=false by_cadence=true mature=1126144p baseline=732931p n=670 nb=10720MB
[pace] trigger by_mature=false by_cadence=true mature=1126734p baseline=732931p n=671 nb=10736MB
[pace] trigger by_mature=false by_cadence=true mature=1127321p baseline=732931p n=672 nb=10752MB
[pace] trigger by_mature=false by_cadence=true mature=1127911p baseline=732931p n=673 nb=10768MB
[pace] trigger by_mature=false by_cadence=true mature=1128498p baseline=732931p n=674 nb=10784MB
[pace] trigger by_mature=false by_cadence=true mature=1129089p baseline=732931p n=675 nb=10800MB
[pace] trigger by_mature=false by_cadence=true mature=1129676p baseline=732931p n=676 nb=10816MB
[pace] trigger by_mature=false by_cadence=true mature=1130266p baseline=732931p n=677 nb=10832MB
[pace] trigger by_mature=false by_cadence=true mature=1130853p baseline=732931p n=678 nb=10848MB
[pace] trigger by_mature=false by_cadence=true mature=1131443p baseline=732931p n=679 nb=10864MB
[pace] trigger by_mature=false by_cadence=true mature=1132030p baseline=732931p n=680 nb=10880MB
[pace] trigger by_mature=false by_cadence=true mature=1132620p baseline=732931p n=681 nb=10896MB
[pace] trigger by_mature=false by_cadence=true mature=1133207p baseline=732931p n=682 nb=10912MB
[pace] trigger by_mature=false by_cadence=true mature=1133798p baseline=732931p n=683 nb=10928MB
[pace] trigger by_mature=false by_cadence=true mature=1134385p baseline=732931p n=684 nb=10944MB
[pace] trigger by_mature=false by_cadence=true mature=1134975p baseline=732931p n=685 nb=10960MB
[pace] trigger by_mature=false by_cadence=true mature=1135562p baseline=732931p n=686 nb=10976MB
[pace] trigger by_mature=false by_cadence=true mature=1136152p baseline=732931p n=687 nb=10992MB
[pace] trigger by_mature=false by_cadence=true mature=1136739p baseline=732931p n=688 nb=11008MB
[pace] trigger by_mature=false by_cadence=true mature=1137329p baseline=732931p n=689 nb=11024MB
[pace] trigger by_mature=false by_cadence=true mature=1137916p baseline=732931p n=690 nb=11040MB
[pace] trigger by_mature=false by_cadence=true mature=1138507p baseline=732931p n=691 nb=11056MB
[pace] trigger by_mature=false by_cadence=true mature=1139094p baseline=732931p n=692 nb=11072MB
[pace] trigger by_mature=false by_cadence=true mature=1139684p baseline=732931p n=693 nb=11088MB
[pace] trigger by_mature=false by_cadence=true mature=1140271p baseline=732931p n=694 nb=11104MB
[pace] trigger by_mature=false by_cadence=true mature=1140861p baseline=732931p n=695 nb=11120MB
[pace] trigger by_mature=false by_cadence=true mature=1141448p baseline=732931p n=696 nb=11136MB
[pace] trigger by_mature=false by_cadence=true mature=1142038p baseline=732931p n=697 nb=11152MB
[pace] trigger by_mature=false by_cadence=true mature=1142625p baseline=732931p n=698 nb=11168MB
[pace] trigger by_mature=false by_cadence=true mature=1143216p baseline=732931p n=699 nb=11184MB
[pace] trigger by_mature=false by_cadence=true mature=1143803p baseline=732931p n=700 nb=11200MB
[pace] trigger by_mature=false by_cadence=true mature=1144393p baseline=732931p n=701 nb=11216MB
[pace] trigger by_mature=false by_cadence=true mature=1144980p baseline=732931p n=702 nb=11232MB
[pace] trigger by_mature=false by_cadence=true mature=1145570p baseline=732931p n=703 nb=11248MB
[pace] trigger by_mature=false by_cadence=true mature=1146157p baseline=732931p n=704 nb=11264MB
[pace] trigger by_mature=false by_cadence=true mature=1146747p baseline=732931p n=705 nb=11280MB
[pace] trigger by_mature=false by_cadence=true mature=1147334p baseline=732931p n=706 nb=11296MB
[pace] trigger by_mature=false by_cadence=true mature=1147925p baseline=732931p n=707 nb=11312MB
[pace] trigger by_mature=false by_cadence=true mature=1148512p baseline=732931p n=708 nb=11328MB
[pace] trigger by_mature=false by_cadence=true mature=1149102p baseline=732931p n=709 nb=11344MB
[pace] trigger by_mature=false by_cadence=true mature=1149689p baseline=732931p n=710 nb=11360MB
[pace] trigger by_mature=false by_cadence=true mature=1150279p baseline=732931p n=711 nb=11376MB
[pace] trigger by_mature=false by_cadence=true mature=1150866p baseline=732931p n=712 nb=11392MB
[pace] trigger by_mature=false by_cadence=true mature=1151456p baseline=732931p n=713 nb=11408MB
[pace] trigger by_mature=false by_cadence=true mature=1152043p baseline=732931p n=714 nb=11424MB
[pace] trigger by_mature=false by_cadence=true mature=1152634p baseline=732931p n=715 nb=11440MB
[pace] trigger by_mature=false by_cadence=true mature=1153221p baseline=732931p n=716 nb=11456MB
[pace] trigger by_mature=false by_cadence=true mature=1153811p baseline=732931p n=717 nb=11472MB
[pace] trigger by_mature=false by_cadence=true mature=1154398p baseline=732931p n=718 nb=11488MB
[pace] trigger by_mature=false by_cadence=true mature=1154988p baseline=732931p n=719 nb=11504MB
[pace] trigger by_mature=false by_cadence=true mature=1155575p baseline=732931p n=720 nb=11520MB
[pace] trigger by_mature=false by_cadence=true mature=1156165p baseline=732931p n=721 nb=11536MB
[pace] trigger by_mature=false by_cadence=true mature=1156752p baseline=732931p n=722 nb=11552MB
[pace] trigger by_mature=false by_cadence=true mature=1157343p baseline=732931p n=723 nb=11568MB
[pace] trigger by_mature=false by_cadence=true mature=1157930p baseline=732931p n=724 nb=11584MB
[pace] trigger by_mature=false by_cadence=true mature=1158520p baseline=732931p n=725 nb=11600MB
[pace] trigger by_mature=false by_cadence=true mature=1159107p baseline=732931p n=726 nb=11616MB
[pace] trigger by_mature=false by_cadence=true mature=1159697p baseline=732931p n=727 nb=11632MB
[pace] trigger by_mature=false by_cadence=true mature=1160284p baseline=732931p n=728 nb=11648MB
[pace] trigger by_mature=false by_cadence=true mature=1160876p baseline=732931p n=729 nb=11664MB
[pace] trigger by_mature=false by_cadence=true mature=1161463p baseline=732931p n=730 nb=11680MB
[pace] trigger by_mature=false by_cadence=true mature=1162054p baseline=732931p n=731 nb=11696MB
[pace] trigger by_mature=false by_cadence=true mature=1162641p baseline=732931p n=732 nb=11712MB
[pace] trigger by_mature=false by_cadence=true mature=1163231p baseline=732931p n=733 nb=11728MB
[pace] trigger by_mature=false by_cadence=true mature=1163818p baseline=732931p n=734 nb=11744MB
[pace] trigger by_mature=false by_cadence=true mature=1164408p baseline=732931p n=735 nb=11760MB
[pace] trigger by_mature=false by_cadence=true mature=1164995p baseline=732931p n=736 nb=11776MB
[pace] trigger by_mature=false by_cadence=true mature=1165585p baseline=732931p n=737 nb=11792MB
[pace] trigger by_mature=false by_cadence=true mature=1166172p baseline=732931p n=738 nb=11808MB
[pace] trigger by_mature=false by_cadence=true mature=1166763p baseline=732931p n=739 nb=11824MB
[pace] trigger by_mature=false by_cadence=true mature=1167350p baseline=732931p n=740 nb=11840MB
[pace] trigger by_mature=false by_cadence=true mature=1167940p baseline=732931p n=741 nb=11856MB
[pace] trigger by_mature=false by_cadence=true mature=1168527p baseline=732931p n=742 nb=11872MB
[pace] trigger by_mature=false by_cadence=true mature=1169117p baseline=732931p n=743 nb=11888MB
[pace] trigger by_mature=false by_cadence=true mature=1169704p baseline=732931p n=744 nb=11904MB
[pace] trigger by_mature=false by_cadence=true mature=1170294p baseline=732931p n=745 nb=11920MB
[pace] trigger by_mature=false by_cadence=true mature=1170881p baseline=732931p n=746 nb=11936MB
[pace] trigger by_mature=false by_cadence=true mature=1171472p baseline=732931p n=747 nb=11952MB
[pace] trigger by_mature=false by_cadence=true mature=1172059p baseline=732931p n=748 nb=11968MB
[pace] trigger by_mature=false by_cadence=true mature=1172649p baseline=732931p n=749 nb=11984MB
[pace] trigger by_mature=false by_cadence=true mature=1173236p baseline=732931p n=750 nb=12000MB
[pace] trigger by_mature=false by_cadence=true mature=1173826p baseline=732931p n=751 nb=12016MB
[pace] trigger by_mature=false by_cadence=true mature=1174413p baseline=732931p n=752 nb=12032MB
[pace] trigger by_mature=false by_cadence=true mature=1175003p baseline=732931p n=753 nb=12048MB
[pace] trigger by_mature=false by_cadence=true mature=1175590p baseline=732931p n=754 nb=12064MB
[pace] trigger by_mature=false by_cadence=true mature=1176181p baseline=732931p n=755 nb=12080MB
[pace] trigger by_mature=false by_cadence=true mature=1176768p baseline=732931p n=756 nb=12096MB
[pace] trigger by_mature=false by_cadence=true mature=1177358p baseline=732931p n=757 nb=12112MB
[pace] trigger by_mature=false by_cadence=true mature=1177945p baseline=732931p n=758 nb=12128MB
[pace] trigger by_mature=false by_cadence=true mature=1178535p baseline=732931p n=759 nb=12144MB
[pace] trigger by_mature=false by_cadence=true mature=1179122p baseline=732931p n=760 nb=12160MB
[pace] trigger by_mature=false by_cadence=true mature=1179712p baseline=732931p n=761 nb=12176MB
[pace] trigger by_mature=false by_cadence=true mature=1180299p baseline=732931p n=762 nb=12192MB
[pace] trigger by_mature=false by_cadence=true mature=1180890p baseline=732931p n=763 nb=12208MB
[pace] trigger by_mature=false by_cadence=true mature=1181477p baseline=732931p n=764 nb=12224MB
[pace] trigger by_mature=false by_cadence=true mature=1182067p baseline=732931p n=765 nb=12240MB
[pace] trigger by_mature=false by_cadence=true mature=1182654p baseline=732931p n=766 nb=12256MB
[pace] trigger by_mature=false by_cadence=true mature=1183244p baseline=732931p n=767 nb=12272MB
[pace] trigger by_mature=false by_cadence=true mature=1183831p baseline=732931p n=768 nb=12288MB
[pace] trigger by_mature=false by_cadence=true mature=1184421p baseline=732931p n=769 nb=12304MB
[pace] trigger by_mature=false by_cadence=true mature=1185008p baseline=732931p n=770 nb=12320MB
[pace] trigger by_mature=false by_cadence=true mature=1185599p baseline=732931p n=771 nb=12336MB
[pace] trigger by_mature=false by_cadence=true mature=1186186p baseline=732931p n=772 nb=12352MB
[pace] trigger by_mature=false by_cadence=true mature=1186776p baseline=732931p n=773 nb=12368MB
[pace] trigger by_mature=false by_cadence=true mature=1187363p baseline=732931p n=774 nb=12384MB
[pace] trigger by_mature=false by_cadence=true mature=1187953p baseline=732931p n=775 nb=12400MB
[pace] trigger by_mature=false by_cadence=true mature=1188540p baseline=732931p n=776 nb=12416MB
[pace] trigger by_mature=false by_cadence=true mature=1189130p baseline=732931p n=777 nb=12432MB
[pace] trigger by_mature=false by_cadence=true mature=1189717p baseline=732931p n=778 nb=12448MB
[pace] trigger by_mature=false by_cadence=true mature=1190308p baseline=732931p n=779 nb=12464MB
[pace] trigger by_mature=false by_cadence=true mature=1190895p baseline=732931p n=780 nb=12480MB
[pace] trigger by_mature=false by_cadence=true mature=1191485p baseline=732931p n=781 nb=12496MB
[pace] trigger by_mature=false by_cadence=true mature=1192072p baseline=732931p n=782 nb=12512MB
[pace] trigger by_mature=false by_cadence=true mature=1192662p baseline=732931p n=783 nb=12528MB
[pace] trigger by_mature=false by_cadence=true mature=1193249p baseline=732931p n=784 nb=12544MB
[pace] trigger by_mature=false by_cadence=true mature=1193839p baseline=732931p n=785 nb=12560MB
[pace] trigger by_mature=false by_cadence=true mature=1194426p baseline=732931p n=786 nb=12576MB
[pace] trigger by_mature=false by_cadence=true mature=1195017p baseline=732931p n=787 nb=12592MB
[pace] trigger by_mature=false by_cadence=true mature=1195604p baseline=732931p n=788 nb=12608MB
[pace] trigger by_mature=false by_cadence=true mature=1196196p baseline=732931p n=789 nb=12624MB
[pace] trigger by_mature=false by_cadence=true mature=1196783p baseline=732931p n=790 nb=12640MB
[pace] trigger by_mature=false by_cadence=true mature=1197373p baseline=732931p n=791 nb=12656MB
[pace] trigger by_mature=false by_cadence=true mature=1197960p baseline=732931p n=792 nb=12672MB
[pace] trigger by_mature=false by_cadence=true mature=1198550p baseline=732931p n=793 nb=12688MB
[pace] trigger by_mature=false by_cadence=true mature=1199137p baseline=732931p n=794 nb=12704MB
[pace] trigger by_mature=false by_cadence=true mature=1199728p baseline=732931p n=795 nb=12720MB
[pace] trigger by_mature=false by_cadence=true mature=1200315p baseline=732931p n=796 nb=12736MB
[pace] trigger by_mature=false by_cadence=true mature=1200905p baseline=732931p n=797 nb=12752MB
[pace] trigger by_mature=false by_cadence=true mature=1201492p baseline=732931p n=798 nb=12768MB
[pace] trigger by_mature=false by_cadence=true mature=1202082p baseline=732931p n=799 nb=12784MB
[pace] trigger by_mature=false by_cadence=true mature=1202669p baseline=732931p n=800 nb=12800MB
[pace] trigger by_mature=false by_cadence=true mature=1203259p baseline=732931p n=801 nb=12816MB
[pace] trigger by_mature=false by_cadence=true mature=1203846p baseline=732931p n=802 nb=12832MB
[pace] trigger by_mature=false by_cadence=true mature=1204437p baseline=732931p n=803 nb=12848MB
[pace] trigger by_mature=false by_cadence=true mature=1205024p baseline=732931p n=804 nb=12864MB
[pace] trigger by_mature=false by_cadence=true mature=1205614p baseline=732931p n=805 nb=12880MB
[pace] trigger by_mature=false by_cadence=true mature=1206201p baseline=732931p n=806 nb=12896MB
[pace] trigger by_mature=false by_cadence=true mature=1206791p baseline=732931p n=807 nb=12912MB
[pace] trigger by_mature=false by_cadence=true mature=1207378p baseline=732931p n=808 nb=12928MB
[pace] trigger by_mature=false by_cadence=true mature=1207968p baseline=732931p n=809 nb=12944MB
[pace] trigger by_mature=false by_cadence=true mature=1208555p baseline=732931p n=810 nb=12960MB
[pace] trigger by_mature=false by_cadence=true mature=1209146p baseline=732931p n=811 nb=12976MB
[pace] trigger by_mature=false by_cadence=true mature=1209733p baseline=732931p n=812 nb=12992MB
[pace] trigger by_mature=false by_cadence=true mature=1210323p baseline=732931p n=813 nb=13008MB
[pace] trigger by_mature=false by_cadence=true mature=1210910p baseline=732931p n=814 nb=13024MB
[pace] trigger by_mature=false by_cadence=true mature=1211500p baseline=732931p n=815 nb=13040MB
[pace] trigger by_mature=false by_cadence=true mature=1212087p baseline=732931p n=816 nb=13056MB
[pace] trigger by_mature=false by_cadence=true mature=1212677p baseline=732931p n=817 nb=13072MB
[pace] trigger by_mature=false by_cadence=true mature=1213264p baseline=732931p n=818 nb=13088MB
[pace] trigger by_mature=false by_cadence=true mature=1213855p baseline=732931p n=819 nb=13104MB
[pace] trigger by_mature=false by_cadence=true mature=1214442p baseline=732931p n=820 nb=13120MB
[pace] trigger by_mature=false by_cadence=true mature=1215032p baseline=732931p n=821 nb=13136MB
[pace] trigger by_mature=false by_cadence=true mature=1215619p baseline=732931p n=822 nb=13152MB
[pace] trigger by_mature=false by_cadence=true mature=1216209p baseline=732931p n=823 nb=13168MB
[pace] trigger by_mature=false by_cadence=true mature=1216796p baseline=732931p n=824 nb=13184MB
[pace] trigger by_mature=false by_cadence=true mature=1217386p baseline=732931p n=825 nb=13200MB
[pace] trigger by_mature=false by_cadence=true mature=1217973p baseline=732931p n=826 nb=13216MB
[pace] trigger by_mature=false by_cadence=true mature=1218564p baseline=732931p n=827 nb=13232MB
[pace] trigger by_mature=false by_cadence=true mature=1219151p baseline=732931p n=828 nb=13248MB
[pace] trigger by_mature=false by_cadence=true mature=1219741p baseline=732931p n=829 nb=13264MB
[pace] trigger by_mature=false by_cadence=true mature=1220328p baseline=732931p n=830 nb=13280MB
[pace] trigger by_mature=false by_cadence=true mature=1220918p baseline=732931p n=831 nb=13296MB
[pace] trigger by_mature=false by_cadence=true mature=1221505p baseline=732931p n=832 nb=13312MB
[pace] trigger by_mature=false by_cadence=true mature=1222095p baseline=732931p n=833 nb=13328MB
[pace] trigger by_mature=false by_cadence=true mature=1222682p baseline=732931p n=834 nb=13344MB
[pace] trigger by_mature=false by_cadence=true mature=1223273p baseline=732931p n=835 nb=13360MB
[pace] trigger by_mature=false by_cadence=true mature=1223860p baseline=732931p n=836 nb=13376MB
[pace] trigger by_mature=false by_cadence=true mature=1224450p baseline=732931p n=837 nb=13392MB
[pace] trigger by_mature=false by_cadence=true mature=1225037p baseline=732931p n=838 nb=13408MB
[pace] trigger by_mature=false by_cadence=true mature=1225627p baseline=732931p n=839 nb=13424MB
[pace] trigger by_mature=false by_cadence=true mature=1226214p baseline=732931p n=840 nb=13440MB
[pace] trigger by_mature=false by_cadence=true mature=1226804p baseline=732931p n=841 nb=13456MB
[pace] trigger by_mature=false by_cadence=true mature=1227391p baseline=732931p n=842 nb=13472MB
[pace] trigger by_mature=false by_cadence=true mature=1227982p baseline=732931p n=843 nb=13488MB
[pace] trigger by_mature=false by_cadence=true mature=1228569p baseline=732931p n=844 nb=13504MB
[pace] trigger by_mature=false by_cadence=true mature=1229159p baseline=732931p n=845 nb=13520MB
[pace] trigger by_mature=false by_cadence=true mature=1229746p baseline=732931p n=846 nb=13536MB
[pace] trigger by_mature=false by_cadence=true mature=1230336p baseline=732931p n=847 nb=13552MB
[pace] trigger by_mature=false by_cadence=true mature=1230923p baseline=732931p n=848 nb=13568MB
[pace] trigger by_mature=false by_cadence=true mature=1231515p baseline=732931p n=849 nb=13584MB
[pace] trigger by_mature=false by_cadence=true mature=1232102p baseline=732931p n=850 nb=13600MB
[pace] trigger by_mature=false by_cadence=true mature=1232693p baseline=732931p n=851 nb=13616MB
[pace] trigger by_mature=false by_cadence=true mature=1233280p baseline=732931p n=852 nb=13632MB
[pace] trigger by_mature=false by_cadence=true mature=1233870p baseline=732931p n=853 nb=13648MB
[pace] trigger by_mature=false by_cadence=true mature=1234457p baseline=732931p n=854 nb=13664MB
[pace] trigger by_mature=false by_cadence=true mature=1235047p baseline=732931p n=855 nb=13680MB
[pace] trigger by_mature=false by_cadence=true mature=1235634p baseline=732931p n=856 nb=13696MB
[pace] trigger by_mature=false by_cadence=true mature=1236224p baseline=732931p n=857 nb=13712MB
[pace] trigger by_mature=false by_cadence=true mature=1236811p baseline=732931p n=858 nb=13728MB
[pace] trigger by_mature=false by_cadence=true mature=1237402p baseline=732931p n=859 nb=13744MB
[pace] trigger by_mature=false by_cadence=true mature=1237989p baseline=732931p n=860 nb=13760MB
[pace] trigger by_mature=false by_cadence=true mature=1238579p baseline=732931p n=861 nb=13776MB
[pace] trigger by_mature=false by_cadence=true mature=1239166p baseline=732931p n=862 nb=13792MB
[pace] trigger by_mature=false by_cadence=true mature=1239756p baseline=732931p n=863 nb=13808MB
[pace] trigger by_mature=false by_cadence=true mature=1240343p baseline=732931p n=864 nb=13824MB
[pace] trigger by_mature=false by_cadence=true mature=1240933p baseline=732931p n=865 nb=13840MB
[pace] trigger by_mature=false by_cadence=true mature=1241520p baseline=732931p n=866 nb=13856MB
[pace] trigger by_mature=false by_cadence=true mature=1242111p baseline=732931p n=867 nb=13872MB
[pace] trigger by_mature=false by_cadence=true mature=1242698p baseline=732931p n=868 nb=13888MB
[pace] trigger by_mature=false by_cadence=true mature=1243288p baseline=732931p n=869 nb=13904MB
[pace] trigger by_mature=false by_cadence=true mature=1243875p baseline=732931p n=870 nb=13920MB
[pace] trigger by_mature=false by_cadence=true mature=1244465p baseline=732931p n=871 nb=13936MB
[pace] trigger by_mature=false by_cadence=true mature=1245052p baseline=732931p n=872 nb=13952MB
[pace] trigger by_mature=false by_cadence=true mature=1245642p baseline=732931p n=873 nb=13968MB
[pace] trigger by_mature=false by_cadence=true mature=1246229p baseline=732931p n=874 nb=13984MB
[pace] trigger by_mature=false by_cadence=true mature=1246820p baseline=732931p n=875 nb=14000MB
[pace] trigger by_mature=false by_cadence=true mature=1247407p baseline=732931p n=876 nb=14016MB
[pace] trigger by_mature=false by_cadence=true mature=1247997p baseline=732931p n=877 nb=14032MB
[pace] trigger by_mature=false by_cadence=true mature=1248584p baseline=732931p n=878 nb=14048MB
[pace] trigger by_mature=false by_cadence=true mature=1249174p baseline=732931p n=879 nb=14064MB
[pace] trigger by_mature=false by_cadence=true mature=1249761p baseline=732931p n=880 nb=14080MB
[pace] trigger by_mature=false by_cadence=true mature=1250351p baseline=732931p n=881 nb=14096MB
[pace] trigger by_mature=false by_cadence=true mature=1250938p baseline=732931p n=882 nb=14112MB
[pace] trigger by_mature=false by_cadence=true mature=1251529p baseline=732931p n=883 nb=14128MB
[pace] trigger by_mature=false by_cadence=true mature=1252116p baseline=732931p n=884 nb=14144MB
[pace] trigger by_mature=false by_cadence=true mature=1252706p baseline=732931p n=885 nb=14160MB
[pace] trigger by_mature=false by_cadence=true mature=1253293p baseline=732931p n=886 nb=14176MB
[pace] trigger by_mature=false by_cadence=true mature=1253883p baseline=732931p n=887 nb=14192MB
[pace] trigger by_mature=false by_cadence=true mature=1254470p baseline=732931p n=888 nb=14208MB
[pace] trigger by_mature=false by_cadence=true mature=1255060p baseline=732931p n=889 nb=14224MB
[pace] trigger by_mature=false by_cadence=true mature=1255647p baseline=732931p n=890 nb=14240MB
[pace] trigger by_mature=false by_cadence=true mature=1256238p baseline=732931p n=891 nb=14256MB
[pace] trigger by_mature=false by_cadence=true mature=1256825p baseline=732931p n=892 nb=14272MB
[pace] trigger by_mature=false by_cadence=true mature=1257415p baseline=732931p n=893 nb=14288MB
[pace] trigger by_mature=false by_cadence=true mature=1258002p baseline=732931p n=894 nb=14304MB
[pace] trigger by_mature=false by_cadence=true mature=1258592p baseline=732931p n=895 nb=14320MB
[pace] trigger by_mature=false by_cadence=true mature=1259179p baseline=732931p n=896 nb=14336MB
[pace] trigger by_mature=false by_cadence=true mature=1259769p baseline=732931p n=897 nb=14352MB
[pace] trigger by_mature=false by_cadence=true mature=1260356p baseline=732931p n=898 nb=14368MB
[pace] trigger by_mature=false by_cadence=true mature=1260947p baseline=732931p n=899 nb=14384MB
[pace] trigger by_mature=false by_cadence=true mature=1261534p baseline=732931p n=900 nb=14400MB
[pace] trigger by_mature=false by_cadence=true mature=1262124p baseline=732931p n=901 nb=14416MB
[pace] trigger by_mature=false by_cadence=true mature=1262711p baseline=732931p n=902 nb=14432MB
[pace] trigger by_mature=false by_cadence=true mature=1263301p baseline=732931p n=903 nb=14448MB
[pace] trigger by_mature=false by_cadence=true mature=1263888p baseline=732931p n=904 nb=14464MB
[pace] trigger by_mature=false by_cadence=true mature=1264478p baseline=732931p n=905 nb=14480MB
[pace] trigger by_mature=false by_cadence=true mature=1265065p baseline=732931p n=906 nb=14496MB
[pace] trigger by_mature=false by_cadence=true mature=1265656p baseline=732931p n=907 nb=14512MB
[pace] trigger by_mature=false by_cadence=true mature=1266243p baseline=732931p n=908 nb=14528MB
[pace] trigger by_mature=false by_cadence=true mature=1266835p baseline=732931p n=909 nb=14544MB
[pace] trigger by_mature=false by_cadence=true mature=1267422p baseline=732931p n=910 nb=14560MB
[pace] trigger by_mature=false by_cadence=true mature=1268012p baseline=732931p n=911 nb=14576MB
[pace] trigger by_mature=false by_cadence=true mature=1268599p baseline=732931p n=912 nb=14592MB
[pace] trigger by_mature=false by_cadence=true mature=1269189p baseline=732931p n=913 nb=14608MB
[pace] trigger by_mature=false by_cadence=true mature=1269776p baseline=732931p n=914 nb=14624MB
[pace] trigger by_mature=false by_cadence=true mature=1270367p baseline=732931p n=915 nb=14640MB
[pace] trigger by_mature=false by_cadence=true mature=1270954p baseline=732931p n=916 nb=14656MB
[pace] trigger by_mature=false by_cadence=true mature=1271544p baseline=732931p n=917 nb=14672MB
[pace] trigger by_mature=false by_cadence=true mature=1272131p baseline=732931p n=918 nb=14688MB
[pace] trigger by_mature=false by_cadence=true mature=1272721p baseline=732931p n=919 nb=14704MB
[pace] trigger by_mature=false by_cadence=true mature=1273308p baseline=732931p n=920 nb=14720MB
[pace] trigger by_mature=false by_cadence=true mature=1273898p baseline=732931p n=921 nb=14736MB
[pace] trigger by_mature=false by_cadence=true mature=1274485p baseline=732931p n=922 nb=14752MB
[pace] trigger by_mature=false by_cadence=true mature=1275076p baseline=732931p n=923 nb=14768MB
[pace] trigger by_mature=false by_cadence=true mature=1275663p baseline=732931p n=924 nb=14784MB
[pace] trigger by_mature=false by_cadence=true mature=1276253p baseline=732931p n=925 nb=14800MB
[pace] trigger by_mature=false by_cadence=true mature=1276840p baseline=732931p n=926 nb=14816MB
[pace] trigger by_mature=false by_cadence=true mature=1277430p baseline=732931p n=927 nb=14832MB
[pace] trigger by_mature=false by_cadence=true mature=1278017p baseline=732931p n=928 nb=14848MB
[pace] trigger by_mature=false by_cadence=true mature=1278607p baseline=732931p n=929 nb=14864MB
[pace] trigger by_mature=false by_cadence=true mature=1279194p baseline=732931p n=930 nb=14880MB
[pace] trigger by_mature=false by_cadence=true mature=1279785p baseline=732931p n=931 nb=14896MB
[pace] trigger by_mature=false by_cadence=true mature=1280372p baseline=732931p n=932 nb=14912MB
[pace] trigger by_mature=false by_cadence=true mature=1280962p baseline=732931p n=933 nb=14928MB
[pace] trigger by_mature=false by_cadence=true mature=1281549p baseline=732931p n=934 nb=14944MB
[pace] trigger by_mature=false by_cadence=true mature=1282139p baseline=732931p n=935 nb=14960MB
[pace] trigger by_mature=false by_cadence=true mature=1282726p baseline=732931p n=936 nb=14976MB
[pace] trigger by_mature=false by_cadence=true mature=1283316p baseline=732931p n=937 nb=14992MB
[pace] trigger by_mature=false by_cadence=true mature=1283903p baseline=732931p n=938 nb=15008MB
[pace] trigger by_mature=false by_cadence=true mature=1284494p baseline=732931p n=939 nb=15024MB
[pace] trigger by_mature=false by_cadence=true mature=1285081p baseline=732931p n=940 nb=15040MB
[pace] trigger by_mature=false by_cadence=true mature=1285671p baseline=732931p n=941 nb=15056MB
[pace] trigger by_mature=false by_cadence=true mature=1286258p baseline=732931p n=942 nb=15072MB
[pace] trigger by_mature=false by_cadence=true mature=1286848p baseline=732931p n=943 nb=15088MB
[pace] trigger by_mature=false by_cadence=true mature=1287435p baseline=732931p n=944 nb=15104MB
[pace] trigger by_mature=false by_cadence=true mature=1288025p baseline=732931p n=945 nb=15120MB
[pace] trigger by_mature=false by_cadence=true mature=1288612p baseline=732931p n=946 nb=15136MB
[pace] trigger by_mature=false by_cadence=true mature=1289203p baseline=732931p n=947 nb=15152MB
[pace] trigger by_mature=false by_cadence=true mature=1289790p baseline=732931p n=948 nb=15168MB
[pace] trigger by_mature=false by_cadence=true mature=1290380p baseline=732931p n=949 nb=15184MB
[pace] trigger by_mature=false by_cadence=true mature=1290967p baseline=732931p n=950 nb=15200MB
[pace] trigger by_mature=false by_cadence=true mature=1291557p baseline=732931p n=951 nb=15216MB
[pace] trigger by_mature=false by_cadence=true mature=1292144p baseline=732931p n=952 nb=15232MB
[pace] trigger by_mature=false by_cadence=true mature=1292734p baseline=732931p n=953 nb=15248MB
[pace] trigger by_mature=false by_cadence=true mature=1293321p baseline=732931p n=954 nb=15264MB
[pace] trigger by_mature=false by_cadence=true mature=1293912p baseline=732931p n=955 nb=15280MB
[pace] trigger by_mature=false by_cadence=true mature=1294499p baseline=732931p n=956 nb=15296MB
[pace] trigger by_mature=false by_cadence=true mature=1295089p baseline=732931p n=957 nb=15312MB
[pace] trigger by_mature=false by_cadence=true mature=1295676p baseline=732931p n=958 nb=15328MB
[pace] trigger by_mature=false by_cadence=true mature=1296266p baseline=732931p n=959 nb=15344MB
[pace] trigger by_mature=false by_cadence=true mature=1296853p baseline=732931p n=960 nb=15360MB
[pace] trigger by_mature=false by_cadence=true mature=1297443p baseline=732931p n=961 nb=15376MB
[pace] trigger by_mature=false by_cadence=true mature=1298030p baseline=732931p n=962 nb=15392MB
[pace] trigger by_mature=false by_cadence=true mature=1298621p baseline=732931p n=963 nb=15408MB
[pace] trigger by_mature=false by_cadence=true mature=1299208p baseline=732931p n=964 nb=15424MB
[pace] trigger by_mature=false by_cadence=true mature=1299798p baseline=732931p n=965 nb=15440MB
[pace] trigger by_mature=false by_cadence=true mature=1300385p baseline=732931p n=966 nb=15456MB
[pace] trigger by_mature=false by_cadence=true mature=1300975p baseline=732931p n=967 nb=15472MB
[pace] trigger by_mature=false by_cadence=true mature=1301562p baseline=732931p n=968 nb=15488MB
[pace] trigger by_mature=false by_cadence=true mature=1302152p baseline=732931p n=969 nb=15504MB
[pace] trigger by_mature=false by_cadence=true mature=1302741p baseline=732931p n=970 nb=15520MB
[pace] trigger by_mature=false by_cadence=true mature=1303332p baseline=732931p n=971 nb=15536MB
[pace] trigger by_mature=false by_cadence=true mature=1303919p baseline=732931p n=972 nb=15552MB
[pace] trigger by_mature=false by_cadence=true mature=1304509p baseline=732931p n=973 nb=15568MB
[pace] trigger by_mature=false by_cadence=true mature=1305096p baseline=732931p n=974 nb=15584MB
[pace] trigger by_mature=false by_cadence=true mature=1305686p baseline=732931p n=975 nb=15600MB
[pace] trigger by_mature=false by_cadence=true mature=1306273p baseline=732931p n=976 nb=15616MB
[pace] trigger by_mature=false by_cadence=true mature=1306863p baseline=732931p n=977 nb=15632MB
[pace] trigger by_mature=false by_cadence=true mature=1307450p baseline=732931p n=978 nb=15648MB
[pace] trigger by_mature=false by_cadence=true mature=1308041p baseline=732931p n=979 nb=15664MB
[pace] trigger by_mature=false by_cadence=true mature=1308628p baseline=732931p n=980 nb=15680MB
[pace] trigger by_mature=false by_cadence=true mature=1309218p baseline=732931p n=981 nb=15696MB
[pace] trigger by_mature=false by_cadence=true mature=1309805p baseline=732931p n=982 nb=15712MB
[pace] trigger by_mature=false by_cadence=true mature=1310395p baseline=732931p n=983 nb=15728MB
[pace] trigger by_mature=false by_cadence=true mature=1310982p baseline=732931p n=984 nb=15744MB
[pace] trigger by_mature=false by_cadence=true mature=1311572p baseline=732931p n=985 nb=15760MB
[pace] trigger by_mature=false by_cadence=true mature=1312159p baseline=732931p n=986 nb=15776MB
[pace] trigger by_mature=false by_cadence=true mature=1312750p baseline=732931p n=987 nb=15792MB
[pace] trigger by_mature=false by_cadence=true mature=1313337p baseline=732931p n=988 nb=15808MB
[pace] trigger by_mature=false by_cadence=true mature=1313927p baseline=732931p n=989 nb=15824MB
[pace] trigger by_mature=false by_cadence=true mature=1314514p baseline=732931p n=990 nb=15840MB
[pace] trigger by_mature=false by_cadence=true mature=1315104p baseline=732931p n=991 nb=15856MB
[pace] trigger by_mature=false by_cadence=true mature=1315691p baseline=732931p n=992 nb=15872MB
[pace] trigger by_mature=false by_cadence=true mature=1316281p baseline=732931p n=993 nb=15888MB
[pace] trigger by_mature=false by_cadence=true mature=1316868p baseline=732931p n=994 nb=15904MB
[pace] trigger by_mature=false by_cadence=true mature=1317459p baseline=732931p n=995 nb=15920MB
[pace] trigger by_mature=false by_cadence=true mature=1318046p baseline=732931p n=996 nb=15936MB
[pace] trigger by_mature=false by_cadence=true mature=1318636p baseline=732931p n=997 nb=15952MB
[pace] trigger by_mature=false by_cadence=true mature=1319223p baseline=732931p n=998 nb=15968MB
[pace] trigger by_mature=false by_cadence=true mature=1319813p baseline=732931p n=999 nb=15984MB
[pace] trigger by_mature=false by_cadence=true mature=1320400p baseline=732931p n=1000 nb=16000MB
[pace] trigger by_mature=false by_cadence=true mature=1320990p baseline=732931p n=1001 nb=16016MB
[pace] trigger by_mature=false by_cadence=true mature=1321577p baseline=732931p n=1002 nb=16032MB
[pace] trigger by_mature=false by_cadence=true mature=1322168p baseline=732931p n=1003 nb=16048MB
[pace] trigger by_mature=false by_cadence=true mature=1322755p baseline=732931p n=1004 nb=16064MB
[pace] trigger by_mature=false by_cadence=true mature=1323345p baseline=732931p n=1005 nb=16080MB
[pace] trigger by_mature=false by_cadence=true mature=1323932p baseline=732931p n=1006 nb=16096MB
[pace] trigger by_mature=false by_cadence=true mature=1324522p baseline=732931p n=1007 nb=16112MB
[pace] trigger by_mature=false by_cadence=true mature=1325109p baseline=732931p n=1008 nb=16128MB
[pace] trigger by_mature=false by_cadence=true mature=1325699p baseline=732931p n=1009 nb=16144MB
[pace] trigger by_mature=false by_cadence=true mature=1326286p baseline=732931p n=1010 nb=16160MB
[pace] trigger by_mature=false by_cadence=true mature=1326877p baseline=732931p n=1011 nb=16176MB
[pace] trigger by_mature=false by_cadence=true mature=1327464p baseline=732931p n=1012 nb=16192MB
[pace] trigger by_mature=false by_cadence=true mature=1328054p baseline=732931p n=1013 nb=16208MB
[pace] trigger by_mature=false by_cadence=true mature=1328641p baseline=732931p n=1014 nb=16224MB
[pace] trigger by_mature=false by_cadence=true mature=1329231p baseline=732931p n=1015 nb=16240MB
[pace] trigger by_mature=false by_cadence=true mature=1329818p baseline=732931p n=1016 nb=16256MB
[pace] trigger by_mature=false by_cadence=true mature=1330408p baseline=732931p n=1017 nb=16272MB
[pace] trigger by_mature=false by_cadence=true mature=1330995p baseline=732931p n=1018 nb=16288MB
[pace] trigger by_mature=false by_cadence=true mature=1331586p baseline=732931p n=1019 nb=16304MB
[pace] trigger by_mature=false by_cadence=true mature=1332173p baseline=732931p n=1020 nb=16320MB
[pace] trigger by_mature=false by_cadence=true mature=1332763p baseline=732931p n=1021 nb=16336MB
[pace] trigger by_mature=false by_cadence=true mature=1333350p baseline=732931p n=1022 nb=16352MB
[pace] trigger by_mature=false by_cadence=true mature=1333940p baseline=732931p n=1023 nb=16368MB
[pace] trigger by_mature=false by_cadence=true mature=1334527p baseline=732931p n=1024 nb=16384MB
[pace] trigger by_mature=false by_cadence=true mature=1335117p baseline=732931p n=1025 nb=16400MB
[pace] trigger by_mature=false by_cadence=true mature=1335704p baseline=732931p n=1026 nb=16416MB
[pace] trigger by_mature=false by_cadence=true mature=1336295p baseline=732931p n=1027 nb=16432MB
[pace] trigger by_mature=false by_cadence=true mature=1336882p baseline=732931p n=1028 nb=16448MB
[pace] trigger by_mature=false by_cadence=true mature=1337472p baseline=732931p n=1029 nb=16464MB
[pace] trigger by_mature=false by_cadence=true mature=1338061p baseline=732931p n=1030 nb=16480MB
[pace] trigger by_mature=false by_cadence=true mature=1338651p baseline=732931p n=1031 nb=16496MB
[pace] trigger by_mature=false by_cadence=true mature=1339238p baseline=732931p n=1032 nb=16512MB
[pace] trigger by_mature=false by_cadence=true mature=1339828p baseline=732931p n=1033 nb=16528MB
[pace] trigger by_mature=false by_cadence=true mature=1340415p baseline=732931p n=1034 nb=16544MB
[pace] trigger by_mature=false by_cadence=true mature=1341006p baseline=732931p n=1035 nb=16560MB
[pace] trigger by_mature=false by_cadence=true mature=1341593p baseline=732931p n=1036 nb=16576MB
[pace] trigger by_mature=false by_cadence=true mature=1342183p baseline=732931p n=1037 nb=16592MB
[pace] trigger by_mature=false by_cadence=true mature=1342770p baseline=732931p n=1038 nb=16608MB
[pace] trigger by_mature=false by_cadence=true mature=1343360p baseline=732931p n=1039 nb=16624MB
[pace] trigger by_mature=false by_cadence=true mature=1343947p baseline=732931p n=1040 nb=16640MB
[pace] trigger by_mature=false by_cadence=true mature=1344537p baseline=732931p n=1041 nb=16656MB
[pace] trigger by_mature=false by_cadence=true mature=1345124p baseline=732931p n=1042 nb=16672MB
[pace] trigger by_mature=false by_cadence=true mature=1345715p baseline=732931p n=1043 nb=16688MB
[pace] trigger by_mature=false by_cadence=true mature=1346302p baseline=732931p n=1044 nb=16704MB
[pace] trigger by_mature=false by_cadence=true mature=1346892p baseline=732931p n=1045 nb=16720MB
[pace] trigger by_mature=false by_cadence=true mature=1347479p baseline=732931p n=1046 nb=16736MB
[pace] trigger by_mature=false by_cadence=true mature=1348069p baseline=732931p n=1047 nb=16752MB
[pace] trigger by_mature=false by_cadence=true mature=1348656p baseline=732931p n=1048 nb=16768MB
[pace] trigger by_mature=false by_cadence=true mature=1349246p baseline=732931p n=1049 nb=16784MB
[pace] trigger by_mature=false by_cadence=true mature=1349833p baseline=732931p n=1050 nb=16800MB
[pace] trigger by_mature=false by_cadence=true mature=1350424p baseline=732931p n=1051 nb=16816MB
[pace] trigger by_mature=false by_cadence=true mature=1351011p baseline=732931p n=1052 nb=16832MB
[pace] trigger by_mature=false by_cadence=true mature=1351601p baseline=732931p n=1053 nb=16848MB
[pace] trigger by_mature=false by_cadence=true mature=1352188p baseline=732931p n=1054 nb=16864MB
[pace] trigger by_mature=false by_cadence=true mature=1352778p baseline=732931p n=1055 nb=16880MB
[pace] trigger by_mature=false by_cadence=true mature=1353365p baseline=732931p n=1056 nb=16896MB
[pace] trigger by_mature=false by_cadence=true mature=1353955p baseline=732931p n=1057 nb=16912MB
[pace] trigger by_mature=false by_cadence=true mature=1354542p baseline=732931p n=1058 nb=16928MB
[pace] trigger by_mature=false by_cadence=true mature=1355133p baseline=732931p n=1059 nb=16944MB
[pace] trigger by_mature=false by_cadence=true mature=1355720p baseline=732931p n=1060 nb=16960MB
[pace] trigger by_mature=false by_cadence=true mature=1356310p baseline=732931p n=1061 nb=16976MB
[pace] trigger by_mature=false by_cadence=true mature=1356897p baseline=732931p n=1062 nb=16992MB
[pace] trigger by_mature=false by_cadence=true mature=1357487p baseline=732931p n=1063 nb=17008MB
[pace] trigger by_mature=false by_cadence=true mature=1358074p baseline=732931p n=1064 nb=17024MB
[pace] trigger by_mature=false by_cadence=true mature=1358664p baseline=732931p n=1065 nb=17040MB
[pace] trigger by_mature=false by_cadence=true mature=1359251p baseline=732931p n=1066 nb=17056MB
[pace] trigger by_mature=false by_cadence=true mature=1359842p baseline=732931p n=1067 nb=17072MB
[pace] trigger by_mature=false by_cadence=true mature=1360429p baseline=732931p n=1068 nb=17088MB
[pace] trigger by_mature=false by_cadence=true mature=1361019p baseline=732931p n=1069 nb=17104MB
[pace] trigger by_mature=false by_cadence=true mature=1361606p baseline=732931p n=1070 nb=17120MB
[pace] trigger by_mature=false by_cadence=true mature=1362196p baseline=732931p n=1071 nb=17136MB
[pace] trigger by_mature=false by_cadence=true mature=1362783p baseline=732931p n=1072 nb=17152MB
[pace] trigger by_mature=false by_cadence=true mature=1363373p baseline=732931p n=1073 nb=17168MB
[pace] trigger by_mature=false by_cadence=true mature=1363960p baseline=732931p n=1074 nb=17184MB
[pace] trigger by_mature=false by_cadence=true mature=1364551p baseline=732931p n=1075 nb=17200MB
[pace] trigger by_mature=false by_cadence=true mature=1365138p baseline=732931p n=1076 nb=17216MB
[pace] trigger by_mature=false by_cadence=true mature=1365728p baseline=732931p n=1077 nb=17232MB
[pace] trigger by_mature=false by_cadence=true mature=1366315p baseline=732931p n=1078 nb=17248MB
[pace] trigger by_mature=false by_cadence=true mature=1366905p baseline=732931p n=1079 nb=17264MB
[pace] trigger by_mature=false by_cadence=true mature=1367492p baseline=732931p n=1080 nb=17280MB
[pace] trigger by_mature=false by_cadence=true mature=1368082p baseline=732931p n=1081 nb=17296MB
[pace] trigger by_mature=false by_cadence=true mature=1368669p baseline=732931p n=1082 nb=17312MB
[pace] trigger by_mature=false by_cadence=true mature=1369260p baseline=732931p n=1083 nb=17328MB
[pace] trigger by_mature=false by_cadence=true mature=1369847p baseline=732931p n=1084 nb=17344MB
[pace] trigger by_mature=false by_cadence=true mature=1370437p baseline=732931p n=1085 nb=17360MB
[pace] trigger by_mature=false by_cadence=true mature=1371024p baseline=732931p n=1086 nb=17376MB
[pace] trigger by_mature=false by_cadence=true mature=1371614p baseline=732931p n=1087 nb=17392MB
[pace] trigger by_mature=false by_cadence=true mature=1372201p baseline=732931p n=1088 nb=17408MB
[pace] trigger by_mature=false by_cadence=true mature=1372791p baseline=732931p n=1089 nb=17424MB
[pace] trigger by_mature=false by_cadence=true mature=1373380p baseline=732931p n=1090 nb=17440MB
[pace] trigger by_mature=false by_cadence=true mature=1373971p baseline=732931p n=1091 nb=17456MB
[pace] trigger by_mature=false by_cadence=true mature=1374558p baseline=732931p n=1092 nb=17472MB
[pace] trigger by_mature=false by_cadence=true mature=1375148p baseline=732931p n=1093 nb=17488MB
[pace] trigger by_mature=false by_cadence=true mature=1375735p baseline=732931p n=1094 nb=17504MB
[pace] trigger by_mature=false by_cadence=true mature=1376325p baseline=732931p n=1095 nb=17520MB
[pace] trigger by_mature=false by_cadence=true mature=1376912p baseline=732931p n=1096 nb=17536MB
[pace] trigger by_mature=false by_cadence=true mature=1377502p baseline=732931p n=1097 nb=17552MB
[pace] trigger by_mature=false by_cadence=true mature=1378089p baseline=732931p n=1098 nb=17568MB
[pace] trigger by_mature=false by_cadence=true mature=1378680p baseline=732931p n=1099 nb=17584MB
[pace] trigger by_mature=false by_cadence=true mature=1379267p baseline=732931p n=1100 nb=17600MB
[pace] trigger by_mature=false by_cadence=true mature=1379857p baseline=732931p n=1101 nb=17616MB
[pace] trigger by_mature=false by_cadence=true mature=1380444p baseline=732931p n=1102 nb=17632MB
[pace] trigger by_mature=false by_cadence=true mature=1381034p baseline=732931p n=1103 nb=17648MB
[pace] trigger by_mature=false by_cadence=true mature=1381621p baseline=732931p n=1104 nb=17664MB
[pace] trigger by_mature=false by_cadence=true mature=1382211p baseline=732931p n=1105 nb=17680MB
[pace] trigger by_mature=false by_cadence=true mature=1382798p baseline=732931p n=1106 nb=17696MB
[pace] trigger by_mature=false by_cadence=true mature=1383389p baseline=732931p n=1107 nb=17712MB
[pace] trigger by_mature=false by_cadence=true mature=1383976p baseline=732931p n=1108 nb=17728MB
[pace] trigger by_mature=false by_cadence=true mature=1384566p baseline=732931p n=1109 nb=17744MB
[pace] trigger by_mature=false by_cadence=true mature=1385153p baseline=732931p n=1110 nb=17760MB
[pace] trigger by_mature=false by_cadence=true mature=1385743p baseline=732931p n=1111 nb=17776MB
[pace] trigger by_mature=false by_cadence=true mature=1386330p baseline=732931p n=1112 nb=17792MB
[pace] trigger by_mature=false by_cadence=true mature=1386920p baseline=732931p n=1113 nb=17808MB
[pace] trigger by_mature=false by_cadence=true mature=1387507p baseline=732931p n=1114 nb=17824MB
[pace] trigger by_mature=false by_cadence=true mature=1388098p baseline=732931p n=1115 nb=17840MB
[pace] trigger by_mature=false by_cadence=true mature=1388685p baseline=732931p n=1116 nb=17856MB
[pace] trigger by_mature=false by_cadence=true mature=1389275p baseline=732931p n=1117 nb=17872MB
[pace] trigger by_mature=false by_cadence=true mature=1389862p baseline=732931p n=1118 nb=17888MB
[pace] trigger by_mature=false by_cadence=true mature=1390452p baseline=732931p n=1119 nb=17904MB
[pace] trigger by_mature=false by_cadence=true mature=1391039p baseline=732931p n=1120 nb=17920MB
[pace] trigger by_mature=false by_cadence=true mature=1391629p baseline=732931p n=1121 nb=17936MB
[pace] trigger by_mature=false by_cadence=true mature=1392216p baseline=732931p n=1122 nb=17952MB
[pace] trigger by_mature=false by_cadence=true mature=1392807p baseline=732931p n=1123 nb=17968MB
[pace] trigger by_mature=false by_cadence=true mature=1393394p baseline=732931p n=1124 nb=17984MB
[pace] trigger by_mature=false by_cadence=true mature=1393984p baseline=732931p n=1125 nb=18000MB
[pace] trigger by_mature=false by_cadence=true mature=1394571p baseline=732931p n=1126 nb=18016MB
[pace] trigger by_mature=false by_cadence=true mature=1395161p baseline=732931p n=1127 nb=18032MB
[pace] trigger by_mature=false by_cadence=true mature=1395748p baseline=732931p n=1128 nb=18048MB
[pace] trigger by_mature=false by_cadence=true mature=1396338p baseline=732931p n=1129 nb=18064MB
[pace] trigger by_mature=false by_cadence=true mature=1396925p baseline=732931p n=1130 nb=18080MB
[pace] trigger by_mature=false by_cadence=true mature=1397516p baseline=732931p n=1131 nb=18096MB
[pace] trigger by_mature=false by_cadence=true mature=1398103p baseline=732931p n=1132 nb=18112MB
[pace] trigger by_mature=false by_cadence=true mature=1398693p baseline=732931p n=1133 nb=18128MB
[pace] trigger by_mature=false by_cadence=true mature=1399280p baseline=732931p n=1134 nb=18144MB
[pace] trigger by_mature=false by_cadence=true mature=1399870p baseline=732931p n=1135 nb=18160MB
[pace] trigger by_mature=false by_cadence=true mature=1400457p baseline=732931p n=1136 nb=18176MB
[pace] trigger by_mature=false by_cadence=true mature=1401047p baseline=732931p n=1137 nb=18192MB
[pace] trigger by_mature=false by_cadence=true mature=1401634p baseline=732931p n=1138 nb=18208MB
[pace] trigger by_mature=false by_cadence=true mature=1402225p baseline=732931p n=1139 nb=18224MB
[pace] trigger by_mature=false by_cadence=true mature=1402812p baseline=732931p n=1140 nb=18240MB
[pace] trigger by_mature=false by_cadence=true mature=1403402p baseline=732931p n=1141 nb=18256MB
[pace] trigger by_mature=false by_cadence=true mature=1403989p baseline=732931p n=1142 nb=18272MB
[pace] trigger by_mature=false by_cadence=true mature=1404579p baseline=732931p n=1143 nb=18288MB
[pace] trigger by_mature=false by_cadence=true mature=1405166p baseline=732931p n=1144 nb=18304MB
[pace] trigger by_mature=false by_cadence=true mature=1405756p baseline=732931p n=1145 nb=18320MB
[pace] trigger by_mature=false by_cadence=true mature=1406343p baseline=732931p n=1146 nb=18336MB
[pace] trigger by_mature=false by_cadence=true mature=1406934p baseline=732931p n=1147 nb=18352MB
[pace] trigger by_mature=false by_cadence=true mature=1407521p baseline=732931p n=1148 nb=18368MB
[pace] trigger by_mature=false by_cadence=true mature=1408111p baseline=732931p n=1149 nb=18384MB
[pace] trigger by_mature=false by_cadence=true mature=1408700p baseline=732931p n=1150 nb=18400MB
[pace] trigger by_mature=false by_cadence=true mature=1409290p baseline=732931p n=1151 nb=18416MB
[pace] trigger by_mature=false by_cadence=true mature=1409877p baseline=732931p n=1152 nb=18432MB
[pace] trigger by_mature=false by_cadence=true mature=1410467p baseline=732931p n=1153 nb=18448MB
[pace] trigger by_mature=false by_cadence=true mature=1411054p baseline=732931p n=1154 nb=18464MB
[pace] trigger by_mature=false by_cadence=true mature=1411645p baseline=732931p n=1155 nb=18480MB
[pace] trigger by_mature=false by_cadence=true mature=1412232p baseline=732931p n=1156 nb=18496MB
[pace] trigger by_mature=false by_cadence=true mature=1412822p baseline=732931p n=1157 nb=18512MB
[pace] trigger by_mature=false by_cadence=true mature=1413409p baseline=732931p n=1158 nb=18528MB
[pace] trigger by_mature=false by_cadence=true mature=1413999p baseline=732931p n=1159 nb=18544MB
[pace] trigger by_mature=false by_cadence=true mature=1414586p baseline=732931p n=1160 nb=18560MB
[pace] trigger by_mature=false by_cadence=true mature=1415176p baseline=732931p n=1161 nb=18576MB
[pace] trigger by_mature=false by_cadence=true mature=1415763p baseline=732931p n=1162 nb=18592MB
[pace] trigger by_mature=false by_cadence=true mature=1416354p baseline=732931p n=1163 nb=18608MB
[pace] trigger by_mature=false by_cadence=true mature=1416941p baseline=732931p n=1164 nb=18624MB
[pace] trigger by_mature=false by_cadence=true mature=1417531p baseline=732931p n=1165 nb=18640MB
[pace] trigger by_mature=false by_cadence=true mature=1418118p baseline=732931p n=1166 nb=18656MB
[pace] trigger by_mature=false by_cadence=true mature=1418708p baseline=732931p n=1167 nb=18672MB
[pace] trigger by_mature=false by_cadence=true mature=1419295p baseline=732931p n=1168 nb=18688MB
[pace] trigger by_mature=false by_cadence=true mature=1419885p baseline=732931p n=1169 nb=18704MB
[pace] trigger by_mature=false by_cadence=true mature=1420472p baseline=732931p n=1170 nb=18720MB
[pace] trigger by_mature=false by_cadence=true mature=1421063p baseline=732931p n=1171 nb=18736MB
[pace] trigger by_mature=false by_cadence=true mature=1421650p baseline=732931p n=1172 nb=18752MB
[pace] trigger by_mature=false by_cadence=true mature=1422240p baseline=732931p n=1173 nb=18768MB
[pace] trigger by_mature=false by_cadence=true mature=1422827p baseline=732931p n=1174 nb=18784MB
[pace] trigger by_mature=false by_cadence=true mature=1423417p baseline=732931p n=1175 nb=18800MB
[pace] trigger by_mature=false by_cadence=true mature=1424004p baseline=732931p n=1176 nb=18816MB
[pace] trigger by_mature=false by_cadence=true mature=1424594p baseline=732931p n=1177 nb=18832MB
[pace] trigger by_mature=false by_cadence=true mature=1425181p baseline=732931p n=1178 nb=18848MB
[pace] trigger by_mature=false by_cadence=true mature=1425772p baseline=732931p n=1179 nb=18864MB
[pace] trigger by_mature=false by_cadence=true mature=1426359p baseline=732931p n=1180 nb=18880MB
[pace] trigger by_mature=false by_cadence=true mature=1426949p baseline=732931p n=1181 nb=18896MB
[pace] trigger by_mature=false by_cadence=true mature=1427536p baseline=732931p n=1182 nb=18912MB
[pace] trigger by_mature=false by_cadence=true mature=1428126p baseline=732931p n=1183 nb=18928MB
[pace] trigger by_mature=false by_cadence=true mature=1428713p baseline=732931p n=1184 nb=18944MB
[pace] trigger by_mature=false by_cadence=true mature=1429303p baseline=732931p n=1185 nb=18960MB
[pace] trigger by_mature=false by_cadence=true mature=1429890p baseline=732931p n=1186 nb=18976MB
[pace] trigger by_mature=false by_cadence=true mature=1430481p baseline=732931p n=1187 nb=18992MB
[pace] trigger by_mature=false by_cadence=true mature=1431068p baseline=732931p n=1188 nb=19008MB
[pace] trigger by_mature=false by_cadence=true mature=1431658p baseline=732931p n=1189 nb=19024MB
[pace] trigger by_mature=false by_cadence=true mature=1432245p baseline=732931p n=1190 nb=19040MB
[pace] trigger by_mature=false by_cadence=true mature=1432835p baseline=732931p n=1191 nb=19056MB
[pace] trigger by_mature=false by_cadence=true mature=1433422p baseline=732931p n=1192 nb=19072MB
[pace] trigger by_mature=false by_cadence=true mature=1434012p baseline=732931p n=1193 nb=19088MB
[pace] trigger by_mature=false by_cadence=true mature=1434599p baseline=732931p n=1194 nb=19104MB
[pace] trigger by_mature=false by_cadence=true mature=1435190p baseline=732931p n=1195 nb=19120MB
[pace] trigger by_mature=false by_cadence=true mature=1435777p baseline=732931p n=1196 nb=19136MB
[pace] trigger by_mature=false by_cadence=true mature=1436367p baseline=732931p n=1197 nb=19152MB
[pace] trigger by_mature=false by_cadence=true mature=1436954p baseline=732931p n=1198 nb=19168MB
[pace] trigger by_mature=false by_cadence=true mature=1437544p baseline=732931p n=1199 nb=19184MB
[pace] trigger by_mature=false by_cadence=true mature=1438131p baseline=732931p n=1200 nb=19200MB
[pace] trigger by_mature=false by_cadence=true mature=1438721p baseline=732931p n=1201 nb=19216MB
[pace] trigger by_mature=false by_cadence=true mature=1439308p baseline=732931p n=1202 nb=19232MB
[pace] trigger by_mature=false by_cadence=true mature=1439899p baseline=732931p n=1203 nb=19248MB
[pace] trigger by_mature=false by_cadence=true mature=1440486p baseline=732931p n=1204 nb=19264MB
[pace] trigger by_mature=false by_cadence=true mature=1441076p baseline=732931p n=1205 nb=19280MB
[pace] trigger by_mature=false by_cadence=true mature=1441663p baseline=732931p n=1206 nb=19296MB
[pace] trigger by_mature=false by_cadence=true mature=1442253p baseline=732931p n=1207 nb=19312MB
[pace] trigger by_mature=false by_cadence=true mature=1442840p baseline=732931p n=1208 nb=19328MB
[pace] trigger by_mature=false by_cadence=true mature=1443430p baseline=732931p n=1209 nb=19344MB
[pace] trigger by_mature=false by_cadence=true mature=1444017p baseline=732931p n=1210 nb=19360MB
[pace] trigger by_mature=false by_cadence=true mature=1444610p baseline=732931p n=1211 nb=19376MB
[pace] trigger by_mature=false by_cadence=true mature=1445197p baseline=732931p n=1212 nb=19392MB
[pace] trigger by_mature=false by_cadence=true mature=1445787p baseline=732931p n=1213 nb=19408MB
[pace] trigger by_mature=false by_cadence=true mature=1446374p baseline=732931p n=1214 nb=19424MB
[pace] trigger by_mature=false by_cadence=true mature=1446964p baseline=732931p n=1215 nb=19440MB
[pace] trigger by_mature=false by_cadence=true mature=1447551p baseline=732931p n=1216 nb=19456MB
[pace] trigger by_mature=false by_cadence=true mature=1448141p baseline=732931p n=1217 nb=19472MB
[pace] trigger by_mature=false by_cadence=true mature=1448728p baseline=732931p n=1218 nb=19488MB
[pace] trigger by_mature=false by_cadence=true mature=1449319p baseline=732931p n=1219 nb=19504MB
[pace] trigger by_mature=false by_cadence=true mature=1449906p baseline=732931p n=1220 nb=19520MB
[pace] trigger by_mature=false by_cadence=true mature=1450496p baseline=732931p n=1221 nb=19536MB
[pace] trigger by_mature=false by_cadence=true mature=1451083p baseline=732931p n=1222 nb=19552MB
[pace] trigger by_mature=false by_cadence=true mature=1451673p baseline=732931p n=1223 nb=19568MB
[pace] trigger by_mature=false by_cadence=true mature=1452260p baseline=732931p n=1224 nb=19584MB
[pace] trigger by_mature=false by_cadence=true mature=1452850p baseline=732931p n=1225 nb=19600MB
[pace] trigger by_mature=false by_cadence=true mature=1453437p baseline=732931p n=1226 nb=19616MB
[pace] trigger by_mature=false by_cadence=true mature=1454028p baseline=732931p n=1227 nb=19632MB
[pace] trigger by_mature=false by_cadence=true mature=1454615p baseline=732931p n=1228 nb=19648MB
[pace] trigger by_mature=false by_cadence=true mature=1455205p baseline=732931p n=1229 nb=19664MB
[pace] trigger by_mature=false by_cadence=true mature=1455792p baseline=732931p n=1230 nb=19680MB
[pace] trigger by_mature=false by_cadence=true mature=1456382p baseline=732931p n=1231 nb=19696MB
[pace] trigger by_mature=false by_cadence=true mature=1456969p baseline=732931p n=1232 nb=19712MB
[pace] trigger by_mature=false by_cadence=true mature=1457559p baseline=732931p n=1233 nb=19728MB
[pace] trigger by_mature=false by_cadence=true mature=1458146p baseline=732931p n=1234 nb=19744MB
[pace] trigger by_mature=false by_cadence=true mature=1458737p baseline=732931p n=1235 nb=19760MB
[pace] trigger by_mature=false by_cadence=true mature=1459324p baseline=732931p n=1236 nb=19776MB
[pace] trigger by_mature=false by_cadence=true mature=1459914p baseline=732931p n=1237 nb=19792MB
[pace] trigger by_mature=false by_cadence=true mature=1460501p baseline=732931p n=1238 nb=19808MB
[pace] trigger by_mature=false by_cadence=true mature=1461091p baseline=732931p n=1239 nb=19824MB
[pace] trigger by_mature=false by_cadence=true mature=1461678p baseline=732931p n=1240 nb=19840MB
[pace] trigger by_mature=false by_cadence=true mature=1462268p baseline=732931p n=1241 nb=19856MB
[pace] trigger by_mature=false by_cadence=true mature=1462855p baseline=732931p n=1242 nb=19872MB
[pace] trigger by_mature=false by_cadence=true mature=1463446p baseline=732931p n=1243 nb=19888MB
[pace] trigger by_mature=false by_cadence=true mature=1464033p baseline=732931p n=1244 nb=19904MB
[pace] trigger by_mature=false by_cadence=true mature=1464623p baseline=732931p n=1245 nb=19920MB
[pace] trigger by_mature=false by_cadence=true mature=1465210p baseline=732931p n=1246 nb=19936MB
[pace] trigger by_mature=false by_cadence=true mature=1465800p baseline=732931p n=1247 nb=19952MB
[pace] trigger by_mature=false by_cadence=true mature=1466387p baseline=732931p n=1248 nb=19968MB
[pace] trigger by_mature=false by_cadence=true mature=1466977p baseline=732931p n=1249 nb=19984MB
[pace] trigger by_mature=false by_cadence=true mature=1467564p baseline=732931p n=1250 nb=20000MB
[pace] trigger by_mature=false by_cadence=true mature=1468155p baseline=732931p n=1251 nb=20016MB
[pace] trigger by_mature=false by_cadence=true mature=1468742p baseline=732931p n=1252 nb=20032MB
[pace] trigger by_mature=false by_cadence=true mature=1469332p baseline=732931p n=1253 nb=20048MB
[pace] trigger by_mature=false by_cadence=true mature=1469919p baseline=732931p n=1254 nb=20064MB
[pace] trigger by_mature=false by_cadence=true mature=1470509p baseline=732931p n=1255 nb=20080MB
[pace] trigger by_mature=false by_cadence=true mature=1471096p baseline=732931p n=1256 nb=20096MB
[pace] trigger by_mature=false by_cadence=true mature=1471686p baseline=732931p n=1257 nb=20112MB
[pace] trigger by_mature=false by_cadence=true mature=1472273p baseline=732931p n=1258 nb=20128MB
[pace] trigger by_mature=false by_cadence=true mature=1472864p baseline=732931p n=1259 nb=20144MB
[pace] trigger by_mature=false by_cadence=true mature=1473451p baseline=732931p n=1260 nb=20160MB
[pace] trigger by_mature=false by_cadence=true mature=1474041p baseline=732931p n=1261 nb=20176MB
[pace] trigger by_mature=false by_cadence=true mature=1474628p baseline=732931p n=1262 nb=20192MB
[pace] trigger by_mature=false by_cadence=true mature=1475218p baseline=732931p n=1263 nb=20208MB
[pace] trigger by_mature=false by_cadence=true mature=1475805p baseline=732931p n=1264 nb=20224MB
[pace] trigger by_mature=false by_cadence=true mature=1476395p baseline=732931p n=1265 nb=20240MB
[pace] trigger by_mature=false by_cadence=true mature=1476982p baseline=732931p n=1266 nb=20256MB
[pace] trigger by_mature=false by_cadence=true mature=1477573p baseline=732931p n=1267 nb=20272MB
[pace] trigger by_mature=false by_cadence=true mature=1478160p baseline=732931p n=1268 nb=20288MB
[pace] trigger by_mature=false by_cadence=true mature=1478750p baseline=732931p n=1269 nb=20304MB
[pace] trigger by_mature=false by_cadence=true mature=1479337p baseline=732931p n=1270 nb=20320MB
[pace] trigger by_mature=false by_cadence=true mature=1479929p baseline=732931p n=1271 nb=20336MB
[pace] trigger by_mature=false by_cadence=true mature=1480516p baseline=732931p n=1272 nb=20352MB
[pace] trigger by_mature=false by_cadence=true mature=1481106p baseline=732931p n=1273 nb=20368MB
[pace] trigger by_mature=false by_cadence=true mature=1481693p baseline=732931p n=1274 nb=20384MB
[pace] trigger by_mature=false by_cadence=true mature=1482284p baseline=732931p n=1275 nb=20400MB
[pace] trigger by_mature=false by_cadence=true mature=1482871p baseline=732931p n=1276 nb=20416MB
[pace] trigger by_mature=false by_cadence=true mature=1483461p baseline=732931p n=1277 nb=20432MB
[pace] trigger by_mature=false by_cadence=true mature=1484048p baseline=732931p n=1278 nb=20448MB
[pace] trigger by_mature=false by_cadence=true mature=1484638p baseline=732931p n=1279 nb=20464MB
[pace] trigger by_mature=false by_cadence=true mature=1485225p baseline=732931p n=1280 nb=20480MB
[pace] trigger by_mature=false by_cadence=true mature=1485815p baseline=732931p n=1281 nb=20496MB
[pace] trigger by_mature=false by_cadence=true mature=1486402p baseline=732931p n=1282 nb=20512MB
[pace] trigger by_mature=false by_cadence=true mature=1486993p baseline=732931p n=1283 nb=20528MB
[pace] trigger by_mature=false by_cadence=true mature=1487580p baseline=732931p n=1284 nb=20544MB
[pace] trigger by_mature=false by_cadence=true mature=1488170p baseline=732931p n=1285 nb=20560MB
[pace] trigger by_mature=false by_cadence=true mature=1488757p baseline=732931p n=1286 nb=20576MB
[pace] trigger by_mature=false by_cadence=true mature=1489347p baseline=732931p n=1287 nb=20592MB
[pace] trigger by_mature=false by_cadence=true mature=1489934p baseline=732931p n=1288 nb=20608MB
[pace] trigger by_mature=false by_cadence=true mature=1490524p baseline=732931p n=1289 nb=20624MB
[pace] trigger by_mature=false by_cadence=true mature=1491111p baseline=732931p n=1290 nb=20640MB
[pace] trigger by_mature=false by_cadence=true mature=1491702p baseline=732931p n=1291 nb=20656MB
[pace] trigger by_mature=false by_cadence=true mature=1492289p baseline=732931p n=1292 nb=20672MB
[pace] trigger by_mature=false by_cadence=true mature=1492879p baseline=732931p n=1293 nb=20688MB
[pace] trigger by_mature=false by_cadence=true mature=1493466p baseline=732931p n=1294 nb=20704MB
[pace] trigger by_mature=false by_cadence=true mature=1494056p baseline=732931p n=1295 nb=20720MB
[pace] trigger by_mature=false by_cadence=true mature=1494643p baseline=732931p n=1296 nb=20736MB
[pace] trigger by_mature=false by_cadence=true mature=1495233p baseline=732931p n=1297 nb=20752MB
[pace] trigger by_mature=false by_cadence=true mature=1495820p baseline=732931p n=1298 nb=20768MB
[pace] trigger by_mature=false by_cadence=true mature=1496411p baseline=732931p n=1299 nb=20784MB
[pace] trigger by_mature=false by_cadence=true mature=1496998p baseline=732931p n=1300 nb=20800MB
[pace] trigger by_mature=false by_cadence=true mature=1499275p baseline=732931p n=1301 nb=20816MB
[pace] trigger by_mature=false by_cadence=true mature=1503438p baseline=732931p n=1302 nb=20832MB
[pace] trigger by_mature=false by_cadence=true mature=1507605p baseline=732931p n=1303 nb=20848MB
[pace] trigger by_mature=false by_cadence=true mature=1511768p baseline=732931p n=1304 nb=20864MB
[pace] trigger by_mature=false by_cadence=true mature=1515933p baseline=732931p n=1305 nb=20880MB
[pace] trigger by_mature=false by_cadence=true mature=1520096p baseline=732931p n=1306 nb=20896MB
[pace] trigger by_mature=false by_cadence=true mature=1524260p baseline=732931p n=1307 nb=20912MB
[pace] trigger by_mature=false by_cadence=true mature=1528423p baseline=732931p n=1308 nb=20928MB
[pace] trigger by_mature=false by_cadence=true mature=1532586p baseline=732931p n=1309 nb=20944MB
[pace] trigger by_mature=false by_cadence=true mature=1536749p baseline=732931p n=1310 nb=20960MB
[pace] trigger by_mature=false by_cadence=true mature=1540916p baseline=732931p n=1311 nb=20976MB
[pace] trigger by_mature=false by_cadence=true mature=1545079p baseline=732931p n=1312 nb=20992MB
[pace] trigger by_mature=false by_cadence=true mature=1549242p baseline=732931p n=1313 nb=21008MB
[pace] trigger by_mature=false by_cadence=true mature=1553407p baseline=732931p n=1314 nb=21024MB
[pace] trigger by_mature=false by_cadence=true mature=1557571p baseline=732931p n=1315 nb=21040MB
[pace] trigger by_mature=false by_cadence=true mature=1561734p baseline=732931p n=1316 nb=21056MB
[pace] trigger by_mature=false by_cadence=true mature=1565897p baseline=732931p n=1317 nb=21072MB
[pace] trigger by_mature=false by_cadence=true mature=1570060p baseline=732931p n=1318 nb=21088MB
[pace] trigger by_mature=false by_cadence=true mature=1574228p baseline=732931p n=1319 nb=21104MB
[pace] trigger by_mature=false by_cadence=true mature=1578391p baseline=732931p n=1320 nb=21120MB
[pace] trigger by_mature=false by_cadence=true mature=1582554p baseline=732931p n=1321 nb=21136MB
[pace] trigger by_mature=false by_cadence=true mature=1586719p baseline=732931p n=1322 nb=21152MB
[pace] trigger by_mature=false by_cadence=true mature=1590883p baseline=732931p n=1323 nb=21168MB
[pace] trigger by_mature=false by_cadence=true mature=1595046p baseline=732931p n=1324 nb=21184MB
[pace] trigger by_mature=false by_cadence=true mature=1599209p baseline=732931p n=1325 nb=21200MB
[pace] trigger by_mature=false by_cadence=true mature=1603372p baseline=732931p n=1326 nb=21216MB
[pace] trigger by_mature=false by_cadence=true mature=1607539p baseline=732931p n=1327 nb=21232MB
[pace] trigger by_mature=false by_cadence=true mature=1611702p baseline=732931p n=1328 nb=21248MB
[pace] trigger by_mature=false by_cadence=true mature=1615865p baseline=732931p n=1329 nb=21264MB
[pace] trigger by_mature=false by_cadence=true mature=1620028p baseline=732931p n=1330 nb=21280MB
[pace] trigger by_mature=false by_cadence=true mature=1624194p baseline=732931p n=1331 nb=21296MB
[pace] trigger by_mature=false by_cadence=true mature=1628357p baseline=732931p n=1332 nb=21312MB
[pace] trigger by_mature=false by_cadence=true mature=1632520p baseline=732931p n=1333 nb=21328MB
[pace] trigger by_mature=false by_cadence=true mature=1636683p baseline=732931p n=1334 nb=21344MB
[pace] trigger by_mature=false by_cadence=true mature=1640850p baseline=732931p n=1335 nb=21360MB
[pace] trigger by_mature=false by_cadence=true mature=1645013p baseline=732931p n=1336 nb=21376MB
[pace] trigger by_mature=false by_cadence=true mature=1649176p baseline=732931p n=1337 nb=21392MB
[pace] trigger by_mature=false by_cadence=true mature=1653339p baseline=732931p n=1338 nb=21408MB
[pace] trigger by_mature=false by_cadence=true mature=1657505p baseline=732931p n=1339 nb=21424MB
[pace] trigger by_mature=false by_cadence=true mature=1661668p baseline=732931p n=1340 nb=21440MB
[pace] trigger by_mature=false by_cadence=true mature=1665831p baseline=732931p n=1341 nb=21456MB
[pace] trigger by_mature=false by_cadence=true mature=1669994p baseline=732931p n=1342 nb=21472MB
[pace] trigger by_mature=false by_cadence=true mature=1674161p baseline=732931p n=1343 nb=21488MB
[pace] trigger by_mature=false by_cadence=true mature=1678324p baseline=732931p n=1344 nb=21504MB
[pace] trigger by_mature=false by_cadence=true mature=1682487p baseline=732931p n=1345 nb=21520MB
[pace] trigger by_mature=false by_cadence=true mature=1686650p baseline=732931p n=1346 nb=21536MB
[pace] trigger by_mature=false by_cadence=true mature=1690814p baseline=732931p n=1347 nb=21552MB
[pace] trigger by_mature=false by_cadence=true mature=1694979p baseline=732931p n=1348 nb=21568MB
[pace] trigger by_mature=false by_cadence=true mature=1699142p baseline=732931p n=1349 nb=21584MB
[pace] trigger by_mature=false by_cadence=true mature=1703305p baseline=732931p n=1350 nb=21600MB
[pace] trigger by_mature=false by_cadence=true mature=1707473p baseline=732931p n=1351 nb=21616MB
[pace] trigger by_mature=false by_cadence=true mature=1711636p baseline=732931p n=1352 nb=21632MB
[pace] trigger by_mature=false by_cadence=true mature=1715799p baseline=732931p n=1353 nb=21648MB
[pace] trigger by_mature=false by_cadence=true mature=1719962p baseline=732931p n=1354 nb=21664MB
[pace] trigger by_mature=false by_cadence=true mature=1724126p baseline=732931p n=1355 nb=21680MB
[pace] trigger by_mature=false by_cadence=true mature=1728291p baseline=732931p n=1356 nb=21696MB
[pace] trigger by_mature=false by_cadence=true mature=1732454p baseline=732931p n=1357 nb=21712MB
[pace] trigger by_mature=false by_cadence=true mature=1736617p baseline=732931p n=1358 nb=21728MB
[pace] trigger by_mature=false by_cadence=true mature=1740784p baseline=732931p n=1359 nb=21744MB
[pace] trigger by_mature=false by_cadence=true mature=1744947p baseline=732931p n=1360 nb=21760MB
[pace] trigger by_mature=false by_cadence=true mature=1749110p baseline=732931p n=1361 nb=21776MB
[pace] trigger by_mature=false by_cadence=true mature=1753273p baseline=732931p n=1362 nb=21792MB
[pace] trigger by_mature=false by_cadence=true mature=1757437p baseline=732931p n=1363 nb=21808MB
[pace] trigger by_mature=false by_cadence=true mature=1761600p baseline=732931p n=1364 nb=21824MB
[pace] trigger by_mature=false by_cadence=true mature=1765765p baseline=732931p n=1365 nb=21840MB
[pace] trigger by_mature=false by_cadence=true mature=1769928p baseline=732931p n=1366 nb=21856MB
[pace] trigger by_mature=false by_cadence=true mature=1774095p baseline=732931p n=1367 nb=21872MB
[pace] trigger by_mature=false by_cadence=true mature=1778258p baseline=732931p n=1368 nb=21888MB
[pace] trigger by_mature=false by_cadence=true mature=1782421p baseline=732931p n=1369 nb=21904MB
[pace] trigger by_mature=false by_cadence=true mature=1786584p baseline=732931p n=1370 nb=21920MB
[pace] trigger by_mature=false by_cadence=true mature=1790748p baseline=732931p n=1371 nb=21936MB
[pace] trigger by_mature=false by_cadence=true mature=1794911p baseline=732931p n=1372 nb=21952MB
[pace] trigger by_mature=false by_cadence=true mature=1799076p baseline=732931p n=1373 nb=21968MB
[pace] trigger by_mature=false by_cadence=true mature=1803239p baseline=732931p n=1374 nb=21984MB
[pace] trigger by_mature=false by_cadence=true mature=1807406p baseline=732931p n=1375 nb=22000MB
[pace] trigger by_mature=false by_cadence=true mature=1811569p baseline=732931p n=1376 nb=22016MB
[pace] trigger by_mature=false by_cadence=true mature=1815732p baseline=732931p n=1377 nb=22032MB
[pace] trigger by_mature=false by_cadence=true mature=1819895p baseline=732931p n=1378 nb=22048MB
[pace] trigger by_mature=false by_cadence=true mature=1824059p baseline=732931p n=1379 nb=22064MB
[pace] trigger by_mature=false by_cadence=true mature=1828222p baseline=732931p n=1380 nb=22080MB
[pace] trigger by_mature=true by_cadence=true mature=1832385p baseline=732931p n=1381 nb=22096MB
[pace] trigger by_mature=true by_cadence=true mature=1836550p baseline=732931p n=1382 nb=22112MB
[pace] trigger by_mature=true by_cadence=true mature=1840718p baseline=732931p n=1383 nb=22128MB
[pace] trigger by_mature=true by_cadence=true mature=1844881p baseline=732931p n=1384 nb=22144MB
[pace] trigger by_mature=true by_cadence=true mature=1849044p baseline=732931p n=1385 nb=22160MB
[pace] trigger by_mature=true by_cadence=true mature=1853207p baseline=732931p n=1386 nb=22176MB
[pace] trigger by_mature=true by_cadence=true mature=1857371p baseline=732931p n=1387 nb=22192MB
[pace] trigger by_mature=true by_cadence=true mature=1861534p baseline=732931p n=1388 nb=22208MB
[pace] trigger by_mature=true by_cadence=true mature=1865697p baseline=732931p n=1389 nb=22224MB
[pace] trigger by_mature=true by_cadence=true mature=1869862p baseline=732931p n=1390 nb=22240MB
[pace] trigger by_mature=true by_cadence=true mature=1874029p baseline=732931p n=1391 nb=22256MB
[pace] trigger by_mature=true by_cadence=true mature=1878192p baseline=732931p n=1392 nb=22272MB
[pace] trigger by_mature=true by_cadence=true mature=1882355p baseline=732931p n=1393 nb=22288MB
[pace] trigger by_mature=true by_cadence=true mature=1886518p baseline=732931p n=1394 nb=22304MB
[pace] trigger by_mature=true by_cadence=true mature=1890682p baseline=732931p n=1395 nb=22320MB
[pace] trigger by_mature=true by_cadence=true mature=1894845p baseline=732931p n=1396 nb=22336MB
[pace] trigger by_mature=true by_cadence=true mature=1899008p baseline=732931p n=1397 nb=22352MB
[pace] trigger by_mature=true by_cadence=true mature=1903171p baseline=732931p n=1398 nb=22368MB
[pace] trigger by_mature=true by_cadence=true mature=1907340p baseline=732931p n=1399 nb=22384MB
[pace] trigger by_mature=true by_cadence=true mature=1911503p baseline=732931p n=1400 nb=22400MB
[pace] trigger by_mature=true by_cadence=true mature=1915666p baseline=732931p n=1401 nb=22416MB
[pace] trigger by_mature=true by_cadence=true mature=1919829p baseline=732931p n=1402 nb=22432MB
[pace] trigger by_mature=true by_cadence=true mature=1923993p baseline=732931p n=1403 nb=22448MB
[pace] trigger by_mature=true by_cadence=true mature=1928156p baseline=732931p n=1404 nb=22464MB
[pace] trigger by_mature=true by_cadence=true mature=1932319p baseline=732931p n=1405 nb=22480MB
[pace] trigger by_mature=true by_cadence=true mature=1936482p baseline=732931p n=1406 nb=22496MB
[pace] trigger by_mature=true by_cadence=true mature=1940651p baseline=732931p n=1407 nb=22512MB
[pace] trigger by_mature=true by_cadence=true mature=1944814p baseline=732931p n=1408 nb=22528MB
[pace] trigger by_mature=true by_cadence=true mature=1948977p baseline=732931p n=1409 nb=22544MB
[pace] trigger by_mature=true by_cadence=true mature=1953140p baseline=732931p n=1410 nb=22560MB
[pace] trigger by_mature=true by_cadence=true mature=1957304p baseline=732931p n=1411 nb=22576MB
[pace] trigger by_mature=true by_cadence=true mature=1961467p baseline=732931p n=1412 nb=22592MB
[pace] trigger by_mature=true by_cadence=true mature=1965630p baseline=732931p n=1413 nb=22608MB
[pace] trigger by_mature=true by_cadence=true mature=1969793p baseline=732931p n=1414 nb=22624MB
[pace] trigger by_mature=true by_cadence=true mature=1973961p baseline=732931p n=1415 nb=22640MB
[pace] trigger by_mature=true by_cadence=true mature=1978126p baseline=732931p n=1416 nb=22656MB
[pace] trigger by_mature=true by_cadence=true mature=1982289p baseline=732931p n=1417 nb=22672MB
[pace] trigger by_mature=true by_cadence=true mature=1986452p baseline=732931p n=1418 nb=22688MB
[pace] trigger by_mature=true by_cadence=true mature=1990616p baseline=732931p n=1419 nb=22704MB
[pace] trigger by_mature=true by_cadence=true mature=1994779p baseline=732931p n=1420 nb=22720MB
[pace] trigger by_mature=true by_cadence=true mature=1998942p baseline=732931p n=1421 nb=22736MB
[pace] trigger by_mature=true by_cadence=true mature=2003105p baseline=732931p n=1422 nb=22752MB
[pace] trigger by_mature=true by_cadence=true mature=2007272p baseline=732931p n=1423 nb=22768MB
[pace] trigger by_mature=true by_cadence=true mature=2011437p baseline=732931p n=1424 nb=22784MB
[pace] trigger by_mature=true by_cadence=true mature=2015600p baseline=732931p n=1425 nb=22800MB
[pace] trigger by_mature=true by_cadence=true mature=2019763p baseline=732931p n=1426 nb=22816MB
[pace] trigger by_mature=true by_cadence=true mature=2023927p baseline=732931p n=1427 nb=22832MB
[pace] trigger by_mature=true by_cadence=true mature=2028090p baseline=732931p n=1428 nb=22848MB
[pace] trigger by_mature=true by_cadence=true mature=2032253p baseline=732931p n=1429 nb=22864MB
[pace] trigger by_mature=true by_cadence=true mature=2036416p baseline=732931p n=1430 nb=22880MB
[pace] trigger by_mature=true by_cadence=true mature=2040583p baseline=732931p n=1431 nb=22896MB
[pace] trigger by_mature=true by_cadence=true mature=2044746p baseline=732931p n=1432 nb=22912MB
[pace] trigger by_mature=true by_cadence=true mature=2048911p baseline=732931p n=1433 nb=22928MB
[pace] trigger by_mature=true by_cadence=true mature=2053074p baseline=732931p n=1434 nb=22944MB
[pace] trigger by_mature=true by_cadence=true mature=2057238p baseline=732931p n=1435 nb=22960MB
[pace] trigger by_mature=true by_cadence=true mature=2061401p baseline=732931p n=1436 nb=22976MB
[pace] trigger by_mature=true by_cadence=true mature=2065564p baseline=732931p n=1437 nb=22992MB
[pace] trigger by_mature=true by_cadence=true mature=2069727p baseline=732931p n=1438 nb=23008MB
[pace] trigger by_mature=true by_cadence=true mature=2073894p baseline=732931p n=1439 nb=23024MB
[pace] trigger by_mature=true by_cadence=true mature=2078057p baseline=732931p n=1440 nb=23040MB
[pace] trigger by_mature=true by_cadence=true mature=2082220p baseline=732931p n=1441 nb=23056MB
[pace] trigger by_mature=true by_cadence=true mature=2086385p baseline=732931p n=1442 nb=23072MB
[pace] trigger by_mature=true by_cadence=true mature=2090549p baseline=732931p n=1443 nb=23088MB
[pace] trigger by_mature=true by_cadence=true mature=2094712p baseline=732931p n=1444 nb=23104MB
[pace] trigger by_mature=true by_cadence=true mature=2098875p baseline=732931p n=1445 nb=23120MB
[pace] trigger by_mature=true by_cadence=true mature=2103038p baseline=732931p n=1446 nb=23136MB
[pace] trigger by_mature=true by_cadence=true mature=2107206p baseline=732931p n=1447 nb=23152MB
[pace] trigger by_mature=true by_cadence=true mature=2111369p baseline=732931p n=1448 nb=23168MB
[pace] trigger by_mature=true by_cadence=true mature=2115532p baseline=732931p n=1449 nb=23184MB
[pace] trigger by_mature=true by_cadence=true mature=2119697p baseline=732931p n=1450 nb=23200MB
[pace] trigger by_mature=true by_cadence=true mature=2123861p baseline=732931p n=1451 nb=23216MB
[pace] trigger by_mature=true by_cadence=true mature=2128024p baseline=732931p n=1452 nb=23232MB
[pace] trigger by_mature=true by_cadence=true mature=2132187p baseline=732931p n=1453 nb=23248MB
[pace] trigger by_mature=true by_cadence=true mature=2136350p baseline=732931p n=1454 nb=23264MB
[pace] trigger by_mature=true by_cadence=true mature=2140517p baseline=732931p n=1455 nb=23280MB
[pace] trigger by_mature=true by_cadence=true mature=2144680p baseline=732931p n=1456 nb=23296MB
[pace] trigger by_mature=true by_cadence=true mature=2148843p baseline=732931p n=1457 nb=23312MB
[pace] trigger by_mature=true by_cadence=true mature=2153006p baseline=732931p n=1458 nb=23328MB
[pace] trigger by_mature=true by_cadence=true mature=2157172p baseline=732931p n=1459 nb=23344MB
[pace] trigger by_mature=true by_cadence=true mature=2161335p baseline=732931p n=1460 nb=23360MB
[pace] trigger by_mature=true by_cadence=true mature=2165498p baseline=732931p n=1461 nb=23376MB
[pace] trigger by_mature=true by_cadence=true mature=2169661p baseline=732931p n=1462 nb=23392MB
[pace] trigger by_mature=true by_cadence=true mature=2173828p baseline=732931p n=1463 nb=23408MB
[pace] trigger by_mature=true by_cadence=true mature=2177991p baseline=732931p n=1464 nb=23424MB
[pace] trigger by_mature=true by_cadence=true mature=2182154p baseline=732931p n=1465 nb=23440MB
[pace] trigger by_mature=true by_cadence=true mature=2186317p baseline=732931p n=1466 nb=23456MB
[pace] trigger by_mature=true by_cadence=true mature=2190483p baseline=732931p n=1467 nb=23472MB
[pace] trigger by_mature=true by_cadence=true mature=2194646p baseline=732931p n=1468 nb=23488MB
[pace] trigger by_mature=true by_cadence=true mature=2198809p baseline=732931p n=1469 nb=23504MB
[pace] trigger by_mature=true by_cadence=true mature=2202972p baseline=732931p n=1470 nb=23520MB
[pace] trigger by_mature=true by_cadence=true mature=2207139p baseline=732931p n=1471 nb=23536MB
[pace] trigger by_mature=true by_cadence=true mature=2211302p baseline=732931p n=1472 nb=23552MB
[pace] trigger by_mature=true by_cadence=true mature=2215465p baseline=732931p n=1473 nb=23568MB
[pace] trigger by_mature=true by_cadence=true mature=2219628p baseline=732931p n=1474 nb=23584MB
[pace] trigger by_mature=true by_cadence=true mature=2223792p baseline=732931p n=1475 nb=23600MB
[pace] trigger by_mature=true by_cadence=true mature=2227957p baseline=732931p n=1476 nb=23616MB
[pace] trigger by_mature=true by_cadence=true mature=2232120p baseline=732931p n=1477 nb=23632MB
[pace] trigger by_mature=true by_cadence=true mature=2236283p baseline=732931p n=1478 nb=23648MB
[pace] trigger by_mature=true by_cadence=true mature=2240451p baseline=732931p n=1479 nb=23664MB
[pace] trigger by_mature=true by_cadence=true mature=2244614p baseline=732931p n=1480 nb=23680MB
[pace] trigger by_mature=true by_cadence=true mature=2248777p baseline=732931p n=1481 nb=23696MB
[pace] trigger by_mature=true by_cadence=true mature=2252940p baseline=732931p n=1482 nb=23712MB
[pace] trigger by_mature=true by_cadence=true mature=2257104p baseline=732931p n=1483 nb=23728MB
[pace] trigger by_mature=true by_cadence=true mature=2261269p baseline=732931p n=1484 nb=23744MB
[pace] trigger by_mature=true by_cadence=true mature=2265432p baseline=732931p n=1485 nb=23760MB
[pace] trigger by_mature=true by_cadence=true mature=2269595p baseline=732931p n=1486 nb=23776MB
[pace] trigger by_mature=true by_cadence=true mature=2273762p baseline=732931p n=1487 nb=23792MB
[pace] trigger by_mature=true by_cadence=true mature=2277925p baseline=732931p n=1488 nb=23808MB
[pace] trigger by_mature=true by_cadence=true mature=2282088p baseline=732931p n=1489 nb=23824MB
[pace] trigger by_mature=true by_cadence=true mature=2286251p baseline=732931p n=1490 nb=23840MB
[pace] trigger by_mature=true by_cadence=true mature=2290415p baseline=732931p n=1491 nb=23856MB
[pace] trigger by_mature=true by_cadence=true mature=2294578p baseline=732931p n=1492 nb=23872MB
[mmtk] GCs: 3059 (full: 13), GC time: 86985 ms, objects copied: 382293011
