[pace] trigger by_mature=true by_cadence=false mature=2053p baseline=0p n=22 nb=352MB
[pace] slice gate: debt=0ms quantum=2.0ms minor_ewma=4.2ms tick=false worth=false feasible=true -> Full
[pace] trigger by_mature=false by_cadence=true mature=3210p baseline=1540p n=32 nb=512MB
[pace] slice gate: debt=6ms quantum=6.0ms minor_ewma=4.2ms tick=false worth=false feasible=true -> Full
[pace] trigger by_mature=false by_cadence=true mature=3869p baseline=2460p n=32 nb=512MB
[pace] slice gate: debt=10ms quantum=9.6ms minor_ewma=4.2ms tick=false worth=false feasible=true -> Full
[pace] trigger by_mature=false by_cadence=true mature=4615p baseline=3230p n=32 nb=512MB
[pace] slice gate: debt=13ms quantum=12.6ms minor_ewma=4.8ms tick=false worth=false feasible=true -> Full
[pace] trigger by_mature=false by_cadence=true mature=5462p baseline=4017p n=32 nb=512MB
[pace] slice gate: debt=16ms quantum=15.7ms minor_ewma=5.3ms tick=false worth=false feasible=true -> Full
[pace] trigger by_mature=true by_cadence=false mature=13227p baseline=4864p n=19 nb=304MB
[pace] slice gate: debt=19ms quantum=4.8ms minor_ewma=22.2ms tick=false worth=false feasible=true -> Full
[pace] trigger by_mature=true by_cadence=false mature=33423p baseline=13080p n=5 nb=80MB
[pace] slice gate: debt=51ms quantum=5.1ms minor_ewma=35.0ms tick=false worth=false feasible=true -> Full
[pace] trigger by_mature=true by_cadence=false mature=87414p baseline=33423p n=13 nb=208MB
[pace] slice gate: debt=131ms quantum=5.0ms minor_ewma=38.4ms tick=false worth=false feasible=true -> Full
[pace] trigger by_mature=true by_cadence=false mature=220349p baseline=87414p n=32 nb=512MB
[pace] slice gate: debt=341ms quantum=5.2ms minor_ewma=39.2ms tick=false worth=true feasible=true -> sliced
[pace] trigger by_mature=true by_cadence=false mature=220357p baseline=87414p n=1 nb=16MB
[pace] trigger by_mature=true by_cadence=false mature=224512p baseline=87414p n=2 nb=32MB
[pace] trigger by_mature=true by_cadence=false mature=228667p baseline=87414p n=3 nb=48MB
[pace] trigger by_mature=true by_cadence=false mature=232822p baseline=87414p n=4 nb=64MB
[pace] trigger by_mature=true by_cadence=false mature=236977p baseline=87414p n=5 nb=80MB
[pace] trigger by_mature=true by_cadence=false mature=241132p baseline=87414p n=6 nb=96MB
[pace] trigger by_mature=true by_cadence=false mature=245287p baseline=87414p n=7 nb=112MB
[pace] trigger by_mature=true by_cadence=false mature=249444p baseline=87414p n=8 nb=128MB
[pace] trigger by_mature=true by_cadence=false mature=253599p baseline=87414p n=9 nb=144MB
[pace] trigger by_mature=true by_cadence=false mature=257754p baseline=87414p n=10 nb=160MB
[pace] trigger by_mature=true by_cadence=false mature=261909p baseline=87414p n=11 nb=176MB
[pace] trigger by_mature=true by_cadence=false mature=266064p baseline=87414p n=12 nb=192MB
[pace] trigger by_mature=true by_cadence=false mature=270219p baseline=87414p n=13 nb=208MB
[pace] trigger by_mature=true by_cadence=false mature=274374p baseline=87414p n=14 nb=224MB
[pace] trigger by_mature=true by_cadence=false mature=278529p baseline=87414p n=15 nb=240MB
[pace] trigger by_mature=true by_cadence=false mature=282684p baseline=87414p n=16 nb=256MB
[pace] trigger by_mature=true by_cadence=false mature=286841p baseline=87414p n=17 nb=272MB
[pace] trigger by_mature=true by_cadence=false mature=290996p baseline=87414p n=18 nb=288MB
[pace] trigger by_mature=true by_cadence=false mature=295151p baseline=87414p n=19 nb=304MB
[pace] trigger by_mature=true by_cadence=false mature=299306p baseline=87414p n=20 nb=320MB
[pace] trigger by_mature=true by_cadence=false mature=303461p baseline=87414p n=21 nb=336MB
[pace] trigger by_mature=true by_cadence=false mature=307616p baseline=87414p n=22 nb=352MB
[pace] trigger by_mature=true by_cadence=false mature=311771p baseline=87414p n=23 nb=368MB
[pace] trigger by_mature=true by_cadence=false mature=315926p baseline=87414p n=24 nb=384MB
[pace] trigger by_mature=true by_cadence=false mature=320083p baseline=87414p n=25 nb=400MB
[pace] trigger by_mature=true by_cadence=false mature=324238p baseline=87414p n=26 nb=416MB
[pace] trigger by_mature=true by_cadence=false mature=328393p baseline=87414p n=27 nb=432MB
[pace] trigger by_mature=true by_cadence=false mature=332548p baseline=87414p n=28 nb=448MB
[pace] trigger by_mature=true by_cadence=false mature=336703p baseline=87414p n=29 nb=464MB
[pace] trigger by_mature=true by_cadence=false mature=337828p baseline=87414p n=30 nb=480MB
[pace] trigger by_mature=true by_cadence=false mature=337913p baseline=87414p n=31 nb=496MB
[pace] trigger by_mature=true by_cadence=false mature=338003p baseline=87414p n=32 nb=512MB
[pace] trigger by_mature=true by_cadence=false mature=338088p baseline=87414p n=33 nb=528MB
[pace] trigger by_mature=true by_cadence=false mature=338174p baseline=87414p n=34 nb=544MB
[pace] trigger by_mature=true by_cadence=false mature=338259p baseline=87414p n=35 nb=560MB
[pace] trigger by_mature=true by_cadence=false mature=338349p baseline=87414p n=36 nb=576MB
[pace] trigger by_mature=true by_cadence=false mature=338434p baseline=87414p n=37 nb=592MB
[pace] trigger by_mature=true by_cadence=false mature=338520p baseline=87414p n=38 nb=608MB
[pace] trigger by_mature=true by_cadence=false mature=338805p baseline=87414p n=39 nb=624MB
[pace] trigger by_mature=true by_cadence=false mature=342960p baseline=87414p n=40 nb=640MB
[pace] trigger by_mature=true by_cadence=false mature=347115p baseline=87414p n=41 nb=656MB
[pace] trigger by_mature=true by_cadence=false mature=351270p baseline=87414p n=42 nb=672MB
[pace] trigger by_mature=true by_cadence=true mature=355427p baseline=87414p n=43 nb=688MB
[pace] trigger by_mature=true by_cadence=true mature=359582p baseline=87414p n=44 nb=704MB
[pace] trigger by_mature=true by_cadence=true mature=363737p baseline=87414p n=45 nb=720MB
[pace] trigger by_mature=true by_cadence=true mature=367892p baseline=87414p n=46 nb=736MB
[pace] trigger by_mature=true by_cadence=true mature=372047p baseline=87414p n=47 nb=752MB
[pace] trigger by_mature=true by_cadence=true mature=376202p baseline=87414p n=48 nb=768MB
[pace] trigger by_mature=true by_cadence=true mature=380357p baseline=87414p n=49 nb=784MB
[pace] trigger by_mature=true by_cadence=true mature=384512p baseline=87414p n=50 nb=800MB
[pace] trigger by_mature=true by_cadence=true mature=388667p baseline=87414p n=51 nb=816MB
[pace] trigger by_mature=true by_cadence=true mature=392824p baseline=87414p n=52 nb=832MB
[pace] trigger by_mature=true by_cadence=true mature=396979p baseline=87414p n=53 nb=848MB
[pace] trigger by_mature=true by_cadence=true mature=401134p baseline=87414p n=54 nb=864MB
[pace] trigger by_mature=true by_cadence=true mature=405289p baseline=87414p n=55 nb=880MB
[pace] trigger by_mature=true by_cadence=true mature=409444p baseline=87414p n=56 nb=896MB
[pace] trigger by_mature=true by_cadence=true mature=413599p baseline=87414p n=57 nb=912MB
[pace] trigger by_mature=true by_cadence=true mature=417754p baseline=87414p n=58 nb=928MB
[pace] trigger by_mature=true by_cadence=true mature=421909p baseline=87414p n=59 nb=944MB
[pace] trigger by_mature=true by_cadence=true mature=426066p baseline=87414p n=60 nb=960MB
[pace] trigger by_mature=true by_cadence=true mature=430221p baseline=87414p n=61 nb=976MB
[pace] trigger by_mature=true by_cadence=true mature=434376p baseline=87414p n=62 nb=992MB
[pace] trigger by_mature=true by_cadence=true mature=438531p baseline=87414p n=63 nb=1008MB
[pace] trigger by_mature=true by_cadence=true mature=442686p baseline=87414p n=64 nb=1024MB
[pace] trigger by_mature=true by_cadence=true mature=446841p baseline=87414p n=65 nb=1040MB
[pace] trigger by_mature=true by_cadence=true mature=450996p baseline=87414p n=66 nb=1056MB
[pace] trigger by_mature=true by_cadence=true mature=455151p baseline=87414p n=67 nb=1072MB
[pace] trigger by_mature=true by_cadence=true mature=459306p baseline=87414p n=68 nb=1088MB
[pace] trigger by_mature=true by_cadence=true mature=463463p baseline=87414p n=69 nb=1104MB
[pace] trigger by_mature=true by_cadence=true mature=467618p baseline=87414p n=70 nb=1120MB
[pace] trigger by_mature=true by_cadence=true mature=471773p baseline=87414p n=71 nb=1136MB
[pace] trigger by_mature=true by_cadence=true mature=475928p baseline=87414p n=72 nb=1152MB
[pace] trigger by_mature=true by_cadence=true mature=480083p baseline=87414p n=73 nb=1168MB
[pace] trigger by_mature=true by_cadence=true mature=484238p baseline=87414p n=74 nb=1184MB
[pace] trigger by_mature=true by_cadence=true mature=488393p baseline=87414p n=75 nb=1200MB
[pace] trigger by_mature=true by_cadence=true mature=492548p baseline=87414p n=76 nb=1216MB
[pace] trigger by_mature=true by_cadence=true mature=496705p baseline=87414p n=77 nb=1232MB
[pace] trigger by_mature=true by_cadence=true mature=500860p baseline=87414p n=78 nb=1248MB
[pace] trigger by_mature=true by_cadence=true mature=505015p baseline=87414p n=79 nb=1264MB
[pace] trigger by_mature=true by_cadence=true mature=509170p baseline=87414p n=80 nb=1280MB
[pace] trigger by_mature=true by_cadence=true mature=513325p baseline=87414p n=81 nb=1296MB
[pace] trigger by_mature=true by_cadence=true mature=517480p baseline=87414p n=82 nb=1312MB
[pace] trigger by_mature=true by_cadence=true mature=521635p baseline=87414p n=83 nb=1328MB
[pace] trigger by_mature=true by_cadence=true mature=525790p baseline=87414p n=84 nb=1344MB
[pace] trigger by_mature=true by_cadence=true mature=529945p baseline=87414p n=85 nb=1360MB
[pace] trigger by_mature=true by_cadence=true mature=534102p baseline=87414p n=86 nb=1376MB
[pace] trigger by_mature=true by_cadence=true mature=538257p baseline=87414p n=87 nb=1392MB
[pace] trigger by_mature=true by_cadence=true mature=542412p baseline=87414p n=88 nb=1408MB
[pace] trigger by_mature=true by_cadence=true mature=546567p baseline=87414p n=89 nb=1424MB
[pace] trigger by_mature=true by_cadence=true mature=550722p baseline=87414p n=90 nb=1440MB
[pace] trigger by_mature=true by_cadence=true mature=554877p baseline=87414p n=91 nb=1456MB
[pace] trigger by_mature=true by_cadence=true mature=559032p baseline=87414p n=92 nb=1472MB
[pace] trigger by_mature=true by_cadence=true mature=563187p baseline=87414p n=93 nb=1488MB
[pace] trigger by_mature=true by_cadence=true mature=567342p baseline=87414p n=94 nb=1504MB
[pace] trigger by_mature=true by_cadence=true mature=571499p baseline=87414p n=95 nb=1520MB
[pace] trigger by_mature=true by_cadence=true mature=575654p baseline=87414p n=96 nb=1536MB
[pace] trigger by_mature=true by_cadence=true mature=579809p baseline=87414p n=97 nb=1552MB
[pace] trigger by_mature=true by_cadence=true mature=583964p baseline=87414p n=98 nb=1568MB
[pace] trigger by_mature=true by_cadence=true mature=588119p baseline=87414p n=99 nb=1584MB
[pace] trigger by_mature=true by_cadence=true mature=592274p baseline=87414p n=100 nb=1600MB
[pace] trigger by_mature=true by_cadence=true mature=596429p baseline=87414p n=101 nb=1616MB
[pace] trigger by_mature=true by_cadence=true mature=600584p baseline=87414p n=102 nb=1632MB
[pace] trigger by_mature=true by_cadence=true mature=604741p baseline=87414p n=103 nb=1648MB
[pace] trigger by_mature=true by_cadence=true mature=608896p baseline=87414p n=104 nb=1664MB
[pace] trigger by_mature=true by_cadence=true mature=613051p baseline=87414p n=105 nb=1680MB
[pace] trigger by_mature=true by_cadence=true mature=617206p baseline=87414p n=106 nb=1696MB
[pace] trigger by_mature=true by_cadence=true mature=621361p baseline=87414p n=107 nb=1712MB
[pace] trigger by_mature=true by_cadence=true mature=625516p baseline=87414p n=108 nb=1728MB
[pace] trigger by_mature=true by_cadence=true mature=629671p baseline=87414p n=109 nb=1744MB
[pace] trigger by_mature=true by_cadence=true mature=633826p baseline=87414p n=110 nb=1760MB
[pace] trigger by_mature=true by_cadence=true mature=637981p baseline=87414p n=111 nb=1776MB
[pace] trigger by_mature=true by_cadence=true mature=642138p baseline=87414p n=112 nb=1792MB
[pace] trigger by_mature=true by_cadence=true mature=646293p baseline=87414p n=113 nb=1808MB
[pace] trigger by_mature=true by_cadence=true mature=650448p baseline=87414p n=114 nb=1824MB
[pace] trigger by_mature=true by_cadence=true mature=654603p baseline=87414p n=115 nb=1840MB
[pace] trigger by_mature=true by_cadence=true mature=658758p baseline=87414p n=116 nb=1856MB
[pace] trigger by_mature=true by_cadence=true mature=662913p baseline=87414p n=117 nb=1872MB
[pace] trigger by_mature=true by_cadence=true mature=667068p baseline=87414p n=118 nb=1888MB
[pace] trigger by_mature=true by_cadence=true mature=671223p baseline=87414p n=119 nb=1904MB
[pace] trigger by_mature=true by_cadence=true mature=671752p baseline=87414p n=120 nb=1920MB
[pace] trigger by_mature=true by_cadence=true mature=671839p baseline=87414p n=121 nb=1936MB
[pace] trigger by_mature=true by_cadence=true mature=671924p baseline=87414p n=122 nb=1952MB
[pace] trigger by_mature=true by_cadence=true mature=672013p baseline=87414p n=123 nb=1968MB
[pace] trigger by_mature=true by_cadence=true mature=672099p baseline=87414p n=124 nb=1984MB
[pace] trigger by_mature=true by_cadence=true mature=672185p baseline=87414p n=125 nb=2000MB
[pace] trigger by_mature=true by_cadence=true mature=672270p baseline=87414p n=126 nb=2016MB
[pace] trigger by_mature=true by_cadence=true mature=672360p baseline=87414p n=127 nb=2032MB
[pace] trigger by_mature=true by_cadence=true mature=672445p baseline=87414p n=128 nb=2048MB
[pace] trigger by_mature=true by_cadence=true mature=673337p baseline=87414p n=129 nb=2064MB
[pace] trigger by_mature=true by_cadence=true mature=677494p baseline=87414p n=130 nb=2080MB
[pace] trigger by_mature=true by_cadence=true mature=681649p baseline=87414p n=131 nb=2096MB
[pace] trigger by_mature=true by_cadence=true mature=685804p baseline=87414p n=132 nb=2112MB
[pace] trigger by_mature=true by_cadence=true mature=689959p baseline=87414p n=133 nb=2128MB
[pace] trigger by_mature=true by_cadence=true mature=694114p baseline=87414p n=134 nb=2144MB
[pace] trigger by_mature=true by_cadence=true mature=698269p baseline=87414p n=135 nb=2160MB
[pace] trigger by_mature=true by_cadence=true mature=702424p baseline=87414p n=136 nb=2176MB
[pace] trigger by_mature=true by_cadence=true mature=706579p baseline=87414p n=137 nb=2192MB
[pace] trigger by_mature=true by_cadence=true mature=710736p baseline=87414p n=138 nb=2208MB
[pace] trigger by_mature=true by_cadence=true mature=714891p baseline=87414p n=139 nb=2224MB
[pace] trigger by_mature=true by_cadence=true mature=719046p baseline=87414p n=140 nb=2240MB
[pace] trigger by_mature=true by_cadence=true mature=723201p baseline=87414p n=141 nb=2256MB
[pace] trigger by_mature=true by_cadence=true mature=727356p baseline=87414p n=142 nb=2272MB
[pace] trigger by_mature=true by_cadence=true mature=731511p baseline=87414p n=143 nb=2288MB
[pace] trigger by_mature=true by_cadence=true mature=735666p baseline=87414p n=144 nb=2304MB
[pace] trigger by_mature=true by_cadence=true mature=739821p baseline=87414p n=145 nb=2320MB
[pace] trigger by_mature=true by_cadence=true mature=743976p baseline=87414p n=146 nb=2336MB
[pace] trigger by_mature=true by_cadence=true mature=748133p baseline=87414p n=147 nb=2352MB
[pace] trigger by_mature=true by_cadence=true mature=752288p baseline=87414p n=148 nb=2368MB
[pace] trigger by_mature=true by_cadence=true mature=756443p baseline=87414p n=149 nb=2384MB
[pace] trigger by_mature=true by_cadence=true mature=760598p baseline=87414p n=150 nb=2400MB
[pace] trigger by_mature=true by_cadence=true mature=764753p baseline=87414p n=151 nb=2416MB
[pace] trigger by_mature=true by_cadence=true mature=768908p baseline=87414p n=152 nb=2432MB
[pace] trigger by_mature=true by_cadence=true mature=773063p baseline=87414p n=153 nb=2448MB
[pace] trigger by_mature=true by_cadence=true mature=777218p baseline=87414p n=154 nb=2464MB
[pace] trigger by_mature=true by_cadence=true mature=781375p baseline=87414p n=155 nb=2480MB
[pace] trigger by_mature=true by_cadence=true mature=785530p baseline=87414p n=156 nb=2496MB
[pace] trigger by_mature=true by_cadence=true mature=789685p baseline=87414p n=157 nb=2512MB
[pace] trigger by_mature=true by_cadence=true mature=793840p baseline=87414p n=158 nb=2528MB
[pace] trigger by_mature=true by_cadence=true mature=797995p baseline=87414p n=159 nb=2544MB
[pace] trigger by_mature=true by_cadence=true mature=802150p baseline=87414p n=160 nb=2560MB
[pace] trigger by_mature=true by_cadence=true mature=806305p baseline=87414p n=161 nb=2576MB
[pace] trigger by_mature=true by_cadence=true mature=810460p baseline=87414p n=162 nb=2592MB
[pace] trigger by_mature=true by_cadence=true mature=814615p baseline=87414p n=163 nb=2608MB
[pace] trigger by_mature=true by_cadence=true mature=818772p baseline=87414p n=164 nb=2624MB
[pace] trigger by_mature=true by_cadence=true mature=822927p baseline=87414p n=165 nb=2640MB
[pace] trigger by_mature=true by_cadence=true mature=827082p baseline=87414p n=166 nb=2656MB
[pace] trigger by_mature=true by_cadence=true mature=831237p baseline=87414p n=167 nb=2672MB
[pace] trigger by_mature=true by_cadence=true mature=835392p baseline=87414p n=168 nb=2688MB
[pace] trigger by_mature=true by_cadence=true mature=839547p baseline=87414p n=169 nb=2704MB
[pace] trigger by_mature=true by_cadence=true mature=843702p baseline=87414p n=170 nb=2720MB
[pace] trigger by_mature=true by_cadence=true mature=847857p baseline=87414p n=171 nb=2736MB
[pace] trigger by_mature=true by_cadence=true mature=852014p baseline=87414p n=172 nb=2752MB
[pace] trigger by_mature=true by_cadence=true mature=856169p baseline=87414p n=173 nb=2768MB
[pace] trigger by_mature=true by_cadence=true mature=860324p baseline=87414p n=174 nb=2784MB
[pace] trigger by_mature=true by_cadence=true mature=864479p baseline=87414p n=175 nb=2800MB
[pace] trigger by_mature=true by_cadence=true mature=868634p baseline=87414p n=176 nb=2816MB
[pace] trigger by_mature=true by_cadence=true mature=872789p baseline=87414p n=177 nb=2832MB
[pace] trigger by_mature=true by_cadence=true mature=876944p baseline=87414p n=178 nb=2848MB
[pace] trigger by_mature=true by_cadence=true mature=881099p baseline=87414p n=179 nb=2864MB
[pace] trigger by_mature=true by_cadence=true mature=885254p baseline=87414p n=180 nb=2880MB
[pace] trigger by_mature=true by_cadence=true mature=889411p baseline=87414p n=181 nb=2896MB
[pace] trigger by_mature=true by_cadence=true mature=893566p baseline=87414p n=182 nb=2912MB
[pace] trigger by_mature=true by_cadence=true mature=897721p baseline=87414p n=183 nb=2928MB
[pace] trigger by_mature=true by_cadence=true mature=901876p baseline=87414p n=184 nb=2944MB
[pace] trigger by_mature=true by_cadence=true mature=906031p baseline=87414p n=185 nb=2960MB
[pace] trigger by_mature=true by_cadence=true mature=910186p baseline=87414p n=186 nb=2976MB
[pace] trigger by_mature=true by_cadence=true mature=914341p baseline=87414p n=187 nb=2992MB
[pace] trigger by_mature=true by_cadence=true mature=918496p baseline=87414p n=188 nb=3008MB
[pace] trigger by_mature=true by_cadence=true mature=922653p baseline=87414p n=189 nb=3024MB
[pace] trigger by_mature=true by_cadence=true mature=926808p baseline=87414p n=190 nb=3040MB
[pace] trigger by_mature=true by_cadence=true mature=930963p baseline=87414p n=191 nb=3056MB
[pace] trigger by_mature=true by_cadence=true mature=935118p baseline=87414p n=192 nb=3072MB
[pace] trigger by_mature=true by_cadence=true mature=939273p baseline=87414p n=193 nb=3088MB
[pace] trigger by_mature=true by_cadence=true mature=943428p baseline=87414p n=194 nb=3104MB
[pace] trigger by_mature=true by_cadence=true mature=947583p baseline=87414p n=195 nb=3120MB
[pace] trigger by_mature=true by_cadence=true mature=951738p baseline=87414p n=196 nb=3136MB
[pace] trigger by_mature=true by_cadence=true mature=955893p baseline=87414p n=197 nb=3152MB
[pace] trigger by_mature=true by_cadence=true mature=960050p baseline=87414p n=198 nb=3168MB
[pace] trigger by_mature=true by_cadence=true mature=964205p baseline=87414p n=199 nb=3184MB
[pace] trigger by_mature=true by_cadence=true mature=968360p baseline=87414p n=200 nb=3200MB
[pace] trigger by_mature=true by_cadence=true mature=972515p baseline=87414p n=201 nb=3216MB
[pace] trigger by_mature=true by_cadence=true mature=976670p baseline=87414p n=202 nb=3232MB
[pace] trigger by_mature=true by_cadence=true mature=980825p baseline=87414p n=203 nb=3248MB
[pace] trigger by_mature=true by_cadence=true mature=984980p baseline=87414p n=204 nb=3264MB
[pace] trigger by_mature=true by_cadence=true mature=989135p baseline=87414p n=205 nb=3280MB
[pace] trigger by_mature=true by_cadence=true mature=993292p baseline=87414p n=206 nb=3296MB
[pace] trigger by_mature=true by_cadence=true mature=997447p baseline=87414p n=207 nb=3312MB
[pace] trigger by_mature=true by_cadence=true mature=1001602p baseline=87414p n=208 nb=3328MB
[pace] trigger by_mature=true by_cadence=true mature=1005611p baseline=87414p n=209 nb=3344MB
[pace] trigger by_mature=true by_cadence=true mature=1005696p baseline=87414p n=210 nb=3360MB
[pace] trigger by_mature=true by_cadence=true mature=1005782p baseline=87414p n=211 nb=3376MB
[pace] trigger by_mature=true by_cadence=true mature=1005867p baseline=87414p n=212 nb=3392MB
[pace] trigger by_mature=true by_cadence=true mature=1005957p baseline=87414p n=213 nb=3408MB
[pace] trigger by_mature=true by_cadence=true mature=1006042p baseline=87414p n=214 nb=3424MB
[pace] trigger by_mature=true by_cadence=true mature=1006128p baseline=87414p n=215 nb=3440MB
[pace] trigger by_mature=true by_cadence=true mature=1006214p baseline=87414p n=216 nb=3456MB
[pace] trigger by_mature=true by_cadence=true mature=1006303p baseline=87414p n=217 nb=3472MB
[pace] trigger by_mature=true by_cadence=true mature=1006388p baseline=87414p n=218 nb=3488MB
[pace] trigger by_mature=true by_cadence=true mature=1007876p baseline=87414p n=219 nb=3504MB
[pace] trigger by_mature=true by_cadence=true mature=1012031p baseline=87414p n=220 nb=3520MB
[pace] trigger by_mature=true by_cadence=true mature=1016186p baseline=87414p n=221 nb=3536MB
[pace] trigger by_mature=true by_cadence=true mature=1020341p baseline=87414p n=222 nb=3552MB
[pace] trigger by_mature=true by_cadence=true mature=1024496p baseline=87414p n=223 nb=3568MB
[pace] trigger by_mature=true by_cadence=true mature=1028653p baseline=87414p n=224 nb=3584MB
[pace] trigger by_mature=true by_cadence=true mature=1032808p baseline=87414p n=225 nb=3600MB
[pace] trigger by_mature=true by_cadence=true mature=1036963p baseline=87414p n=226 nb=3616MB
[pace] trigger by_mature=true by_cadence=true mature=1041118p baseline=87414p n=227 nb=3632MB
[pace] trigger by_mature=true by_cadence=true mature=1045273p baseline=87414p n=228 nb=3648MB
[pace] trigger by_mature=true by_cadence=true mature=1049428p baseline=87414p n=229 nb=3664MB
[pace] trigger by_mature=true by_cadence=true mature=1053583p baseline=87414p n=230 nb=3680MB
[pace] trigger by_mature=true by_cadence=true mature=1057738p baseline=87414p n=231 nb=3696MB
[pace] trigger by_mature=true by_cadence=true mature=1061893p baseline=87414p n=232 nb=3712MB
[pace] trigger by_mature=true by_cadence=true mature=1066050p baseline=87414p n=233 nb=3728MB
[pace] trigger by_mature=true by_cadence=true mature=1070205p baseline=87414p n=234 nb=3744MB
[pace] trigger by_mature=true by_cadence=true mature=1074360p baseline=87414p n=235 nb=3760MB
[pace] trigger by_mature=true by_cadence=true mature=1078515p baseline=87414p n=236 nb=3776MB
[pace] trigger by_mature=true by_cadence=true mature=1082670p baseline=87414p n=237 nb=3792MB
[pace] trigger by_mature=true by_cadence=true mature=1086825p baseline=87414p n=238 nb=3808MB
[pace] trigger by_mature=true by_cadence=true mature=1090980p baseline=87414p n=239 nb=3824MB
[pace] trigger by_mature=true by_cadence=true mature=1095135p baseline=87414p n=240 nb=3840MB
[pace] trigger by_mature=true by_cadence=true mature=1099292p baseline=87414p n=241 nb=3856MB
[pace] trigger by_mature=true by_cadence=true mature=1103447p baseline=87414p n=242 nb=3872MB
[pace] trigger by_mature=true by_cadence=true mature=1107602p baseline=87414p n=243 nb=3888MB
[pace] trigger by_mature=true by_cadence=true mature=1111757p baseline=87414p n=244 nb=3904MB
[pace] trigger by_mature=true by_cadence=true mature=1115912p baseline=87414p n=245 nb=3920MB
[pace] trigger by_mature=true by_cadence=true mature=1120067p baseline=87414p n=246 nb=3936MB
[pace] trigger by_mature=true by_cadence=true mature=1124222p baseline=87414p n=247 nb=3952MB
[pace] trigger by_mature=true by_cadence=true mature=1128377p baseline=87414p n=248 nb=3968MB
[pace] trigger by_mature=true by_cadence=true mature=1132532p baseline=87414p n=249 nb=3984MB
[pace] trigger by_mature=true by_cadence=true mature=1136689p baseline=87414p n=250 nb=4000MB
[pace] trigger by_mature=true by_cadence=true mature=1140844p baseline=87414p n=251 nb=4016MB
[pace] trigger by_mature=true by_cadence=true mature=1144999p baseline=87414p n=252 nb=4032MB
[pace] trigger by_mature=true by_cadence=true mature=1149154p baseline=87414p n=253 nb=4048MB
[pace] trigger by_mature=true by_cadence=true mature=1153309p baseline=87414p n=254 nb=4064MB
[pace] trigger by_mature=true by_cadence=true mature=1157464p baseline=87414p n=255 nb=4080MB
[pace] trigger by_mature=true by_cadence=true mature=1161619p baseline=87414p n=256 nb=4096MB
[pace] trigger by_mature=true by_cadence=true mature=1165774p baseline=87414p n=257 nb=4112MB
[pace] trigger by_mature=true by_cadence=true mature=1169929p baseline=87414p n=258 nb=4128MB
[pace] trigger by_mature=true by_cadence=true mature=1174086p baseline=87414p n=259 nb=4144MB
[pace] trigger by_mature=true by_cadence=true mature=1178241p baseline=87414p n=260 nb=4160MB
[pace] trigger by_mature=true by_cadence=true mature=1182396p baseline=87414p n=261 nb=4176MB
[pace] trigger by_mature=true by_cadence=true mature=1186551p baseline=87414p n=262 nb=4192MB
[pace] trigger by_mature=true by_cadence=true mature=1190706p baseline=87414p n=263 nb=4208MB
[pace] trigger by_mature=true by_cadence=true mature=1194861p baseline=87414p n=264 nb=4224MB
[pace] trigger by_mature=true by_cadence=true mature=1199016p baseline=87414p n=265 nb=4240MB
[pace] trigger by_mature=true by_cadence=true mature=1203171p baseline=87414p n=266 nb=4256MB
[pace] trigger by_mature=true by_cadence=true mature=1207328p baseline=87414p n=267 nb=4272MB
[pace] trigger by_mature=true by_cadence=true mature=1211483p baseline=87414p n=268 nb=4288MB
[pace] trigger by_mature=true by_cadence=true mature=1215638p baseline=87414p n=269 nb=4304MB
[pace] trigger by_mature=true by_cadence=true mature=1219793p baseline=87414p n=270 nb=4320MB
[pace] trigger by_mature=true by_cadence=true mature=1223948p baseline=87414p n=271 nb=4336MB
[pace] trigger by_mature=true by_cadence=true mature=1228103p baseline=87414p n=272 nb=4352MB
[pace] trigger by_mature=true by_cadence=true mature=1232258p baseline=87414p n=273 nb=4368MB
[pace] trigger by_mature=true by_cadence=true mature=1236413p baseline=87414p n=274 nb=4384MB
[pace] trigger by_mature=true by_cadence=true mature=1240568p baseline=87414p n=275 nb=4400MB
[pace] trigger by_mature=true by_cadence=true mature=1244725p baseline=87414p n=276 nb=4416MB
[pace] trigger by_mature=true by_cadence=true mature=1248880p baseline=87414p n=277 nb=4432MB
[pace] trigger by_mature=true by_cadence=true mature=1253035p baseline=87414p n=278 nb=4448MB
[pace] trigger by_mature=true by_cadence=true mature=1257190p baseline=87414p n=279 nb=4464MB
[pace] trigger by_mature=true by_cadence=true mature=1261345p baseline=87414p n=280 nb=4480MB
[pace] trigger by_mature=true by_cadence=true mature=1265500p baseline=87414p n=281 nb=4496MB
[pace] trigger by_mature=true by_cadence=true mature=1269655p baseline=87414p n=282 nb=4512MB
[pace] trigger by_mature=true by_cadence=true mature=1273810p baseline=87414p n=283 nb=4528MB
[pace] trigger by_mature=true by_cadence=true mature=1277967p baseline=87414p n=284 nb=4544MB
[pace] trigger by_mature=true by_cadence=true mature=1282122p baseline=87414p n=285 nb=4560MB
[pace] trigger by_mature=true by_cadence=true mature=1286277p baseline=87414p n=286 nb=4576MB
[pace] trigger by_mature=true by_cadence=true mature=1290432p baseline=87414p n=287 nb=4592MB
[pace] trigger by_mature=true by_cadence=true mature=1294587p baseline=87414p n=288 nb=4608MB
[pace] trigger by_mature=true by_cadence=true mature=1298742p baseline=87414p n=289 nb=4624MB
[pace] trigger by_mature=true by_cadence=true mature=1302897p baseline=87414p n=290 nb=4640MB
[pace] trigger by_mature=true by_cadence=true mature=1307052p baseline=87414p n=291 nb=4656MB
[pace] trigger by_mature=true by_cadence=true mature=1311207p baseline=87414p n=292 nb=4672MB
[pace] trigger by_mature=true by_cadence=true mature=1315364p baseline=87414p n=293 nb=4688MB
[pace] trigger by_mature=true by_cadence=true mature=1319519p baseline=87414p n=294 nb=4704MB
[pace] trigger by_mature=true by_cadence=true mature=1323674p baseline=87414p n=295 nb=4720MB
[pace] trigger by_mature=true by_cadence=true mature=1327829p baseline=87414p n=296 nb=4736MB
[pace] trigger by_mature=true by_cadence=true mature=1331984p baseline=87414p n=297 nb=4752MB
[pace] trigger by_mature=true by_cadence=true mature=1336139p baseline=87414p n=298 nb=4768MB
[pace] trigger by_mature=true by_cadence=true mature=1339552p baseline=87414p n=299 nb=4784MB
[pace] trigger by_mature=true by_cadence=true mature=1339637p baseline=87414p n=300 nb=4800MB
[pace] trigger by_mature=true by_cadence=true mature=1339724p baseline=87414p n=301 nb=4816MB
[pace] trigger by_mature=true by_cadence=true mature=1339809p baseline=87414p n=302 nb=4832MB
[pace] trigger by_mature=true by_cadence=true mature=1339898p baseline=87414p n=303 nb=4848MB
[pace] trigger by_mature=true by_cadence=true mature=1339984p baseline=87414p n=304 nb=4864MB
[pace] trigger by_mature=true by_cadence=true mature=1340070p baseline=87414p n=305 nb=4880MB
[pace] trigger by_mature=true by_cadence=true mature=1340155p baseline=87414p n=306 nb=4896MB
[pace] trigger by_mature=true by_cadence=true mature=1340245p baseline=87414p n=307 nb=4912MB
[pace] trigger by_mature=true by_cadence=true mature=1340330p baseline=87414p n=308 nb=4928MB
[pace] trigger by_mature=true by_cadence=true mature=1342416p baseline=87414p n=309 nb=4944MB
[pace] trigger by_mature=true by_cadence=true mature=1346571p baseline=87414p n=310 nb=4960MB
[pace] trigger by_mature=true by_cadence=true mature=1350728p baseline=87414p n=311 nb=4976MB
[pace] trigger by_mature=true by_cadence=true mature=1354883p baseline=87414p n=312 nb=4992MB
[pace] trigger by_mature=true by_cadence=true mature=1359038p baseline=87414p n=313 nb=5008MB
[pace] trigger by_mature=true by_cadence=true mature=1363193p baseline=87414p n=314 nb=5024MB
[pace] trigger by_mature=true by_cadence=true mature=1367348p baseline=87414p n=315 nb=5040MB
[pace] trigger by_mature=true by_cadence=true mature=1371503p baseline=87414p n=316 nb=5056MB
[pace] trigger by_mature=true by_cadence=true mature=1375658p baseline=87414p n=317 nb=5072MB
[pace] trigger by_mature=true by_cadence=true mature=1379813p baseline=87414p n=318 nb=5088MB
[pace] trigger by_mature=true by_cadence=true mature=1383970p baseline=87414p n=319 nb=5104MB
[pace] trigger by_mature=true by_cadence=true mature=1388125p baseline=87414p n=320 nb=5120MB
[pace] trigger by_mature=true by_cadence=true mature=1392280p baseline=87414p n=321 nb=5136MB
[pace] trigger by_mature=true by_cadence=true mature=1396435p baseline=87414p n=322 nb=5152MB
[pace] trigger by_mature=true by_cadence=true mature=1400590p baseline=87414p n=323 nb=5168MB
[pace] trigger by_mature=true by_cadence=true mature=1404745p baseline=87414p n=324 nb=5184MB
[pace] trigger by_mature=true by_cadence=true mature=1408900p baseline=87414p n=325 nb=5200MB
[pace] trigger by_mature=true by_cadence=true mature=1413055p baseline=87414p n=326 nb=5216MB
[pace] trigger by_mature=true by_cadence=true mature=1417210p baseline=87414p n=327 nb=5232MB
[pace] trigger by_mature=true by_cadence=true mature=1421367p baseline=87414p n=328 nb=5248MB
[pace] trigger by_mature=true by_cadence=true mature=1425522p baseline=87414p n=329 nb=5264MB
[pace] trigger by_mature=true by_cadence=true mature=1429677p baseline=87414p n=330 nb=5280MB
[pace] trigger by_mature=true by_cadence=true mature=1433832p baseline=87414p n=331 nb=5296MB
[pace] trigger by_mature=true by_cadence=true mature=1437987p baseline=87414p n=332 nb=5312MB
[pace] trigger by_mature=true by_cadence=true mature=1442142p baseline=87414p n=333 nb=5328MB
[pace] trigger by_mature=true by_cadence=true mature=1446297p baseline=87414p n=334 nb=5344MB
[pace] trigger by_mature=true by_cadence=true mature=1450452p baseline=87414p n=335 nb=5360MB
[pace] trigger by_mature=true by_cadence=true mature=1454609p baseline=87414p n=336 nb=5376MB
[pace] trigger by_mature=true by_cadence=true mature=1458764p baseline=87414p n=337 nb=5392MB
[pace] trigger by_mature=true by_cadence=true mature=1462919p baseline=87414p n=338 nb=5408MB
[pace] trigger by_mature=true by_cadence=true mature=1467074p baseline=87414p n=339 nb=5424MB
[pace] trigger by_mature=true by_cadence=true mature=1471229p baseline=87414p n=340 nb=5440MB
[pace] trigger by_mature=true by_cadence=true mature=1475384p baseline=87414p n=341 nb=5456MB
[pace] trigger by_mature=true by_cadence=true mature=1479539p baseline=87414p n=342 nb=5472MB
[pace] trigger by_mature=true by_cadence=true mature=1483694p baseline=87414p n=343 nb=5488MB
[pace] trigger by_mature=true by_cadence=true mature=1487849p baseline=87414p n=344 nb=5504MB
[pace] trigger by_mature=true by_cadence=true mature=1492006p baseline=87414p n=345 nb=5520MB
[pace] trigger by_mature=true by_cadence=true mature=1496161p baseline=87414p n=346 nb=5536MB
[pace] trigger by_mature=true by_cadence=true mature=1500316p baseline=87414p n=347 nb=5552MB
[pace] trigger by_mature=true by_cadence=true mature=1504471p baseline=87414p n=348 nb=5568MB
[pace] trigger by_mature=true by_cadence=true mature=1508626p baseline=87414p n=349 nb=5584MB
[pace] trigger by_mature=true by_cadence=true mature=1512781p baseline=87414p n=350 nb=5600MB
[pace] trigger by_mature=true by_cadence=true mature=1516936p baseline=87414p n=351 nb=5616MB
[pace] trigger by_mature=true by_cadence=true mature=1521091p baseline=87414p n=352 nb=5632MB
[pace] trigger by_mature=true by_cadence=true mature=1525248p baseline=87414p n=353 nb=5648MB
[pace] trigger by_mature=true by_cadence=true mature=1529403p baseline=87414p n=354 nb=5664MB
[pace] trigger by_mature=true by_cadence=true mature=1533558p baseline=87414p n=355 nb=5680MB
[pace] trigger by_mature=true by_cadence=true mature=1537713p baseline=87414p n=356 nb=5696MB
[pace] trigger by_mature=true by_cadence=true mature=1541868p baseline=87414p n=357 nb=5712MB
[pace] trigger by_mature=true by_cadence=true mature=1546023p baseline=87414p n=358 nb=5728MB
[pace] trigger by_mature=true by_cadence=true mature=1550178p baseline=87414p n=359 nb=5744MB
[pace] trigger by_mature=true by_cadence=true mature=1554333p baseline=87414p n=360 nb=5760MB
[pace] trigger by_mature=true by_cadence=true mature=1558488p baseline=87414p n=361 nb=5776MB
[pace] trigger by_mature=true by_cadence=true mature=1562645p baseline=87414p n=362 nb=5792MB
[pace] trigger by_mature=true by_cadence=true mature=1566800p baseline=87414p n=363 nb=5808MB
[pace] trigger by_mature=true by_cadence=true mature=1570955p baseline=87414p n=364 nb=5824MB
[pace] trigger by_mature=true by_cadence=true mature=1575110p baseline=87414p n=365 nb=5840MB
[pace] trigger by_mature=true by_cadence=true mature=1579265p baseline=87414p n=366 nb=5856MB
[pace] trigger by_mature=true by_cadence=true mature=1583420p baseline=87414p n=367 nb=5872MB
[pace] trigger by_mature=true by_cadence=true mature=1587575p baseline=87414p n=368 nb=5888MB
[pace] trigger by_mature=true by_cadence=true mature=1591730p baseline=87414p n=369 nb=5904MB
[pace] trigger by_mature=true by_cadence=true mature=1595887p baseline=87414p n=370 nb=5920MB
[pace] trigger by_mature=true by_cadence=true mature=1600042p baseline=87414p n=371 nb=5936MB
[pace] trigger by_mature=true by_cadence=true mature=1604197p baseline=87414p n=372 nb=5952MB
[pace] trigger by_mature=true by_cadence=true mature=1608352p baseline=87414p n=373 nb=5968MB
[pace] trigger by_mature=true by_cadence=true mature=1612507p baseline=87414p n=374 nb=5984MB
[pace] trigger by_mature=true by_cadence=true mature=1616662p baseline=87414p n=375 nb=6000MB
[pace] trigger by_mature=true by_cadence=true mature=1620817p baseline=87414p n=376 nb=6016MB
[pace] trigger by_mature=true by_cadence=true mature=1624972p baseline=87414p n=377 nb=6032MB
[pace] trigger by_mature=true by_cadence=true mature=1629127p baseline=87414p n=378 nb=6048MB
[pace] trigger by_mature=true by_cadence=true mature=1633284p baseline=87414p n=379 nb=6064MB
[pace] trigger by_mature=true by_cadence=true mature=1637439p baseline=87414p n=380 nb=6080MB
[pace] trigger by_mature=true by_cadence=true mature=1641594p baseline=87414p n=381 nb=6096MB
[pace] trigger by_mature=true by_cadence=true mature=1645749p baseline=87414p n=382 nb=6112MB
[pace] trigger by_mature=true by_cadence=true mature=1649904p baseline=87414p n=383 nb=6128MB
[pace] trigger by_mature=true by_cadence=true mature=1654059p baseline=87414p n=384 nb=6144MB
[pace] trigger by_mature=true by_cadence=true mature=1658214p baseline=87414p n=385 nb=6160MB
[pace] trigger by_mature=true by_cadence=true mature=1662369p baseline=87414p n=386 nb=6176MB
[pace] trigger by_mature=true by_cadence=true mature=1666524p baseline=87414p n=387 nb=6192MB
[pace] trigger by_mature=true by_cadence=true mature=1670681p baseline=87414p n=388 nb=6208MB
[pace] trigger by_mature=true by_cadence=true mature=1673496p baseline=87414p n=389 nb=6224MB
[pace] trigger by_mature=true by_cadence=true mature=1673581p baseline=87414p n=390 nb=6240MB
[pace] trigger by_mature=true by_cadence=true mature=1673667p baseline=87414p n=391 nb=6256MB
[pace] trigger by_mature=true by_cadence=true mature=1673752p baseline=87414p n=392 nb=6272MB
[pace] trigger by_mature=true by_cadence=true mature=1673842p baseline=87414p n=393 nb=6288MB
[pace] trigger by_mature=true by_cadence=true mature=1673927p baseline=87414p n=394 nb=6304MB
[pace] trigger by_mature=true by_cadence=true mature=1674013p baseline=87414p n=395 nb=6320MB
[pace] trigger by_mature=true by_cadence=true mature=1674099p baseline=87414p n=396 nb=6336MB
[pace] trigger by_mature=true by_cadence=true mature=1674188p baseline=87414p n=397 nb=6352MB
[pace] trigger by_mature=true by_cadence=true mature=1674273p baseline=87414p n=398 nb=6368MB
[pace] trigger by_mature=true by_cadence=true mature=1676958p baseline=87414p n=399 nb=6384MB
[pace] trigger by_mature=true by_cadence=true mature=1681113p baseline=87414p n=400 nb=6400MB
[pace] trigger by_mature=true by_cadence=true mature=1685268p baseline=87414p n=401 nb=6416MB
[pace] trigger by_mature=true by_cadence=true mature=1689423p baseline=87414p n=402 nb=6432MB
[pace] trigger by_mature=true by_cadence=true mature=1693578p baseline=87414p n=403 nb=6448MB
[pace] trigger by_mature=true by_cadence=true mature=1697733p baseline=87414p n=404 nb=6464MB
[pace] trigger by_mature=true by_cadence=true mature=1701888p baseline=87414p n=405 nb=6480MB
[pace] trigger by_mature=true by_cadence=true mature=1706045p baseline=87414p n=406 nb=6496MB
[pace] trigger by_mature=true by_cadence=true mature=1710200p baseline=87414p n=407 nb=6512MB
[pace] trigger by_mature=true by_cadence=true mature=1714355p baseline=87414p n=408 nb=6528MB
[pace] trigger by_mature=true by_cadence=true mature=1718510p baseline=87414p n=409 nb=6544MB
[pace] trigger by_mature=true by_cadence=true mature=1722665p baseline=87414p n=410 nb=6560MB
[pace] trigger by_mature=true by_cadence=true mature=1726820p baseline=87414p n=411 nb=6576MB
[pace] trigger by_mature=true by_cadence=true mature=1730975p baseline=87414p n=412 nb=6592MB
[pace] trigger by_mature=true by_cadence=true mature=1735130p baseline=87414p n=413 nb=6608MB
[pace] trigger by_mature=true by_cadence=true mature=1739287p baseline=87414p n=414 nb=6624MB
[pace] trigger by_mature=true by_cadence=true mature=1743442p baseline=87414p n=415 nb=6640MB
[pace] trigger by_mature=true by_cadence=true mature=1747597p baseline=87414p n=416 nb=6656MB
[pace] trigger by_mature=true by_cadence=true mature=1751752p baseline=87414p n=417 nb=6672MB
[pace] trigger by_mature=true by_cadence=true mature=1755907p baseline=87414p n=418 nb=6688MB
[pace] trigger by_mature=true by_cadence=true mature=1760062p baseline=87414p n=419 nb=6704MB
[pace] trigger by_mature=true by_cadence=true mature=1764217p baseline=87414p n=420 nb=6720MB
[pace] trigger by_mature=true by_cadence=true mature=1768372p baseline=87414p n=421 nb=6736MB
[pace] trigger by_mature=true by_cadence=true mature=1772527p baseline=87414p n=422 nb=6752MB
[pace] trigger by_mature=true by_cadence=true mature=1776684p baseline=87414p n=423 nb=6768MB
[pace] trigger by_mature=true by_cadence=true mature=1780839p baseline=87414p n=424 nb=6784MB
[pace] trigger by_mature=true by_cadence=true mature=1784994p baseline=87414p n=425 nb=6800MB
[pace] trigger by_mature=true by_cadence=true mature=1789149p baseline=87414p n=426 nb=6816MB
[pace] trigger by_mature=true by_cadence=true mature=1793304p baseline=87414p n=427 nb=6832MB
[pace] trigger by_mature=true by_cadence=true mature=1797459p baseline=87414p n=428 nb=6848MB
[pace] trigger by_mature=true by_cadence=true mature=1801614p baseline=87414p n=429 nb=6864MB
[pace] trigger by_mature=true by_cadence=true mature=1805769p baseline=87414p n=430 nb=6880MB
[pace] trigger by_mature=true by_cadence=true mature=1809926p baseline=87414p n=431 nb=6896MB
[pace] trigger by_mature=true by_cadence=true mature=1814081p baseline=87414p n=432 nb=6912MB
[pace] trigger by_mature=true by_cadence=true mature=1818236p baseline=87414p n=433 nb=6928MB
[pace] trigger by_mature=true by_cadence=true mature=1822391p baseline=87414p n=434 nb=6944MB
[pace] trigger by_mature=true by_cadence=true mature=1826546p baseline=87414p n=435 nb=6960MB
[pace] trigger by_mature=true by_cadence=true mature=1830701p baseline=87414p n=436 nb=6976MB
[pace] trigger by_mature=true by_cadence=true mature=1834856p baseline=87414p n=437 nb=6992MB
[pace] trigger by_mature=true by_cadence=true mature=1839011p baseline=87414p n=438 nb=7008MB
[pace] trigger by_mature=true by_cadence=true mature=1843166p baseline=87414p n=439 nb=7024MB
[pace] trigger by_mature=true by_cadence=true mature=1847323p baseline=87414p n=440 nb=7040MB
[pace] trigger by_mature=true by_cadence=true mature=1851478p baseline=87414p n=441 nb=7056MB
[pace] trigger by_mature=true by_cadence=true mature=1855633p baseline=87414p n=442 nb=7072MB
[pace] trigger by_mature=true by_cadence=true mature=1859788p baseline=87414p n=443 nb=7088MB
[pace] trigger by_mature=true by_cadence=true mature=1863943p baseline=87414p n=444 nb=7104MB
[pace] trigger by_mature=true by_cadence=true mature=1868098p baseline=87414p n=445 nb=7120MB
[pace] trigger by_mature=true by_cadence=true mature=1872253p baseline=87414p n=446 nb=7136MB
[pace] trigger by_mature=true by_cadence=true mature=1876408p baseline=87414p n=447 nb=7152MB
[pace] trigger by_mature=true by_cadence=true mature=1880565p baseline=87414p n=448 nb=7168MB
[pace] trigger by_mature=true by_cadence=true mature=1884720p baseline=87414p n=449 nb=7184MB
[pace] trigger by_mature=true by_cadence=true mature=1888875p baseline=87414p n=450 nb=7200MB
[pace] trigger by_mature=true by_cadence=true mature=1893030p baseline=87414p n=451 nb=7216MB
[pace] trigger by_mature=true by_cadence=true mature=1897185p baseline=87414p n=452 nb=7232MB
[pace] trigger by_mature=true by_cadence=true mature=1901340p baseline=87414p n=453 nb=7248MB
[pace] trigger by_mature=true by_cadence=true mature=1905495p baseline=87414p n=454 nb=7264MB
[pace] trigger by_mature=true by_cadence=true mature=1909650p baseline=87414p n=455 nb=7280MB
[pace] trigger by_mature=true by_cadence=true mature=1913805p baseline=87414p n=456 nb=7296MB
[pace] trigger by_mature=true by_cadence=true mature=1917962p baseline=87414p n=457 nb=7312MB
[pace] trigger by_mature=true by_cadence=true mature=1922117p baseline=87414p n=458 nb=7328MB
[pace] trigger by_mature=true by_cadence=true mature=1926272p baseline=87414p n=459 nb=7344MB
[pace] trigger by_mature=true by_cadence=true mature=1930427p baseline=87414p n=460 nb=7360MB
[pace] trigger by_mature=true by_cadence=true mature=1934582p baseline=87414p n=461 nb=7376MB
[pace] trigger by_mature=true by_cadence=true mature=1938737p baseline=87414p n=462 nb=7392MB
[pace] trigger by_mature=true by_cadence=true mature=1942892p baseline=87414p n=463 nb=7408MB
[pace] trigger by_mature=true by_cadence=true mature=1947047p baseline=87414p n=464 nb=7424MB
[pace] trigger by_mature=true by_cadence=true mature=1951204p baseline=87414p n=465 nb=7440MB
[pace] trigger by_mature=true by_cadence=true mature=1955359p baseline=87414p n=466 nb=7456MB
[pace] trigger by_mature=true by_cadence=true mature=1959514p baseline=87414p n=467 nb=7472MB
[pace] trigger by_mature=true by_cadence=true mature=1963669p baseline=87414p n=468 nb=7488MB
[pace] trigger by_mature=true by_cadence=true mature=1967824p baseline=87414p n=469 nb=7504MB
[pace] trigger by_mature=true by_cadence=true mature=1971979p baseline=87414p n=470 nb=7520MB
[pace] trigger by_mature=true by_cadence=true mature=1976134p baseline=87414p n=471 nb=7536MB
[pace] trigger by_mature=true by_cadence=true mature=1980289p baseline=87414p n=472 nb=7552MB
[pace] trigger by_mature=true by_cadence=true mature=1984444p baseline=87414p n=473 nb=7568MB
[pace] trigger by_mature=true by_cadence=true mature=1988601p baseline=87414p n=474 nb=7584MB
[pace] trigger by_mature=true by_cadence=true mature=1992756p baseline=87414p n=475 nb=7600MB
[pace] trigger by_mature=true by_cadence=true mature=1996911p baseline=87414p n=476 nb=7616MB
[pace] trigger by_mature=true by_cadence=true mature=2001066p baseline=87414p n=477 nb=7632MB
[pace] trigger by_mature=true by_cadence=true mature=2005221p baseline=87414p n=478 nb=7648MB
[pace] trigger by_mature=true by_cadence=true mature=2007437p baseline=87414p n=479 nb=7664MB
[pace] trigger by_mature=true by_cadence=true mature=2007522p baseline=87414p n=480 nb=7680MB
[pace] trigger by_mature=true by_cadence=true mature=2007609p baseline=87414p n=481 nb=7696MB
[pace] trigger by_mature=true by_cadence=true mature=2007694p baseline=87414p n=482 nb=7712MB
[pace] trigger by_mature=true by_cadence=true mature=2007783p baseline=87414p n=483 nb=7728MB
[pace] trigger by_mature=true by_cadence=true mature=2007869p baseline=87414p n=484 nb=7744MB
[pace] trigger by_mature=true by_cadence=true mature=2007955p baseline=87414p n=485 nb=7760MB
[pace] trigger by_mature=true by_cadence=true mature=2008040p baseline=87414p n=486 nb=7776MB
[pace] trigger by_mature=true by_cadence=true mature=2008130p baseline=87414p n=487 nb=7792MB
[pace] trigger by_mature=true by_cadence=true mature=2008215p baseline=87414p n=488 nb=7808MB
[pace] trigger by_mature=true by_cadence=true mature=2011495p baseline=87414p n=489 nb=7824MB
[pace] trigger by_mature=true by_cadence=true mature=2015650p baseline=87414p n=490 nb=7840MB
[pace] trigger by_mature=true by_cadence=true mature=2019805p baseline=87414p n=491 nb=7856MB
[pace] trigger by_mature=true by_cadence=true mature=2023962p baseline=87414p n=492 nb=7872MB
[pace] trigger by_mature=true by_cadence=true mature=2028117p baseline=87414p n=493 nb=7888MB
[pace] trigger by_mature=true by_cadence=true mature=2032272p baseline=87414p n=494 nb=7904MB
[pace] trigger by_mature=true by_cadence=true mature=2036427p baseline=87414p n=495 nb=7920MB
[pace] trigger by_mature=true by_cadence=true mature=2040582p baseline=87414p n=496 nb=7936MB
[pace] trigger by_mature=true by_cadence=true mature=2044737p baseline=87414p n=497 nb=7952MB
[pace] trigger by_mature=true by_cadence=true mature=2048892p baseline=87414p n=498 nb=7968MB
[pace] trigger by_mature=true by_cadence=true mature=2053047p baseline=87414p n=499 nb=7984MB
[pace] trigger by_mature=true by_cadence=true mature=2057204p baseline=87414p n=500 nb=8000MB
[pace] trigger by_mature=true by_cadence=true mature=2061359p baseline=87414p n=501 nb=8016MB
[pace] trigger by_mature=true by_cadence=true mature=2065514p baseline=87414p n=502 nb=8032MB
[pace] trigger by_mature=true by_cadence=true mature=2069669p baseline=87414p n=503 nb=8048MB
[pace] trigger by_mature=true by_cadence=true mature=2073824p baseline=87414p n=504 nb=8064MB
[pace] trigger by_mature=true by_cadence=true mature=2077979p baseline=87414p n=505 nb=8080MB
[pace] trigger by_mature=true by_cadence=true mature=2082134p baseline=87414p n=506 nb=8096MB
[pace] trigger by_mature=true by_cadence=true mature=2086289p baseline=87414p n=507 nb=8112MB
[pace] trigger by_mature=true by_cadence=true mature=2090444p baseline=87414p n=508 nb=8128MB
[pace] trigger by_mature=true by_cadence=true mature=2094601p baseline=87414p n=509 nb=8144MB
[pace] trigger by_mature=true by_cadence=true mature=2098756p baseline=87414p n=510 nb=8160MB
[pace] trigger by_mature=true by_cadence=true mature=2102911p baseline=87414p n=511 nb=8176MB
[pace] trigger by_mature=true by_cadence=true mature=2107066p baseline=87414p n=512 nb=8192MB
[pace] trigger by_mature=true by_cadence=true mature=2111221p baseline=87414p n=513 nb=8208MB
[pace] trigger by_mature=true by_cadence=true mature=2115376p baseline=87414p n=514 nb=8224MB
[pace] trigger by_mature=true by_cadence=true mature=2119531p baseline=87414p n=515 nb=8240MB
[pace] trigger by_mature=true by_cadence=true mature=2123686p baseline=87414p n=516 nb=8256MB
[pace] trigger by_mature=true by_cadence=true mature=2127843p baseline=87414p n=517 nb=8272MB
[pace] trigger by_mature=true by_cadence=true mature=2131998p baseline=87414p n=518 nb=8288MB
[pace] trigger by_mature=true by_cadence=true mature=2136153p baseline=87414p n=519 nb=8304MB
[pace] trigger by_mature=true by_cadence=true mature=2140308p baseline=87414p n=520 nb=8320MB
[pace] trigger by_mature=true by_cadence=true mature=2144463p baseline=87414p n=521 nb=8336MB
[pace] trigger by_mature=true by_cadence=true mature=2148618p baseline=87414p n=522 nb=8352MB
[pace] trigger by_mature=true by_cadence=true mature=2152773p baseline=87414p n=523 nb=8368MB
[pace] trigger by_mature=true by_cadence=true mature=2156928p baseline=87414p n=524 nb=8384MB
[pace] trigger by_mature=true by_cadence=true mature=2161083p baseline=87414p n=525 nb=8400MB
[pace] trigger by_mature=true by_cadence=true mature=2165240p baseline=87414p n=526 nb=8416MB
[pace] trigger by_mature=true by_cadence=true mature=2169395p baseline=87414p n=527 nb=8432MB
[pace] trigger by_mature=true by_cadence=true mature=2173550p baseline=87414p n=528 nb=8448MB
[pace] trigger by_mature=true by_cadence=true mature=2177705p baseline=87414p n=529 nb=8464MB
[pace] trigger by_mature=true by_cadence=true mature=2181860p baseline=87414p n=530 nb=8480MB
[pace] trigger by_mature=true by_cadence=true mature=2186015p baseline=87414p n=531 nb=8496MB
[pace] trigger by_mature=true by_cadence=true mature=2190170p baseline=87414p n=532 nb=8512MB
[pace] trigger by_mature=true by_cadence=true mature=2194325p baseline=87414p n=533 nb=8528MB
[pace] trigger by_mature=true by_cadence=true mature=2198482p baseline=87414p n=534 nb=8544MB
[pace] trigger by_mature=true by_cadence=true mature=2202637p baseline=87414p n=535 nb=8560MB
[pace] trigger by_mature=true by_cadence=true mature=2206792p baseline=87414p n=536 nb=8576MB
[pace] trigger by_mature=true by_cadence=true mature=2210947p baseline=87414p n=537 nb=8592MB
[pace] trigger by_mature=true by_cadence=true mature=2215102p baseline=87414p n=538 nb=8608MB
[pace] trigger by_mature=true by_cadence=true mature=2219257p baseline=87414p n=539 nb=8624MB
[pace] trigger by_mature=true by_cadence=true mature=2223412p baseline=87414p n=540 nb=8640MB
[pace] trigger by_mature=true by_cadence=true mature=2227567p baseline=87414p n=541 nb=8656MB
[pace] trigger by_mature=true by_cadence=true mature=2231722p baseline=87414p n=542 nb=8672MB
[pace] trigger by_mature=true by_cadence=true mature=2235879p baseline=87414p n=543 nb=8688MB
[pace] trigger by_mature=true by_cadence=true mature=2240034p baseline=87414p n=544 nb=8704MB
[pace] trigger by_mature=true by_cadence=true mature=2244189p baseline=87414p n=545 nb=8720MB
[pace] trigger by_mature=true by_cadence=true mature=2248344p baseline=87414p n=546 nb=8736MB
[pace] trigger by_mature=true by_cadence=true mature=2252499p baseline=87414p n=547 nb=8752MB
[pace] trigger by_mature=true by_cadence=true mature=2256654p baseline=87414p n=548 nb=8768MB
[pace] trigger by_mature=true by_cadence=true mature=2260809p baseline=87414p n=549 nb=8784MB
[pace] trigger by_mature=true by_cadence=true mature=2264964p baseline=87414p n=550 nb=8800MB
[pace] trigger by_mature=true by_cadence=true mature=2269119p baseline=87414p n=551 nb=8816MB
[pace] trigger by_mature=true by_cadence=true mature=2273276p baseline=87414p n=552 nb=8832MB
[pace] trigger by_mature=true by_cadence=true mature=2277431p baseline=87414p n=553 nb=8848MB
[pace] trigger by_mature=true by_cadence=true mature=2281586p baseline=87414p n=554 nb=8864MB
[pace] trigger by_mature=true by_cadence=true mature=2285741p baseline=87414p n=555 nb=8880MB
[pace] trigger by_mature=true by_cadence=true mature=2289896p baseline=87414p n=556 nb=8896MB
[pace] trigger by_mature=true by_cadence=true mature=2294051p baseline=87414p n=557 nb=8912MB
[pace] trigger by_mature=true by_cadence=true mature=2298206p baseline=87414p n=558 nb=8928MB
[pace] trigger by_mature=true by_cadence=true mature=2302361p baseline=87414p n=559 nb=8944MB
[pace] trigger by_mature=true by_cadence=true mature=2306518p baseline=87414p n=560 nb=8960MB
[pace] trigger by_mature=true by_cadence=true mature=2310673p baseline=87414p n=561 nb=8976MB
[pace] trigger by_mature=true by_cadence=true mature=2314828p baseline=87414p n=562 nb=8992MB
[pace] trigger by_mature=true by_cadence=true mature=2318983p baseline=87414p n=563 nb=9008MB
[pace] trigger by_mature=true by_cadence=true mature=2323138p baseline=87414p n=564 nb=9024MB
[pace] trigger by_mature=true by_cadence=true mature=2327293p baseline=87414p n=565 nb=9040MB
[pace] trigger by_mature=true by_cadence=true mature=2331448p baseline=87414p n=566 nb=9056MB
[pace] trigger by_mature=true by_cadence=true mature=2335603p baseline=87414p n=567 nb=9072MB
[pace] trigger by_mature=true by_cadence=true mature=2339758p baseline=87414p n=568 nb=9088MB
[pace] trigger by_mature=true by_cadence=true mature=2341381p baseline=87414p n=569 nb=9104MB
[pace] trigger by_mature=true by_cadence=true mature=2341466p baseline=87414p n=570 nb=9120MB
[pace] trigger by_mature=true by_cadence=true mature=2341552p baseline=87414p n=571 nb=9136MB
[pace] trigger by_mature=true by_cadence=true mature=2341637p baseline=87414p n=572 nb=9152MB
[pace] trigger by_mature=true by_cadence=true mature=2341727p baseline=87414p n=573 nb=9168MB
[pace] trigger by_mature=true by_cadence=true mature=2341812p baseline=87414p n=574 nb=9184MB
[pace] trigger by_mature=true by_cadence=true mature=2341898p baseline=87414p n=575 nb=9200MB
[pace] trigger by_mature=true by_cadence=true mature=2341984p baseline=87414p n=576 nb=9216MB
[pace] trigger by_mature=true by_cadence=true mature=2342073p baseline=87414p n=577 nb=9232MB
[pace] trigger by_mature=true by_cadence=true mature=2342158p baseline=87414p n=578 nb=9248MB
[pace] trigger by_mature=true by_cadence=true mature=2346036p baseline=87414p n=579 nb=9264MB
[pace] trigger by_mature=true by_cadence=true mature=2350191p baseline=87414p n=580 nb=9280MB
[pace] trigger by_mature=true by_cadence=true mature=2354346p baseline=87414p n=581 nb=9296MB
[pace] trigger by_mature=true by_cadence=true mature=2358501p baseline=87414p n=582 nb=9312MB
[pace] trigger by_mature=true by_cadence=true mature=2362656p baseline=87414p n=583 nb=9328MB
[pace] trigger by_mature=true by_cadence=true mature=2366811p baseline=87414p n=584 nb=9344MB
[pace] trigger by_mature=true by_cadence=true mature=2370966p baseline=87414p n=585 nb=9360MB
[pace] trigger by_mature=true by_cadence=true mature=2375121p baseline=87414p n=586 nb=9376MB
[pace] trigger by_mature=true by_cadence=true mature=2379278p baseline=87414p n=587 nb=9392MB
[pace] trigger by_mature=true by_cadence=true mature=2383433p baseline=87414p n=588 nb=9408MB
[pace] trigger by_mature=true by_cadence=true mature=2387588p baseline=87414p n=589 nb=9424MB
[pace] trigger by_mature=true by_cadence=true mature=2391743p baseline=87414p n=590 nb=9440MB
[pace] trigger by_mature=true by_cadence=true mature=2395898p baseline=87414p n=591 nb=9456MB
[pace] trigger by_mature=true by_cadence=true mature=2400053p baseline=87414p n=592 nb=9472MB
[pace] trigger by_mature=true by_cadence=true mature=2404208p baseline=87414p n=593 nb=9488MB
[pace] trigger by_mature=true by_cadence=true mature=2408363p baseline=87414p n=594 nb=9504MB
[pace] trigger by_mature=true by_cadence=true mature=2412520p baseline=87414p n=595 nb=9520MB
[pace] trigger by_mature=true by_cadence=true mature=2416675p baseline=87414p n=596 nb=9536MB
[pace] trigger by_mature=true by_cadence=true mature=2420830p baseline=87414p n=597 nb=9552MB
[pace] trigger by_mature=true by_cadence=true mature=2424985p baseline=87414p n=598 nb=9568MB
[pace] trigger by_mature=true by_cadence=true mature=2429140p baseline=87414p n=599 nb=9584MB
[pace] trigger by_mature=true by_cadence=true mature=2433295p baseline=87414p n=600 nb=9600MB
[pace] trigger by_mature=true by_cadence=true mature=2437450p baseline=87414p n=601 nb=9616MB
[pace] trigger by_mature=true by_cadence=true mature=2441605p baseline=87414p n=602 nb=9632MB
[pace] trigger by_mature=true by_cadence=true mature=2445760p baseline=87414p n=603 nb=9648MB
[pace] trigger by_mature=true by_cadence=true mature=2449917p baseline=87414p n=604 nb=9664MB
[pace] trigger by_mature=true by_cadence=true mature=2454072p baseline=87414p n=605 nb=9680MB
[pace] trigger by_mature=true by_cadence=true mature=2458227p baseline=87414p n=606 nb=9696MB
[pace] trigger by_mature=true by_cadence=true mature=2462382p baseline=87414p n=607 nb=9712MB
[pace] trigger by_mature=true by_cadence=true mature=2466537p baseline=87414p n=608 nb=9728MB
[pace] trigger by_mature=true by_cadence=true mature=2470692p baseline=87414p n=609 nb=9744MB
[pace] trigger by_mature=true by_cadence=true mature=2474847p baseline=87414p n=610 nb=9760MB
[pace] trigger by_mature=true by_cadence=true mature=2479002p baseline=87414p n=611 nb=9776MB
[pace] trigger by_mature=true by_cadence=true mature=2483159p baseline=87414p n=612 nb=9792MB
[pace] trigger by_mature=true by_cadence=true mature=2487314p baseline=87414p n=613 nb=9808MB
[pace] trigger by_mature=true by_cadence=true mature=2491469p baseline=87414p n=614 nb=9824MB
[pace] trigger by_mature=true by_cadence=true mature=2495624p baseline=87414p n=615 nb=9840MB
[pace] trigger by_mature=true by_cadence=true mature=2499779p baseline=87414p n=616 nb=9856MB
[pace] trigger by_mature=true by_cadence=true mature=2503934p baseline=87414p n=617 nb=9872MB
[pace] trigger by_mature=true by_cadence=true mature=2508089p baseline=87414p n=618 nb=9888MB
[pace] trigger by_mature=true by_cadence=true mature=2512244p baseline=87414p n=619 nb=9904MB
[pace] trigger by_mature=true by_cadence=true mature=2516399p baseline=87414p n=620 nb=9920MB
[pace] trigger by_mature=true by_cadence=true mature=2520556p baseline=87414p n=621 nb=9936MB
[pace] trigger by_mature=true by_cadence=true mature=2524711p baseline=87414p n=622 nb=9952MB
[pace] trigger by_mature=true by_cadence=true mature=2528866p baseline=87414p n=623 nb=9968MB
[pace] trigger by_mature=true by_cadence=true mature=2533021p baseline=87414p n=624 nb=9984MB
[pace] trigger by_mature=true by_cadence=true mature=2537176p baseline=87414p n=625 nb=10000MB
[pace] trigger by_mature=true by_cadence=true mature=2541331p baseline=87414p n=626 nb=10016MB
[pace] trigger by_mature=true by_cadence=true mature=2545486p baseline=87414p n=627 nb=10032MB
[pace] trigger by_mature=true by_cadence=true mature=2549641p baseline=87414p n=628 nb=10048MB
[pace] trigger by_mature=true by_cadence=true mature=2553798p baseline=87414p n=629 nb=10064MB
[pace] trigger by_mature=true by_cadence=true mature=2557953p baseline=87414p n=630 nb=10080MB
[pace] trigger by_mature=true by_cadence=true mature=2562108p baseline=87414p n=631 nb=10096MB
[pace] trigger by_mature=true by_cadence=true mature=2566263p baseline=87414p n=632 nb=10112MB
[pace] trigger by_mature=true by_cadence=true mature=2570418p baseline=87414p n=633 nb=10128MB
[pace] trigger by_mature=true by_cadence=true mature=2574573p baseline=87414p n=634 nb=10144MB
[pace] trigger by_mature=true by_cadence=true mature=2578728p baseline=87414p n=635 nb=10160MB
[pace] trigger by_mature=true by_cadence=true mature=2582883p baseline=87414p n=636 nb=10176MB
[pace] trigger by_mature=true by_cadence=true mature=2587038p baseline=87414p n=637 nb=10192MB
[pace] trigger by_mature=true by_cadence=true mature=2591195p baseline=87414p n=638 nb=10208MB
[pace] trigger by_mature=true by_cadence=true mature=2595350p baseline=87414p n=639 nb=10224MB
[pace] trigger by_mature=true by_cadence=true mature=2599505p baseline=87414p n=640 nb=10240MB
[pace] trigger by_mature=true by_cadence=true mature=2603660p baseline=87414p n=641 nb=10256MB
[pace] trigger by_mature=true by_cadence=true mature=2607815p baseline=87414p n=642 nb=10272MB
[pace] trigger by_mature=true by_cadence=true mature=2611970p baseline=87414p n=643 nb=10288MB
[pace] trigger by_mature=true by_cadence=true mature=2616125p baseline=87414p n=644 nb=10304MB
[pace] trigger by_mature=true by_cadence=true mature=2620280p baseline=87414p n=645 nb=10320MB
[pace] trigger by_mature=true by_cadence=true mature=2624437p baseline=87414p n=646 nb=10336MB
[pace] trigger by_mature=true by_cadence=true mature=2628592p baseline=87414p n=647 nb=10352MB
[pace] trigger by_mature=true by_cadence=true mature=2632747p baseline=87414p n=648 nb=10368MB
[pace] trigger by_mature=true by_cadence=true mature=2636902p baseline=87414p n=649 nb=10384MB
[pace] trigger by_mature=true by_cadence=true mature=2641057p baseline=87414p n=650 nb=10400MB
[pace] trigger by_mature=true by_cadence=true mature=2645212p baseline=87414p n=651 nb=10416MB
[pace] trigger by_mature=true by_cadence=true mature=2649367p baseline=87414p n=652 nb=10432MB
[pace] trigger by_mature=true by_cadence=true mature=2653522p baseline=87414p n=653 nb=10448MB
[pace] trigger by_mature=true by_cadence=true mature=2657677p baseline=87414p n=654 nb=10464MB
[pace] trigger by_mature=true by_cadence=true mature=2661834p baseline=87414p n=655 nb=10480MB
[pace] trigger by_mature=true by_cadence=true mature=2665989p baseline=87414p n=656 nb=10496MB
[pace] trigger by_mature=true by_cadence=true mature=2670144p baseline=87414p n=657 nb=10512MB
[pace] trigger by_mature=true by_cadence=true mature=2674299p baseline=87414p n=658 nb=10528MB
[pace] trigger by_mature=true by_cadence=true mature=2675322p baseline=87414p n=659 nb=10544MB
[pace] trigger by_mature=true by_cadence=true mature=2675407p baseline=87414p n=660 nb=10560MB
[pace] trigger by_mature=true by_cadence=true mature=2675494p baseline=87414p n=661 nb=10576MB
[pace] trigger by_mature=true by_cadence=true mature=2675579p baseline=87414p n=662 nb=10592MB
[pace] trigger by_mature=true by_cadence=true mature=2675668p baseline=87414p n=663 nb=10608MB
[pace] trigger by_mature=true by_cadence=true mature=2675754p baseline=87414p n=664 nb=10624MB
[pace] trigger by_mature=true by_cadence=true mature=2675840p baseline=87414p n=665 nb=10640MB
[pace] trigger by_mature=true by_cadence=true mature=2675925p baseline=87414p n=666 nb=10656MB
[pace] trigger by_mature=true by_cadence=true mature=2676015p baseline=87414p n=667 nb=10672MB
[pace] trigger by_mature=true by_cadence=true mature=2676410p baseline=87414p n=668 nb=10688MB
[pace] trigger by_mature=true by_cadence=true mature=2680565p baseline=87414p n=669 nb=10704MB
[pace] trigger by_mature=true by_cadence=true mature=2684720p baseline=87414p n=670 nb=10720MB
[pace] trigger by_mature=true by_cadence=true mature=2688875p baseline=87414p n=671 nb=10736MB
[pace] trigger by_mature=true by_cadence=true mature=2693030p baseline=87414p n=672 nb=10752MB
[pace] trigger by_mature=true by_cadence=true mature=2697187p baseline=87414p n=673 nb=10768MB
[pace] trigger by_mature=true by_cadence=true mature=2701342p baseline=87414p n=674 nb=10784MB
[pace] trigger by_mature=true by_cadence=true mature=2705497p baseline=87414p n=675 nb=10800MB
[pace] trigger by_mature=true by_cadence=true mature=2709652p baseline=87414p n=676 nb=10816MB
[pace] trigger by_mature=true by_cadence=true mature=2713807p baseline=87414p n=677 nb=10832MB
[pace] trigger by_mature=true by_cadence=true mature=2717962p baseline=87414p n=678 nb=10848MB
[pace] trigger by_mature=true by_cadence=true mature=2722117p baseline=87414p n=679 nb=10864MB
[pace] trigger by_mature=true by_cadence=true mature=2726272p baseline=87414p n=680 nb=10880MB
[pace] trigger by_mature=true by_cadence=true mature=2730429p baseline=87414p n=681 nb=10896MB
[pace] trigger by_mature=true by_cadence=true mature=2734584p baseline=87414p n=682 nb=10912MB
[pace] trigger by_mature=true by_cadence=true mature=2738739p baseline=87414p n=683 nb=10928MB
[pace] trigger by_mature=true by_cadence=true mature=2742894p baseline=87414p n=684 nb=10944MB
[pace] trigger by_mature=true by_cadence=true mature=2747049p baseline=87414p n=685 nb=10960MB
[pace] trigger by_mature=true by_cadence=true mature=2751204p baseline=87414p n=686 nb=10976MB
[pace] trigger by_mature=true by_cadence=true mature=2755359p baseline=87414p n=687 nb=10992MB
[pace] trigger by_mature=true by_cadence=true mature=2759514p baseline=87414p n=688 nb=11008MB
[pace] trigger by_mature=true by_cadence=true mature=2763669p baseline=87414p n=689 nb=11024MB
[pace] trigger by_mature=true by_cadence=true mature=2767826p baseline=87414p n=690 nb=11040MB
[pace] trigger by_mature=true by_cadence=true mature=2771981p baseline=87414p n=691 nb=11056MB
[pace] trigger by_mature=true by_cadence=true mature=2776136p baseline=87414p n=692 nb=11072MB
[pace] trigger by_mature=true by_cadence=true mature=2780291p baseline=87414p n=693 nb=11088MB
[pace] trigger by_mature=true by_cadence=true mature=2784446p baseline=87414p n=694 nb=11104MB
[pace] trigger by_mature=true by_cadence=true mature=2788601p baseline=87414p n=695 nb=11120MB
[pace] trigger by_mature=true by_cadence=true mature=2792756p baseline=87414p n=696 nb=11136MB
[pace] trigger by_mature=true by_cadence=true mature=2796911p baseline=87414p n=697 nb=11152MB
[pace] trigger by_mature=true by_cadence=true mature=2801066p baseline=87414p n=698 nb=11168MB
[pace] trigger by_mature=true by_cadence=true mature=2805223p baseline=87414p n=699 nb=11184MB
[pace] trigger by_mature=true by_cadence=true mature=2809378p baseline=87414p n=700 nb=11200MB
[pace] trigger by_mature=true by_cadence=true mature=2813533p baseline=87414p n=701 nb=11216MB
[pace] trigger by_mature=true by_cadence=true mature=2817688p baseline=87414p n=702 nb=11232MB
[pace] trigger by_mature=true by_cadence=true mature=2821843p baseline=87414p n=703 nb=11248MB
[pace] trigger by_mature=true by_cadence=true mature=2825998p baseline=87414p n=704 nb=11264MB
[pace] trigger by_mature=true by_cadence=true mature=2830153p baseline=87414p n=705 nb=11280MB
[pace] trigger by_mature=true by_cadence=true mature=2834308p baseline=87414p n=706 nb=11296MB
[pace] trigger by_mature=true by_cadence=true mature=2838465p baseline=87414p n=707 nb=11312MB
[pace] trigger by_mature=true by_cadence=true mature=2842620p baseline=87414p n=708 nb=11328MB
[pace] trigger by_mature=true by_cadence=true mature=2846775p baseline=87414p n=709 nb=11344MB
[pace] trigger by_mature=true by_cadence=true mature=2850930p baseline=87414p n=710 nb=11360MB
[pace] trigger by_mature=true by_cadence=true mature=2855085p baseline=87414p n=711 nb=11376MB
[pace] trigger by_mature=true by_cadence=true mature=2859240p baseline=87414p n=712 nb=11392MB
[pace] trigger by_mature=true by_cadence=true mature=2863395p baseline=87414p n=713 nb=11408MB
[pace] trigger by_mature=true by_cadence=true mature=2867550p baseline=87414p n=714 nb=11424MB
[pace] trigger by_mature=true by_cadence=true mature=2871705p baseline=87414p n=715 nb=11440MB
[pace] trigger by_mature=true by_cadence=true mature=2875862p baseline=87414p n=716 nb=11456MB
[pace] trigger by_mature=true by_cadence=true mature=2880017p baseline=87414p n=717 nb=11472MB
[pace] trigger by_mature=true by_cadence=true mature=2884172p baseline=87414p n=718 nb=11488MB
[pace] trigger by_mature=true by_cadence=true mature=2888327p baseline=87414p n=719 nb=11504MB
[pace] trigger by_mature=true by_cadence=true mature=2892482p baseline=87414p n=720 nb=11520MB
[pace] trigger by_mature=true by_cadence=true mature=2896637p baseline=87414p n=721 nb=11536MB
[pace] trigger by_mature=true by_cadence=true mature=2900792p baseline=87414p n=722 nb=11552MB
[pace] trigger by_mature=true by_cadence=true mature=2904947p baseline=87414p n=723 nb=11568MB
[pace] trigger by_mature=true by_cadence=true mature=2909104p baseline=87414p n=724 nb=11584MB
[pace] trigger by_mature=true by_cadence=true mature=2913259p baseline=87414p n=725 nb=11600MB
[pace] trigger by_mature=true by_cadence=true mature=2917414p baseline=87414p n=726 nb=11616MB
[pace] trigger by_mature=true by_cadence=true mature=2921569p baseline=87414p n=727 nb=11632MB
[pace] trigger by_mature=true by_cadence=true mature=2925724p baseline=87414p n=728 nb=11648MB
[pace] trigger by_mature=true by_cadence=true mature=2929879p baseline=87414p n=729 nb=11664MB
[pace] trigger by_mature=true by_cadence=true mature=2934034p baseline=87414p n=730 nb=11680MB
[pace] trigger by_mature=true by_cadence=true mature=2938189p baseline=87414p n=731 nb=11696MB
[pace] trigger by_mature=true by_cadence=true mature=2942344p baseline=87414p n=732 nb=11712MB
[pace] trigger by_mature=true by_cadence=true mature=2946501p baseline=87414p n=733 nb=11728MB
[pace] trigger by_mature=true by_cadence=true mature=2950656p baseline=87414p n=734 nb=11744MB
[pace] trigger by_mature=true by_cadence=true mature=2954811p baseline=87414p n=735 nb=11760MB
[pace] trigger by_mature=true by_cadence=true mature=2958966p baseline=87414p n=736 nb=11776MB
[pace] trigger by_mature=true by_cadence=true mature=2963121p baseline=87414p n=737 nb=11792MB
[pace] trigger by_mature=true by_cadence=true mature=2967276p baseline=87414p n=738 nb=11808MB
[pace] trigger by_mature=true by_cadence=true mature=2971431p baseline=87414p n=739 nb=11824MB
[pace] trigger by_mature=true by_cadence=true mature=2975586p baseline=87414p n=740 nb=11840MB
[pace] trigger by_mature=true by_cadence=true mature=2979743p baseline=87414p n=741 nb=11856MB
[pace] trigger by_mature=true by_cadence=true mature=2983898p baseline=87414p n=742 nb=11872MB
[pace] trigger by_mature=true by_cadence=true mature=2988053p baseline=87414p n=743 nb=11888MB
[pace] trigger by_mature=true by_cadence=true mature=2992208p baseline=87414p n=744 nb=11904MB
[pace] trigger by_mature=true by_cadence=true mature=2996363p baseline=87414p n=745 nb=11920MB
[pace] trigger by_mature=true by_cadence=true mature=3000518p baseline=87414p n=746 nb=11936MB
[pace] trigger by_mature=true by_cadence=true mature=3004673p baseline=87414p n=747 nb=11952MB
[pace] trigger by_mature=true by_cadence=true mature=3008828p baseline=87414p n=748 nb=11968MB
[pace] trigger by_mature=true by_cadence=true mature=3009256p baseline=87414p n=749 nb=11984MB
[pace] trigger by_mature=true by_cadence=true mature=3009341p baseline=87414p n=750 nb=12000MB
[pace] trigger by_mature=true by_cadence=true mature=3009427p baseline=87414p n=751 nb=12016MB
[pace] trigger by_mature=true by_cadence=true mature=3009512p baseline=87414p n=752 nb=12032MB
[pace] trigger by_mature=true by_cadence=true mature=3009602p baseline=87414p n=753 nb=12048MB
[pace] trigger by_mature=true by_cadence=true mature=3009687p baseline=87414p n=754 nb=12064MB
[pace] trigger by_mature=true by_cadence=true mature=3009773p baseline=87414p n=755 nb=12080MB
[pace] trigger by_mature=true by_cadence=true mature=3009859p baseline=87414p n=756 nb=12096MB
[pace] trigger by_mature=true by_cadence=true mature=3009948p baseline=87414p n=757 nb=12112MB
[pace] trigger by_mature=true by_cadence=true mature=3010942p baseline=87414p n=758 nb=12128MB
[pace] trigger by_mature=true by_cadence=true mature=3015099p baseline=87414p n=759 nb=12144MB
[pace] trigger by_mature=true by_cadence=true mature=3019254p baseline=87414p n=760 nb=12160MB
[pace] trigger by_mature=true by_cadence=true mature=3023409p baseline=87414p n=761 nb=12176MB
[pace] trigger by_mature=true by_cadence=true mature=3027564p baseline=87414p n=762 nb=12192MB
[pace] trigger by_mature=true by_cadence=true mature=3031719p baseline=87414p n=763 nb=12208MB
[pace] trigger by_mature=true by_cadence=true mature=3035874p baseline=87414p n=764 nb=12224MB
[pace] trigger by_mature=true by_cadence=true mature=3040029p baseline=87414p n=765 nb=12240MB
[pace] trigger by_mature=true by_cadence=true mature=3044184p baseline=87414p n=766 nb=12256MB
[pace] trigger by_mature=true by_cadence=true mature=3048339p baseline=87414p n=767 nb=12272MB
[pace] trigger by_mature=true by_cadence=true mature=3052496p baseline=87414p n=768 nb=12288MB
[pace] trigger by_mature=true by_cadence=true mature=3056651p baseline=87414p n=769 nb=12304MB
[pace] trigger by_mature=true by_cadence=true mature=3060806p baseline=87414p n=770 nb=12320MB
[pace] trigger by_mature=true by_cadence=true mature=3064961p baseline=87414p n=771 nb=12336MB
[pace] trigger by_mature=true by_cadence=true mature=3069116p baseline=87414p n=772 nb=12352MB
[pace] trigger by_mature=true by_cadence=true mature=3073271p baseline=87414p n=773 nb=12368MB
[pace] trigger by_mature=true by_cadence=true mature=3077426p baseline=87414p n=774 nb=12384MB
[pace] trigger by_mature=true by_cadence=true mature=3081581p baseline=87414p n=775 nb=12400MB
[pace] trigger by_mature=true by_cadence=true mature=3085738p baseline=87414p n=776 nb=12416MB
[pace] trigger by_mature=true by_cadence=true mature=3089893p baseline=87414p n=777 nb=12432MB
[pace] trigger by_mature=true by_cadence=true mature=3094048p baseline=87414p n=778 nb=12448MB
[pace] trigger by_mature=true by_cadence=true mature=3098203p baseline=87414p n=779 nb=12464MB
[pace] trigger by_mature=true by_cadence=true mature=3102358p baseline=87414p n=780 nb=12480MB
[pace] trigger by_mature=true by_cadence=true mature=3106513p baseline=87414p n=781 nb=12496MB
[pace] trigger by_mature=true by_cadence=true mature=3110668p baseline=87414p n=782 nb=12512MB
[pace] trigger by_mature=true by_cadence=true mature=3114823p baseline=87414p n=783 nb=12528MB
[pace] trigger by_mature=true by_cadence=true mature=3118978p baseline=87414p n=784 nb=12544MB
[pace] trigger by_mature=true by_cadence=true mature=3123135p baseline=87414p n=785 nb=12560MB
[pace] trigger by_mature=true by_cadence=true mature=3127290p baseline=87414p n=786 nb=12576MB
[pace] trigger by_mature=true by_cadence=true mature=3131445p baseline=87414p n=787 nb=12592MB
[pace] trigger by_mature=true by_cadence=true mature=3135600p baseline=87414p n=788 nb=12608MB
[pace] trigger by_mature=true by_cadence=true mature=3139755p baseline=87414p n=789 nb=12624MB
[pace] trigger by_mature=true by_cadence=true mature=3143910p baseline=87414p n=790 nb=12640MB
[pace] trigger by_mature=true by_cadence=true mature=3148065p baseline=87414p n=791 nb=12656MB
[pace] trigger by_mature=true by_cadence=true mature=3152220p baseline=87414p n=792 nb=12672MB
[pace] trigger by_mature=true by_cadence=true mature=3156377p baseline=87414p n=793 nb=12688MB
[pace] trigger by_mature=true by_cadence=true mature=3160532p baseline=87414p n=794 nb=12704MB
[pace] trigger by_mature=true by_cadence=true mature=3164687p baseline=87414p n=795 nb=12720MB
[pace] trigger by_mature=true by_cadence=true mature=3168842p baseline=87414p n=796 nb=12736MB
[pace] trigger by_mature=true by_cadence=true mature=3172997p baseline=87414p n=797 nb=12752MB
[pace] trigger by_mature=true by_cadence=true mature=3177152p baseline=87414p n=798 nb=12768MB
[pace] trigger by_mature=true by_cadence=true mature=3181307p baseline=87414p n=799 nb=12784MB
[pace] trigger by_mature=true by_cadence=true mature=3185462p baseline=87414p n=800 nb=12800MB
[pace] trigger by_mature=true by_cadence=true mature=3189617p baseline=87414p n=801 nb=12816MB
[pace] trigger by_mature=true by_cadence=true mature=3193774p baseline=87414p n=802 nb=12832MB
[pace] trigger by_mature=true by_cadence=true mature=3197929p baseline=87414p n=803 nb=12848MB
[pace] trigger by_mature=true by_cadence=true mature=3202084p baseline=87414p n=804 nb=12864MB
[pace] trigger by_mature=true by_cadence=true mature=3206239p baseline=87414p n=805 nb=12880MB
[pace] trigger by_mature=true by_cadence=true mature=3210394p baseline=87414p n=806 nb=12896MB
[pace] trigger by_mature=true by_cadence=true mature=3214549p baseline=87414p n=807 nb=12912MB
[pace] trigger by_mature=true by_cadence=true mature=3218704p baseline=87414p n=808 nb=12928MB
[pace] trigger by_mature=true by_cadence=true mature=3222859p baseline=87414p n=809 nb=12944MB
[pace] trigger by_mature=true by_cadence=true mature=3227016p baseline=87414p n=810 nb=12960MB
[pace] trigger by_mature=true by_cadence=true mature=3231171p baseline=87414p n=811 nb=12976MB
[pace] trigger by_mature=true by_cadence=true mature=3235326p baseline=87414p n=812 nb=12992MB
[pace] trigger by_mature=true by_cadence=true mature=3239481p baseline=87414p n=813 nb=13008MB
[pace] trigger by_mature=true by_cadence=true mature=3243636p baseline=87414p n=814 nb=13024MB
[pace] trigger by_mature=true by_cadence=true mature=3247791p baseline=87414p n=815 nb=13040MB
[pace] trigger by_mature=true by_cadence=true mature=3251946p baseline=87414p n=816 nb=13056MB
[pace] trigger by_mature=true by_cadence=true mature=3256101p baseline=87414p n=817 nb=13072MB
[pace] trigger by_mature=true by_cadence=true mature=3260256p baseline=87414p n=818 nb=13088MB
[pace] trigger by_mature=true by_cadence=true mature=3264413p baseline=87414p n=819 nb=13104MB
[pace] trigger by_mature=true by_cadence=true mature=3268568p baseline=87414p n=820 nb=13120MB
[pace] trigger by_mature=true by_cadence=true mature=3272723p baseline=87414p n=821 nb=13136MB
[pace] trigger by_mature=true by_cadence=true mature=3276878p baseline=87414p n=822 nb=13152MB
[pace] trigger by_mature=true by_cadence=true mature=3281033p baseline=87414p n=823 nb=13168MB
[pace] trigger by_mature=true by_cadence=true mature=3285188p baseline=87414p n=824 nb=13184MB
[pace] trigger by_mature=true by_cadence=true mature=3289343p baseline=87414p n=825 nb=13200MB
[pace] trigger by_mature=true by_cadence=true mature=3293498p baseline=87414p n=826 nb=13216MB
[pace] trigger by_mature=true by_cadence=true mature=3297655p baseline=87414p n=827 nb=13232MB
[pace] trigger by_mature=true by_cadence=true mature=3301810p baseline=87414p n=828 nb=13248MB
[pace] trigger by_mature=true by_cadence=true mature=3305965p baseline=87414p n=829 nb=13264MB
[pace] trigger by_mature=true by_cadence=true mature=3310120p baseline=87414p n=830 nb=13280MB
[pace] trigger by_mature=true by_cadence=true mature=3314275p baseline=87414p n=831 nb=13296MB
[pace] trigger by_mature=true by_cadence=true mature=3318430p baseline=87414p n=832 nb=13312MB
[pace] trigger by_mature=true by_cadence=true mature=3322585p baseline=87414p n=833 nb=13328MB
[pace] trigger by_mature=true by_cadence=true mature=3326740p baseline=87414p n=834 nb=13344MB
[pace] trigger by_mature=true by_cadence=true mature=3330895p baseline=87414p n=835 nb=13360MB
[pace] trigger by_mature=true by_cadence=true mature=3335052p baseline=87414p n=836 nb=13376MB
[pace] trigger by_mature=true by_cadence=true mature=3339207p baseline=87414p n=837 nb=13392MB
[pace] trigger by_mature=true by_cadence=true mature=3343110p baseline=87414p n=838 nb=13408MB
[pace] trigger by_mature=true by_cadence=true mature=3343199p baseline=87414p n=839 nb=13424MB
[pace] trigger by_mature=true by_cadence=true mature=3343284p baseline=87414p n=840 nb=13440MB
[pace] trigger by_mature=true by_cadence=true mature=3343371p baseline=87414p n=841 nb=13456MB
[pace] trigger by_mature=true by_cadence=true mature=3343456p baseline=87414p n=842 nb=13472MB
[pace] trigger by_mature=true by_cadence=true mature=3343545p baseline=87414p n=843 nb=13488MB
[pace] trigger by_mature=true by_cadence=true mature=3343631p baseline=87414p n=844 nb=13504MB
[pace] trigger by_mature=true by_cadence=true mature=3343717p baseline=87414p n=845 nb=13520MB
[pace] trigger by_mature=true by_cadence=true mature=3343802p baseline=87414p n=846 nb=13536MB
[pace] trigger by_mature=true by_cadence=true mature=3343892p baseline=87414p n=847 nb=13552MB
[pace] trigger by_mature=true by_cadence=true mature=3345484p baseline=87414p n=848 nb=13568MB
[pace] trigger by_mature=true by_cadence=true mature=3349639p baseline=87414p n=849 nb=13584MB
[pace] trigger by_mature=true by_cadence=true mature=3353794p baseline=87414p n=850 nb=13600MB
[pace] trigger by_mature=true by_cadence=true mature=3357949p baseline=87414p n=851 nb=13616MB
[pace] trigger by_mature=true by_cadence=true mature=3362104p baseline=87414p n=852 nb=13632MB
[pace] trigger by_mature=true by_cadence=true mature=3366259p baseline=87414p n=853 nb=13648MB
[pace] trigger by_mature=true by_cadence=true mature=3370416p baseline=87414p n=854 nb=13664MB
[pace] trigger by_mature=true by_cadence=true mature=3374571p baseline=87414p n=855 nb=13680MB
[pace] trigger by_mature=true by_cadence=true mature=3378726p baseline=87414p n=856 nb=13696MB
[pace] trigger by_mature=true by_cadence=true mature=3382881p baseline=87414p n=857 nb=13712MB
[pace] trigger by_mature=true by_cadence=true mature=3387036p baseline=87414p n=858 nb=13728MB
[pace] trigger by_mature=true by_cadence=true mature=3391191p baseline=87414p n=859 nb=13744MB
[pace] trigger by_mature=true by_cadence=true mature=3395346p baseline=87414p n=860 nb=13760MB
[pace] trigger by_mature=true by_cadence=true mature=3399501p baseline=87414p n=861 nb=13776MB
[pace] trigger by_mature=true by_cadence=true mature=3403656p baseline=87414p n=862 nb=13792MB
[pace] trigger by_mature=true by_cadence=true mature=3407813p baseline=87414p n=863 nb=13808MB
[pace] trigger by_mature=true by_cadence=true mature=3411968p baseline=87414p n=864 nb=13824MB
[pace] trigger by_mature=true by_cadence=true mature=3416123p baseline=87414p n=865 nb=13840MB
[pace] trigger by_mature=true by_cadence=true mature=3420278p baseline=87414p n=866 nb=13856MB
[pace] trigger by_mature=true by_cadence=true mature=3424433p baseline=87414p n=867 nb=13872MB
[pace] trigger by_mature=true by_cadence=true mature=3428588p baseline=87414p n=868 nb=13888MB
[pace] trigger by_mature=true by_cadence=true mature=3432743p baseline=87414p n=869 nb=13904MB
[pace] trigger by_mature=true by_cadence=true mature=3436898p baseline=87414p n=870 nb=13920MB
[pace] trigger by_mature=true by_cadence=true mature=3441055p baseline=87414p n=871 nb=13936MB
[pace] trigger by_mature=true by_cadence=true mature=3445210p baseline=87414p n=872 nb=13952MB
[pace] trigger by_mature=true by_cadence=true mature=3449365p baseline=87414p n=873 nb=13968MB
[pace] trigger by_mature=true by_cadence=true mature=3453520p baseline=87414p n=874 nb=13984MB
[pace] trigger by_mature=true by_cadence=true mature=3457675p baseline=87414p n=875 nb=14000MB
[pace] trigger by_mature=true by_cadence=true mature=3461830p baseline=87414p n=876 nb=14016MB
[pace] trigger by_mature=true by_cadence=true mature=3465985p baseline=87414p n=877 nb=14032MB
[pace] trigger by_mature=true by_cadence=true mature=3470140p baseline=87414p n=878 nb=14048MB
[pace] trigger by_mature=true by_cadence=true mature=3474295p baseline=87414p n=879 nb=14064MB
[pace] trigger by_mature=true by_cadence=true mature=3478452p baseline=87414p n=880 nb=14080MB
[pace] trigger by_mature=true by_cadence=true mature=3482607p baseline=87414p n=881 nb=14096MB
[pace] trigger by_mature=true by_cadence=true mature=3486762p baseline=87414p n=882 nb=14112MB
[pace] trigger by_mature=true by_cadence=true mature=3490917p baseline=87414p n=883 nb=14128MB
[pace] trigger by_mature=true by_cadence=true mature=3495072p baseline=87414p n=884 nb=14144MB
[pace] trigger by_mature=true by_cadence=true mature=3499227p baseline=87414p n=885 nb=14160MB
[pace] trigger by_mature=true by_cadence=true mature=3503382p baseline=87414p n=886 nb=14176MB
[pace] trigger by_mature=true by_cadence=true mature=3507537p baseline=87414p n=887 nb=14192MB
[pace] trigger by_mature=true by_cadence=true mature=3511694p baseline=87414p n=888 nb=14208MB
[pace] trigger by_mature=true by_cadence=true mature=3515849p baseline=87414p n=889 nb=14224MB
[pace] trigger by_mature=true by_cadence=true mature=3520004p baseline=87414p n=890 nb=14240MB
[pace] trigger by_mature=true by_cadence=true mature=3524159p baseline=87414p n=891 nb=14256MB
[pace] trigger by_mature=true by_cadence=true mature=3528314p baseline=87414p n=892 nb=14272MB
[pace] trigger by_mature=true by_cadence=true mature=3532469p baseline=87414p n=893 nb=14288MB
[pace] trigger by_mature=true by_cadence=true mature=3536624p baseline=87414p n=894 nb=14304MB
[pace] trigger by_mature=true by_cadence=true mature=3540779p baseline=87414p n=895 nb=14320MB
[pace] trigger by_mature=true by_cadence=true mature=3544934p baseline=87414p n=896 nb=14336MB
[pace] trigger by_mature=true by_cadence=true mature=3549091p baseline=87414p n=897 nb=14352MB
[pace] trigger by_mature=true by_cadence=true mature=3553246p baseline=87414p n=898 nb=14368MB
[pace] trigger by_mature=true by_cadence=true mature=3557401p baseline=87414p n=899 nb=14384MB
[pace] trigger by_mature=true by_cadence=true mature=3561556p baseline=87414p n=900 nb=14400MB
[pace] trigger by_mature=true by_cadence=true mature=3565711p baseline=87414p n=901 nb=14416MB
[pace] trigger by_mature=true by_cadence=true mature=3569866p baseline=87414p n=902 nb=14432MB
[pace] trigger by_mature=true by_cadence=true mature=3574021p baseline=87414p n=903 nb=14448MB
[pace] trigger by_mature=true by_cadence=true mature=3578176p baseline=87414p n=904 nb=14464MB
[pace] trigger by_mature=true by_cadence=true mature=3582333p baseline=87414p n=905 nb=14480MB
[pace] trigger by_mature=true by_cadence=true mature=3586488p baseline=87414p n=906 nb=14496MB
[pace] trigger by_mature=true by_cadence=true mature=3590643p baseline=87414p n=907 nb=14512MB
[pace] trigger by_mature=true by_cadence=true mature=3594798p baseline=87414p n=908 nb=14528MB
[pace] trigger by_mature=true by_cadence=true mature=3598953p baseline=87414p n=909 nb=14544MB
[pace] trigger by_mature=true by_cadence=true mature=3603108p baseline=87414p n=910 nb=14560MB
[pace] trigger by_mature=true by_cadence=true mature=3607263p baseline=87414p n=911 nb=14576MB
[pace] trigger by_mature=true by_cadence=true mature=3611418p baseline=87414p n=912 nb=14592MB
[pace] trigger by_mature=true by_cadence=true mature=3615573p baseline=87414p n=913 nb=14608MB
[pace] trigger by_mature=true by_cadence=true mature=3619730p baseline=87414p n=914 nb=14624MB
[pace] trigger by_mature=true by_cadence=true mature=3623885p baseline=87414p n=915 nb=14640MB
[pace] trigger by_mature=true by_cadence=true mature=3628040p baseline=87414p n=916 nb=14656MB
[pace] trigger by_mature=true by_cadence=true mature=3632195p baseline=87414p n=917 nb=14672MB
[pace] trigger by_mature=true by_cadence=true mature=3636350p baseline=87414p n=918 nb=14688MB
[pace] trigger by_mature=true by_cadence=true mature=3640505p baseline=87414p n=919 nb=14704MB
[pace] trigger by_mature=true by_cadence=true mature=3644660p baseline=87414p n=920 nb=14720MB
[pace] trigger by_mature=true by_cadence=true mature=3648815p baseline=87414p n=921 nb=14736MB
[pace] trigger by_mature=true by_cadence=true mature=3652972p baseline=87414p n=922 nb=14752MB
[pace] trigger by_mature=true by_cadence=true mature=3657127p baseline=87414p n=923 nb=14768MB
[pace] trigger by_mature=true by_cadence=true mature=3661282p baseline=87414p n=924 nb=14784MB
[pace] trigger by_mature=true by_cadence=true mature=3665437p baseline=87414p n=925 nb=14800MB
[pace] trigger by_mature=true by_cadence=true mature=3669592p baseline=87414p n=926 nb=14816MB
[pace] trigger by_mature=true by_cadence=true mature=3673747p baseline=87414p n=927 nb=14832MB
[pace] trigger by_mature=true by_cadence=true mature=3677051p baseline=87414p n=928 nb=14848MB
[pace] trigger by_mature=true by_cadence=true mature=3677141p baseline=87414p n=929 nb=14864MB
[pace] trigger by_mature=true by_cadence=true mature=3677226p baseline=87414p n=930 nb=14880MB
[pace] trigger by_mature=true by_cadence=true mature=3677312p baseline=87414p n=931 nb=14896MB
[pace] trigger by_mature=true by_cadence=true mature=3677397p baseline=87414p n=932 nb=14912MB
[pace] trigger by_mature=true by_cadence=true mature=3677487p baseline=87414p n=933 nb=14928MB
[pace] trigger by_mature=true by_cadence=true mature=3677572p baseline=87414p n=934 nb=14944MB
[pace] trigger by_mature=true by_cadence=true mature=3677658p baseline=87414p n=935 nb=14960MB
[pace] trigger by_mature=true by_cadence=true mature=3677744p baseline=87414p n=936 nb=14976MB
[pace] trigger by_mature=true by_cadence=true mature=3677833p baseline=87414p n=937 nb=14992MB
[pace] trigger by_mature=true by_cadence=true mature=3680021p baseline=87414p n=938 nb=15008MB
[pace] trigger by_mature=true by_cadence=true mature=3684176p baseline=87414p n=939 nb=15024MB
[pace] trigger by_mature=true by_cadence=true mature=3688333p baseline=87414p n=940 nb=15040MB
[pace] trigger by_mature=true by_cadence=true mature=3692488p baseline=87414p n=941 nb=15056MB
[pace] trigger by_mature=true by_cadence=true mature=3696643p baseline=87414p n=942 nb=15072MB
[pace] trigger by_mature=true by_cadence=true mature=3700798p baseline=87414p n=943 nb=15088MB
[pace] trigger by_mature=true by_cadence=true mature=3704953p baseline=87414p n=944 nb=15104MB
[pace] trigger by_mature=true by_cadence=true mature=3709108p baseline=87414p n=945 nb=15120MB
[pace] trigger by_mature=true by_cadence=true mature=3713263p baseline=87414p n=946 nb=15136MB
[pace] trigger by_mature=true by_cadence=true mature=3717418p baseline=87414p n=947 nb=15152MB
[pace] trigger by_mature=true by_cadence=true mature=3721573p baseline=87414p n=948 nb=15168MB
[pace] trigger by_mature=true by_cadence=true mature=3725730p baseline=87414p n=949 nb=15184MB
[pace] trigger by_mature=true by_cadence=true mature=3729885p baseline=87414p n=950 nb=15200MB
[pace] trigger by_mature=true by_cadence=true mature=3734040p baseline=87414p n=951 nb=15216MB
[pace] trigger by_mature=true by_cadence=true mature=3738195p baseline=87414p n=952 nb=15232MB
[pace] trigger by_mature=true by_cadence=true mature=3742350p baseline=87414p n=953 nb=15248MB
[pace] trigger by_mature=true by_cadence=true mature=3746505p baseline=87414p n=954 nb=15264MB
[pace] trigger by_mature=true by_cadence=true mature=3750660p baseline=87414p n=955 nb=15280MB
[pace] trigger by_mature=true by_cadence=true mature=3754815p baseline=87414p n=956 nb=15296MB
[pace] trigger by_mature=true by_cadence=true mature=3758972p baseline=87414p n=957 nb=15312MB
[pace] trigger by_mature=true by_cadence=true mature=3763127p baseline=87414p n=958 nb=15328MB
[pace] trigger by_mature=true by_cadence=true mature=3767282p baseline=87414p n=959 nb=15344MB
[pace] trigger by_mature=true by_cadence=true mature=3771437p baseline=87414p n=960 nb=15360MB
[pace] trigger by_mature=true by_cadence=true mature=3775592p baseline=87414p n=961 nb=15376MB
[pace] trigger by_mature=true by_cadence=true mature=3779747p baseline=87414p n=962 nb=15392MB
[pace] trigger by_mature=true by_cadence=true mature=3783902p baseline=87414p n=963 nb=15408MB
[pace] trigger by_mature=true by_cadence=true mature=3788057p baseline=87414p n=964 nb=15424MB
[pace] trigger by_mature=true by_cadence=true mature=3792212p baseline=87414p n=965 nb=15440MB
[pace] trigger by_mature=true by_cadence=true mature=3796369p baseline=87414p n=966 nb=15456MB
[pace] trigger by_mature=true by_cadence=true mature=3800524p baseline=87414p n=967 nb=15472MB
[pace] trigger by_mature=true by_cadence=true mature=3804679p baseline=87414p n=968 nb=15488MB
[pace] trigger by_mature=true by_cadence=true mature=3808834p baseline=87414p n=969 nb=15504MB
[pace] trigger by_mature=true by_cadence=true mature=3812989p baseline=87414p n=970 nb=15520MB
[pace] trigger by_mature=true by_cadence=true mature=3817144p baseline=87414p n=971 nb=15536MB
[pace] trigger by_mature=true by_cadence=true mature=3821299p baseline=87414p n=972 nb=15552MB
[pace] trigger by_mature=true by_cadence=true mature=3825454p baseline=87414p n=973 nb=15568MB
[pace] trigger by_mature=true by_cadence=true mature=3829611p baseline=87414p n=974 nb=15584MB
[pace] trigger by_mature=true by_cadence=true mature=3833766p baseline=87414p n=975 nb=15600MB
[pace] trigger by_mature=true by_cadence=true mature=3837921p baseline=87414p n=976 nb=15616MB
[pace] trigger by_mature=true by_cadence=true mature=3842076p baseline=87414p n=977 nb=15632MB
[pace] trigger by_mature=true by_cadence=true mature=3846231p baseline=87414p n=978 nb=15648MB
[pace] trigger by_mature=true by_cadence=true mature=3850386p baseline=87414p n=979 nb=15664MB
[pace] trigger by_mature=true by_cadence=true mature=3854541p baseline=87414p n=980 nb=15680MB
[pace] trigger by_mature=true by_cadence=true mature=3858696p baseline=87414p n=981 nb=15696MB
[pace] trigger by_mature=true by_cadence=true mature=3862851p baseline=87414p n=982 nb=15712MB
[pace] trigger by_mature=true by_cadence=true mature=3867008p baseline=87414p n=983 nb=15728MB
[pace] trigger by_mature=true by_cadence=true mature=3871163p baseline=87414p n=984 nb=15744MB
[pace] trigger by_mature=true by_cadence=true mature=3875318p baseline=87414p n=985 nb=15760MB
[pace] trigger by_mature=true by_cadence=true mature=3879473p baseline=87414p n=986 nb=15776MB
[pace] trigger by_mature=true by_cadence=true mature=3883628p baseline=87414p n=987 nb=15792MB
[pace] trigger by_mature=true by_cadence=true mature=3887783p baseline=87414p n=988 nb=15808MB
[pace] trigger by_mature=true by_cadence=true mature=3891938p baseline=87414p n=989 nb=15824MB
[pace] trigger by_mature=true by_cadence=true mature=3896093p baseline=87414p n=990 nb=15840MB
[pace] trigger by_mature=true by_cadence=true mature=3900248p baseline=87414p n=991 nb=15856MB
[pace] trigger by_mature=true by_cadence=true mature=3904405p baseline=87414p n=992 nb=15872MB
[pace] trigger by_mature=true by_cadence=true mature=3908560p baseline=87414p n=993 nb=15888MB
[pace] trigger by_mature=true by_cadence=true mature=3912715p baseline=87414p n=994 nb=15904MB
[pace] trigger by_mature=true by_cadence=true mature=3916870p baseline=87414p n=995 nb=15920MB
[pace] trigger by_mature=true by_cadence=true mature=3921025p baseline=87414p n=996 nb=15936MB
[pace] trigger by_mature=true by_cadence=true mature=3925180p baseline=87414p n=997 nb=15952MB
[pace] trigger by_mature=true by_cadence=true mature=3929335p baseline=87414p n=998 nb=15968MB
[pace] trigger by_mature=true by_cadence=true mature=3933490p baseline=87414p n=999 nb=15984MB
[pace] trigger by_mature=true by_cadence=true mature=3937647p baseline=87414p n=1000 nb=16000MB
[pace] trigger by_mature=true by_cadence=true mature=3941802p baseline=87414p n=1001 nb=16016MB
[pace] trigger by_mature=true by_cadence=true mature=3945957p baseline=87414p n=1002 nb=16032MB
[pace] trigger by_mature=true by_cadence=true mature=3950112p baseline=87414p n=1003 nb=16048MB
[pace] trigger by_mature=true by_cadence=true mature=3954267p baseline=87414p n=1004 nb=16064MB
[pace] trigger by_mature=true by_cadence=true mature=3958422p baseline=87414p n=1005 nb=16080MB
[pace] trigger by_mature=true by_cadence=true mature=3962577p baseline=87414p n=1006 nb=16096MB
[pace] trigger by_mature=true by_cadence=true mature=3966732p baseline=87414p n=1007 nb=16112MB
[pace] trigger by_mature=true by_cadence=true mature=3970887p baseline=87414p n=1008 nb=16128MB
[pace] trigger by_mature=true by_cadence=true mature=3975044p baseline=87414p n=1009 nb=16144MB
[pace] trigger by_mature=true by_cadence=true mature=3979199p baseline=87414p n=1010 nb=16160MB
[pace] trigger by_mature=true by_cadence=true mature=3983354p baseline=87414p n=1011 nb=16176MB
[pace] trigger by_mature=true by_cadence=true mature=3987509p baseline=87414p n=1012 nb=16192MB
[pace] trigger by_mature=true by_cadence=true mature=3991664p baseline=87414p n=1013 nb=16208MB
[pace] trigger by_mature=true by_cadence=true mature=3995819p baseline=87414p n=1014 nb=16224MB
[pace] trigger by_mature=true by_cadence=true mature=3999974p baseline=87414p n=1015 nb=16240MB
[pace] trigger by_mature=true by_cadence=true mature=4004129p baseline=87414p n=1016 nb=16256MB
[pace] trigger by_mature=true by_cadence=true mature=4008286p baseline=87414p n=1017 nb=16272MB
[pace] trigger by_mature=true by_cadence=true mature=4010995p baseline=87414p n=1018 nb=16288MB
[pace] trigger by_mature=true by_cadence=true mature=4011084p baseline=87414p n=1019 nb=16304MB
[pace] trigger by_mature=true by_cadence=true mature=4011169p baseline=87414p n=1020 nb=16320MB
[pace] trigger by_mature=true by_cadence=true mature=4011256p baseline=87414p n=1021 nb=16336MB
[pace] trigger by_mature=true by_cadence=true mature=4011341p baseline=87414p n=1022 nb=16352MB
[pace] trigger by_mature=true by_cadence=true mature=4011430p baseline=87414p n=1023 nb=16368MB
[pace] trigger by_mature=true by_cadence=true mature=4011516p baseline=87414p n=1024 nb=16384MB
[pace] trigger by_mature=true by_cadence=true mature=4011602p baseline=87414p n=1025 nb=16400MB
[pace] trigger by_mature=true by_cadence=true mature=4011687p baseline=87414p n=1026 nb=16416MB
[pace] trigger by_mature=true by_cadence=true mature=4011777p baseline=87414p n=1027 nb=16432MB
[pace] trigger by_mature=true by_cadence=true mature=4014563p baseline=87414p n=1028 nb=16448MB
[pace] trigger by_mature=true by_cadence=true mature=4018718p baseline=87414p n=1029 nb=16464MB
[pace] trigger by_mature=true by_cadence=true mature=4022873p baseline=87414p n=1030 nb=16480MB
[pace] trigger by_mature=true by_cadence=true mature=4027028p baseline=87414p n=1031 nb=16496MB
[pace] trigger by_mature=true by_cadence=true mature=4031183p baseline=87414p n=1032 nb=16512MB
[pace] trigger by_mature=true by_cadence=true mature=4035338p baseline=87414p n=1033 nb=16528MB
[pace] trigger by_mature=true by_cadence=true mature=4039493p baseline=87414p n=1034 nb=16544MB
[pace] trigger by_mature=true by_cadence=true mature=4043650p baseline=87414p n=1035 nb=16560MB
[pace] trigger by_mature=true by_cadence=true mature=4047805p baseline=87414p n=1036 nb=16576MB
[pace] trigger by_mature=true by_cadence=true mature=4051960p baseline=87414p n=1037 nb=16592MB
[pace] trigger by_mature=true by_cadence=true mature=4056115p baseline=87414p n=1038 nb=16608MB
[pace] trigger by_mature=true by_cadence=true mature=4060270p baseline=87414p n=1039 nb=16624MB
[pace] trigger by_mature=true by_cadence=true mature=4064425p baseline=87414p n=1040 nb=16640MB
[pace] trigger by_mature=true by_cadence=true mature=4068580p baseline=87414p n=1041 nb=16656MB
[pace] trigger by_mature=true by_cadence=true mature=4072735p baseline=87414p n=1042 nb=16672MB
[pace] trigger by_mature=true by_cadence=true mature=4076890p baseline=87414p n=1043 nb=16688MB
[pace] trigger by_mature=true by_cadence=true mature=4081047p baseline=87414p n=1044 nb=16704MB
[pace] trigger by_mature=true by_cadence=true mature=4085202p baseline=87414p n=1045 nb=16720MB
[pace] trigger by_mature=true by_cadence=true mature=4089357p baseline=87414p n=1046 nb=16736MB
[pace] trigger by_mature=true by_cadence=true mature=4093512p baseline=87414p n=1047 nb=16752MB
[pace] trigger by_mature=true by_cadence=true mature=4097667p baseline=87414p n=1048 nb=16768MB
[pace] trigger by_mature=true by_cadence=true mature=4101822p baseline=87414p n=1049 nb=16784MB
[pace] trigger by_mature=true by_cadence=true mature=4105977p baseline=87414p n=1050 nb=16800MB
[pace] trigger by_mature=true by_cadence=true mature=4110132p baseline=87414p n=1051 nb=16816MB
[pace] trigger by_mature=true by_cadence=true mature=4114289p baseline=87414p n=1052 nb=16832MB
[pace] trigger by_mature=true by_cadence=true mature=4118444p baseline=87414p n=1053 nb=16848MB
[pace] trigger by_mature=true by_cadence=true mature=4122599p baseline=87414p n=1054 nb=16864MB
[pace] trigger by_mature=true by_cadence=true mature=4126754p baseline=87414p n=1055 nb=16880MB
[pace] trigger by_mature=true by_cadence=true mature=4130909p baseline=87414p n=1056 nb=16896MB
[pace] trigger by_mature=true by_cadence=true mature=4135064p baseline=87414p n=1057 nb=16912MB
[pace] trigger by_mature=true by_cadence=true mature=4139219p baseline=87414p n=1058 nb=16928MB
[pace] trigger by_mature=true by_cadence=true mature=4143374p baseline=87414p n=1059 nb=16944MB
[pace] trigger by_mature=true by_cadence=true mature=4147529p baseline=87414p n=1060 nb=16960MB
[pace] trigger by_mature=true by_cadence=true mature=4151686p baseline=87414p n=1061 nb=16976MB
[pace] trigger by_mature=true by_cadence=true mature=4155841p baseline=87414p n=1062 nb=16992MB
[pace] trigger by_mature=true by_cadence=true mature=4159996p baseline=87414p n=1063 nb=17008MB
[pace] trigger by_mature=true by_cadence=true mature=4164151p baseline=87414p n=1064 nb=17024MB
[pace] trigger by_mature=true by_cadence=true mature=4168306p baseline=87414p n=1065 nb=17040MB
[pace] trigger by_mature=true by_cadence=true mature=4172461p baseline=87414p n=1066 nb=17056MB
[pace] trigger by_mature=true by_cadence=true mature=4176616p baseline=87414p n=1067 nb=17072MB
[pace] trigger by_mature=true by_cadence=true mature=4180771p baseline=87414p n=1068 nb=17088MB
[pace] trigger by_mature=true by_cadence=true mature=4184928p baseline=87414p n=1069 nb=17104MB
[pace] trigger by_mature=true by_cadence=true mature=4189083p baseline=87414p n=1070 nb=17120MB
[pace] trigger by_mature=true by_cadence=true mature=4193238p baseline=87414p n=1071 nb=17136MB
[pace] trigger by_mature=true by_cadence=true mature=4197393p baseline=87414p n=1072 nb=17152MB
[pace] trigger by_mature=true by_cadence=true mature=4201548p baseline=87414p n=1073 nb=17168MB
[pace] trigger by_mature=true by_cadence=true mature=4205703p baseline=87414p n=1074 nb=17184MB
[pace] trigger by_mature=true by_cadence=true mature=4209858p baseline=87414p n=1075 nb=17200MB
[pace] trigger by_mature=true by_cadence=true mature=4214013p baseline=87414p n=1076 nb=17216MB
[pace] trigger by_mature=true by_cadence=true mature=4218168p baseline=87414p n=1077 nb=17232MB
[pace] trigger by_mature=true by_cadence=true mature=4222325p baseline=87414p n=1078 nb=17248MB
[pace] trigger by_mature=true by_cadence=true mature=4226480p baseline=87414p n=1079 nb=17264MB
[pace] trigger by_mature=true by_cadence=true mature=4230635p baseline=87414p n=1080 nb=17280MB
[pace] trigger by_mature=true by_cadence=true mature=4234790p baseline=87414p n=1081 nb=17296MB
[pace] trigger by_mature=true by_cadence=true mature=4238945p baseline=87414p n=1082 nb=17312MB
[pace] trigger by_mature=true by_cadence=true mature=4243100p baseline=87414p n=1083 nb=17328MB
[pace] trigger by_mature=true by_cadence=true mature=4247255p baseline=87414p n=1084 nb=17344MB
[pace] trigger by_mature=true by_cadence=true mature=4251410p baseline=87414p n=1085 nb=17360MB
[pace] trigger by_mature=true by_cadence=true mature=4255567p baseline=87414p n=1086 nb=17376MB
[pace] trigger by_mature=true by_cadence=true mature=4259722p baseline=87414p n=1087 nb=17392MB
[pace] trigger by_mature=true by_cadence=true mature=4263877p baseline=87414p n=1088 nb=17408MB
[pace] trigger by_mature=true by_cadence=true mature=4268032p baseline=87414p n=1089 nb=17424MB
[pace] trigger by_mature=true by_cadence=true mature=4272187p baseline=87414p n=1090 nb=17440MB
[pace] trigger by_mature=true by_cadence=true mature=4276342p baseline=87414p n=1091 nb=17456MB
[pace] trigger by_mature=true by_cadence=true mature=4280497p baseline=87414p n=1092 nb=17472MB
[pace] trigger by_mature=true by_cadence=true mature=4284652p baseline=87414p n=1093 nb=17488MB
[pace] trigger by_mature=true by_cadence=true mature=4288807p baseline=87414p n=1094 nb=17504MB
[pace] trigger by_mature=true by_cadence=true mature=4292964p baseline=87414p n=1095 nb=17520MB
[pace] trigger by_mature=true by_cadence=true mature=4297119p baseline=87414p n=1096 nb=17536MB
[pace] trigger by_mature=true by_cadence=true mature=4301274p baseline=87414p n=1097 nb=17552MB
[pace] trigger by_mature=true by_cadence=true mature=4305429p baseline=87414p n=1098 nb=17568MB
[pace] trigger by_mature=true by_cadence=true mature=4309584p baseline=87414p n=1099 nb=17584MB
[pace] trigger by_mature=true by_cadence=true mature=4313739p baseline=87414p n=1100 nb=17600MB
[pace] trigger by_mature=true by_cadence=true mature=4317894p baseline=87414p n=1101 nb=17616MB
[pace] trigger by_mature=true by_cadence=true mature=4322049p baseline=87414p n=1102 nb=17632MB
[pace] trigger by_mature=true by_cadence=true mature=4326206p baseline=87414p n=1103 nb=17648MB
[pace] trigger by_mature=true by_cadence=true mature=4330361p baseline=87414p n=1104 nb=17664MB
[pace] trigger by_mature=true by_cadence=true mature=4334516p baseline=87414p n=1105 nb=17680MB
[pace] trigger by_mature=true by_cadence=true mature=4338671p baseline=87414p n=1106 nb=17696MB
[pace] trigger by_mature=true by_cadence=true mature=4342826p baseline=87414p n=1107 nb=17712MB
[pace] trigger by_mature=true by_cadence=true mature=4344936p baseline=87414p n=1108 nb=17728MB
[pace] trigger by_mature=true by_cadence=true mature=4345026p baseline=87414p n=1109 nb=17744MB
[pace] trigger by_mature=true by_cadence=true mature=4345111p baseline=87414p n=1110 nb=17760MB
[pace] trigger by_mature=true by_cadence=true mature=4345197p baseline=87414p n=1111 nb=17776MB
[pace] trigger by_mature=true by_cadence=true mature=4345282p baseline=87414p n=1112 nb=17792MB
[pace] trigger by_mature=true by_cadence=true mature=4345372p baseline=87414p n=1113 nb=17808MB
[pace] trigger by_mature=true by_cadence=true mature=4345457p baseline=87414p n=1114 nb=17824MB
[pace] trigger by_mature=true by_cadence=true mature=4345543p baseline=87414p n=1115 nb=17840MB
[pace] trigger by_mature=true by_cadence=true mature=4345629p baseline=87414p n=1116 nb=17856MB
[pace] trigger by_mature=true by_cadence=true mature=4345718p baseline=87414p n=1117 nb=17872MB
[pace] trigger by_mature=true by_cadence=true mature=4349099p baseline=87414p n=1118 nb=17888MB
[pace] trigger by_mature=true by_cadence=true mature=4353254p baseline=87414p n=1119 nb=17904MB
[pace] trigger by_mature=true by_cadence=true mature=4357409p baseline=87414p n=1120 nb=17920MB
[pace] trigger by_mature=true by_cadence=true mature=4361566p baseline=87414p n=1121 nb=17936MB
[pace] trigger by_mature=true by_cadence=true mature=4365721p baseline=87414p n=1122 nb=17952MB
[pace] trigger by_mature=true by_cadence=true mature=4369876p baseline=87414p n=1123 nb=17968MB
[pace] trigger by_mature=true by_cadence=true mature=4374031p baseline=87414p n=1124 nb=17984MB
[pace] trigger by_mature=true by_cadence=true mature=4378186p baseline=87414p n=1125 nb=18000MB
[pace] trigger by_mature=true by_cadence=true mature=4382341p baseline=87414p n=1126 nb=18016MB
[pace] trigger by_mature=true by_cadence=true mature=4386496p baseline=87414p n=1127 nb=18032MB
[pace] trigger by_mature=true by_cadence=true mature=4390651p baseline=87414p n=1128 nb=18048MB
[pace] trigger by_mature=true by_cadence=true mature=4394806p baseline=87414p n=1129 nb=18064MB
[pace] trigger by_mature=true by_cadence=true mature=4398963p baseline=87414p n=1130 nb=18080MB
[pace] trigger by_mature=true by_cadence=true mature=4403118p baseline=87414p n=1131 nb=18096MB
[pace] trigger by_mature=true by_cadence=true mature=4407273p baseline=87414p n=1132 nb=18112MB
[pace] trigger by_mature=true by_cadence=true mature=4411428p baseline=87414p n=1133 nb=18128MB
[pace] trigger by_mature=true by_cadence=true mature=4415583p baseline=87414p n=1134 nb=18144MB
[pace] trigger by_mature=true by_cadence=true mature=4419738p baseline=87414p n=1135 nb=18160MB
[pace] trigger by_mature=true by_cadence=true mature=4423893p baseline=87414p n=1136 nb=18176MB
[pace] trigger by_mature=true by_cadence=true mature=4428048p baseline=87414p n=1137 nb=18192MB
[pace] trigger by_mature=true by_cadence=true mature=4432203p baseline=87414p n=1138 nb=18208MB
[pace] trigger by_mature=true by_cadence=true mature=4436360p baseline=87414p n=1139 nb=18224MB
[pace] trigger by_mature=true by_cadence=true mature=4440515p baseline=87414p n=1140 nb=18240MB
[pace] trigger by_mature=true by_cadence=true mature=4444670p baseline=87414p n=1141 nb=18256MB
[pace] trigger by_mature=true by_cadence=true mature=4448825p baseline=87414p n=1142 nb=18272MB
[pace] trigger by_mature=true by_cadence=true mature=4452980p baseline=87414p n=1143 nb=18288MB
[pace] trigger by_mature=true by_cadence=true mature=4457135p baseline=87414p n=1144 nb=18304MB
[pace] trigger by_mature=true by_cadence=true mature=4461290p baseline=87414p n=1145 nb=18320MB
[pace] trigger by_mature=true by_cadence=true mature=4465445p baseline=87414p n=1146 nb=18336MB
[pace] trigger by_mature=true by_cadence=true mature=4469602p baseline=87414p n=1147 nb=18352MB
[pace] trigger by_mature=true by_cadence=true mature=4473757p baseline=87414p n=1148 nb=18368MB
[pace] trigger by_mature=true by_cadence=true mature=4477912p baseline=87414p n=1149 nb=18384MB
[pace] trigger by_mature=true by_cadence=true mature=4482067p baseline=87414p n=1150 nb=18400MB
[pace] trigger by_mature=true by_cadence=true mature=4486222p baseline=87414p n=1151 nb=18416MB
[pace] trigger by_mature=true by_cadence=true mature=4490377p baseline=87414p n=1152 nb=18432MB
[pace] trigger by_mature=true by_cadence=true mature=4494532p baseline=87414p n=1153 nb=18448MB
[pace] trigger by_mature=true by_cadence=true mature=4498687p baseline=87414p n=1154 nb=18464MB
[pace] trigger by_mature=true by_cadence=true mature=4502842p baseline=87414p n=1155 nb=18480MB
[pace] trigger by_mature=true by_cadence=true mature=4506999p baseline=87414p n=1156 nb=18496MB
[pace] trigger by_mature=true by_cadence=true mature=4511154p baseline=87414p n=1157 nb=18512MB
[pace] trigger by_mature=true by_cadence=true mature=4515309p baseline=87414p n=1158 nb=18528MB
[pace] trigger by_mature=true by_cadence=true mature=4519464p baseline=87414p n=1159 nb=18544MB
[pace] trigger by_mature=true by_cadence=true mature=4523619p baseline=87414p n=1160 nb=18560MB
[pace] trigger by_mature=true by_cadence=true mature=4527774p baseline=87414p n=1161 nb=18576MB
[pace] trigger by_mature=true by_cadence=true mature=4531929p baseline=87414p n=1162 nb=18592MB
[pace] trigger by_mature=true by_cadence=true mature=4536084p baseline=87414p n=1163 nb=18608MB
[pace] trigger by_mature=true by_cadence=true mature=4540242p baseline=87414p n=1164 nb=18624MB
[pace] trigger by_mature=true by_cadence=true mature=4544397p baseline=87414p n=1165 nb=18640MB
[pace] trigger by_mature=true by_cadence=true mature=4548552p baseline=87414p n=1166 nb=18656MB
[pace] trigger by_mature=true by_cadence=true mature=4552707p baseline=87414p n=1167 nb=18672MB
[pace] trigger by_mature=true by_cadence=true mature=4556862p baseline=87414p n=1168 nb=18688MB
[pace] trigger by_mature=true by_cadence=true mature=4561017p baseline=87414p n=1169 nb=18704MB
[pace] trigger by_mature=true by_cadence=true mature=4565172p baseline=87414p n=1170 nb=18720MB
[pace] trigger by_mature=true by_cadence=true mature=4569327p baseline=87414p n=1171 nb=18736MB
[pace] trigger by_mature=true by_cadence=true mature=4573482p baseline=87414p n=1172 nb=18752MB
[pace] trigger by_mature=true by_cadence=true mature=4577639p baseline=87414p n=1173 nb=18768MB
[pace] trigger by_mature=true by_cadence=true mature=4581794p baseline=87414p n=1174 nb=18784MB
[pace] trigger by_mature=true by_cadence=true mature=4585949p baseline=87414p n=1175 nb=18800MB
[pace] trigger by_mature=true by_cadence=true mature=4590104p baseline=87414p n=1176 nb=18816MB
[pace] trigger by_mature=true by_cadence=true mature=4594259p baseline=87414p n=1177 nb=18832MB
[pace] trigger by_mature=true by_cadence=true mature=4598414p baseline=87414p n=1178 nb=18848MB
[pace] trigger by_mature=true by_cadence=true mature=4602569p baseline=87414p n=1179 nb=18864MB
[pace] trigger by_mature=true by_cadence=true mature=4606724p baseline=87414p n=1180 nb=18880MB
[pace] trigger by_mature=true by_cadence=true mature=4610881p baseline=87414p n=1181 nb=18896MB
[pace] trigger by_mature=true by_cadence=true mature=4615036p baseline=87414p n=1182 nb=18912MB
[pace] trigger by_mature=true by_cadence=true mature=4619191p baseline=87414p n=1183 nb=18928MB
[pace] trigger by_mature=true by_cadence=true mature=4623346p baseline=87414p n=1184 nb=18944MB
[pace] trigger by_mature=true by_cadence=true mature=4627501p baseline=87414p n=1185 nb=18960MB
[pace] trigger by_mature=true by_cadence=true mature=4631656p baseline=87414p n=1186 nb=18976MB
[pace] trigger by_mature=true by_cadence=true mature=4635811p baseline=87414p n=1187 nb=18992MB
[pace] trigger by_mature=true by_cadence=true mature=4639966p baseline=87414p n=1188 nb=19008MB
[pace] trigger by_mature=true by_cadence=true mature=4644121p baseline=87414p n=1189 nb=19024MB
[pace] trigger by_mature=true by_cadence=true mature=4648278p baseline=87414p n=1190 nb=19040MB
[pace] trigger by_mature=true by_cadence=true mature=4652433p baseline=87414p n=1191 nb=19056MB
[pace] trigger by_mature=true by_cadence=true mature=4656588p baseline=87414p n=1192 nb=19072MB
[pace] trigger by_mature=true by_cadence=true mature=4660743p baseline=87414p n=1193 nb=19088MB
[pace] trigger by_mature=true by_cadence=true mature=4664898p baseline=87414p n=1194 nb=19104MB
[pace] trigger by_mature=true by_cadence=true mature=4669053p baseline=87414p n=1195 nb=19120MB
[pace] trigger by_mature=true by_cadence=true mature=4673208p baseline=87414p n=1196 nb=19136MB
[pace] trigger by_mature=true by_cadence=true mature=4677363p baseline=87414p n=1197 nb=19152MB
[pace] trigger by_mature=true by_cadence=true mature=4678871p baseline=87414p n=1198 nb=19168MB
[pace] trigger by_mature=true by_cadence=true mature=4678956p baseline=87414p n=1199 nb=19184MB
[pace] trigger by_mature=true by_cadence=true mature=4679045p baseline=87414p n=1200 nb=19200MB
[pace] trigger by_mature=true by_cadence=true mature=4679131p baseline=87414p n=1201 nb=19216MB
[pace] trigger by_mature=true by_cadence=true mature=4679217p baseline=87414p n=1202 nb=19232MB
[pace] trigger by_mature=true by_cadence=true mature=4679302p baseline=87414p n=1203 nb=19248MB
[pace] trigger by_mature=true by_cadence=true mature=4679392p baseline=87414p n=1204 nb=19264MB
[pace] trigger by_mature=true by_cadence=true mature=4679477p baseline=87414p n=1205 nb=19280MB
[pace] trigger by_mature=true by_cadence=true mature=4679563p baseline=87414p n=1206 nb=19296MB
[pace] trigger by_mature=true by_cadence=true mature=4679648p baseline=87414p n=1207 nb=19312MB
[pace] trigger by_mature=true by_cadence=true mature=4683643p baseline=87414p n=1208 nb=19328MB
[pace] trigger by_mature=true by_cadence=true mature=4687798p baseline=87414p n=1209 nb=19344MB
[pace] trigger by_mature=true by_cadence=true mature=4691953p baseline=87414p n=1210 nb=19360MB
[pace] trigger by_mature=true by_cadence=true mature=4696108p baseline=87414p n=1211 nb=19376MB
[pace] trigger by_mature=true by_cadence=true mature=4700263p baseline=87414p n=1212 nb=19392MB
[pace] trigger by_mature=true by_cadence=true mature=4704418p baseline=87414p n=1213 nb=19408MB
[pace] trigger by_mature=true by_cadence=true mature=4708573p baseline=87414p n=1214 nb=19424MB
[pace] trigger by_mature=true by_cadence=true mature=4712728p baseline=87414p n=1215 nb=19440MB
[pace] trigger by_mature=true by_cadence=true mature=4716885p baseline=87414p n=1216 nb=19456MB
[pace] trigger by_mature=true by_cadence=true mature=4721040p baseline=87414p n=1217 nb=19472MB
[pace] trigger by_mature=true by_cadence=true mature=4725195p baseline=87414p n=1218 nb=19488MB
[pace] trigger by_mature=true by_cadence=true mature=4729350p baseline=87414p n=1219 nb=19504MB
[pace] trigger by_mature=true by_cadence=true mature=4733505p baseline=87414p n=1220 nb=19520MB
[pace] trigger by_mature=true by_cadence=true mature=4737660p baseline=87414p n=1221 nb=19536MB
[pace] trigger by_mature=true by_cadence=true mature=4741815p baseline=87414p n=1222 nb=19552MB
[pace] trigger by_mature=true by_cadence=true mature=4745970p baseline=87414p n=1223 nb=19568MB
[pace] trigger by_mature=true by_cadence=true mature=4750125p baseline=87414p n=1224 nb=19584MB
[pace] trigger by_mature=true by_cadence=true mature=4754282p baseline=87414p n=1225 nb=19600MB
[pace] trigger by_mature=true by_cadence=true mature=4758437p baseline=87414p n=1226 nb=19616MB
[pace] trigger by_mature=true by_cadence=true mature=4762592p baseline=87414p n=1227 nb=19632MB
[pace] trigger by_mature=true by_cadence=true mature=4766747p baseline=87414p n=1228 nb=19648MB
[pace] trigger by_mature=true by_cadence=true mature=4770902p baseline=87414p n=1229 nb=19664MB
[pace] trigger by_mature=true by_cadence=true mature=4775057p baseline=87414p n=1230 nb=19680MB
[pace] trigger by_mature=true by_cadence=true mature=4779212p baseline=87414p n=1231 nb=19696MB
[pace] trigger by_mature=true by_cadence=true mature=4783367p baseline=87414p n=1232 nb=19712MB
[pace] trigger by_mature=true by_cadence=true mature=4787524p baseline=87414p n=1233 nb=19728MB
[pace] trigger by_mature=true by_cadence=true mature=4791679p baseline=87414p n=1234 nb=19744MB
[pace] trigger by_mature=true by_cadence=true mature=4795834p baseline=87414p n=1235 nb=19760MB
[pace] trigger by_mature=true by_cadence=true mature=4799989p baseline=87414p n=1236 nb=19776MB
[pace] trigger by_mature=true by_cadence=true mature=4804144p baseline=87414p n=1237 nb=19792MB
[pace] trigger by_mature=true by_cadence=true mature=4808299p baseline=87414p n=1238 nb=19808MB
[pace] trigger by_mature=true by_cadence=true mature=4812454p baseline=87414p n=1239 nb=19824MB
[pace] trigger by_mature=true by_cadence=true mature=4816609p baseline=87414p n=1240 nb=19840MB
[pace] trigger by_mature=true by_cadence=true mature=4820764p baseline=87414p n=1241 nb=19856MB
[pace] trigger by_mature=true by_cadence=true mature=4824921p baseline=87414p n=1242 nb=19872MB
[pace] trigger by_mature=true by_cadence=true mature=4829076p baseline=87414p n=1243 nb=19888MB
[pace] trigger by_mature=true by_cadence=true mature=4833231p baseline=87414p n=1244 nb=19904MB
[pace] trigger by_mature=true by_cadence=true mature=4837386p baseline=87414p n=1245 nb=19920MB
[pace] trigger by_mature=true by_cadence=true mature=4841541p baseline=87414p n=1246 nb=19936MB
[pace] trigger by_mature=true by_cadence=true mature=4845696p baseline=87414p n=1247 nb=19952MB
[pace] trigger by_mature=true by_cadence=true mature=4849851p baseline=87414p n=1248 nb=19968MB
[pace] trigger by_mature=true by_cadence=true mature=4854006p baseline=87414p n=1249 nb=19984MB
[pace] trigger by_mature=true by_cadence=true mature=4858163p baseline=87414p n=1250 nb=20000MB
[pace] trigger by_mature=true by_cadence=true mature=4862318p baseline=87414p n=1251 nb=20016MB
[pace] trigger by_mature=true by_cadence=true mature=4866473p baseline=87414p n=1252 nb=20032MB
[pace] trigger by_mature=true by_cadence=true mature=4870628p baseline=87414p n=1253 nb=20048MB
[pace] trigger by_mature=true by_cadence=true mature=4874783p baseline=87414p n=1254 nb=20064MB
[pace] trigger by_mature=true by_cadence=true mature=4878938p baseline=87414p n=1255 nb=20080MB
[pace] trigger by_mature=true by_cadence=true mature=4883093p baseline=87414p n=1256 nb=20096MB
[pace] trigger by_mature=true by_cadence=true mature=4887248p baseline=87414p n=1257 nb=20112MB
[pace] trigger by_mature=true by_cadence=true mature=4891403p baseline=87414p n=1258 nb=20128MB
[pace] trigger by_mature=true by_cadence=true mature=4895560p baseline=87414p n=1259 nb=20144MB
[pace] trigger by_mature=true by_cadence=true mature=4899715p baseline=87414p n=1260 nb=20160MB
[pace] trigger by_mature=true by_cadence=true mature=4903870p baseline=87414p n=1261 nb=20176MB
[pace] trigger by_mature=true by_cadence=true mature=4908025p baseline=87414p n=1262 nb=20192MB
[pace] trigger by_mature=true by_cadence=true mature=4912180p baseline=87414p n=1263 nb=20208MB
[pace] trigger by_mature=true by_cadence=true mature=4916335p baseline=87414p n=1264 nb=20224MB
[pace] trigger by_mature=true by_cadence=true mature=4920490p baseline=87414p n=1265 nb=20240MB
[pace] trigger by_mature=true by_cadence=true mature=4924645p baseline=87414p n=1266 nb=20256MB
[pace] trigger by_mature=true by_cadence=true mature=4928802p baseline=87414p n=1267 nb=20272MB
[pace] trigger by_mature=true by_cadence=true mature=4932957p baseline=87414p n=1268 nb=20288MB
[pace] trigger by_mature=true by_cadence=true mature=4937112p baseline=87414p n=1269 nb=20304MB
[pace] trigger by_mature=true by_cadence=true mature=4941267p baseline=87414p n=1270 nb=20320MB
[pace] trigger by_mature=true by_cadence=true mature=4945422p baseline=87414p n=1271 nb=20336MB
[pace] trigger by_mature=true by_cadence=true mature=4949577p baseline=87414p n=1272 nb=20352MB
[pace] trigger by_mature=true by_cadence=true mature=4953732p baseline=87414p n=1273 nb=20368MB
[pace] trigger by_mature=true by_cadence=true mature=4957887p baseline=87414p n=1274 nb=20384MB
[pace] trigger by_mature=true by_cadence=true mature=4962042p baseline=87414p n=1275 nb=20400MB
[pace] trigger by_mature=true by_cadence=true mature=4966199p baseline=87414p n=1276 nb=20416MB
[pace] trigger by_mature=true by_cadence=true mature=4970354p baseline=87414p n=1277 nb=20432MB
[pace] trigger by_mature=true by_cadence=true mature=4974509p baseline=87414p n=1278 nb=20448MB
[pace] trigger by_mature=true by_cadence=true mature=4978664p baseline=87414p n=1279 nb=20464MB
[pace] trigger by_mature=true by_cadence=true mature=4982819p baseline=87414p n=1280 nb=20480MB
[pace] trigger by_mature=true by_cadence=true mature=4986974p baseline=87414p n=1281 nb=20496MB
[pace] trigger by_mature=true by_cadence=true mature=4991129p baseline=87414p n=1282 nb=20512MB
[pace] trigger by_mature=true by_cadence=true mature=4995284p baseline=87414p n=1283 nb=20528MB
[pace] trigger by_mature=true by_cadence=true mature=4999439p baseline=87414p n=1284 nb=20544MB
[pace] trigger by_mature=true by_cadence=true mature=5003596p baseline=87414p n=1285 nb=20560MB
[pace] trigger by_mature=true by_cadence=true mature=5007751p baseline=87414p n=1286 nb=20576MB
[pace] trigger by_mature=true by_cadence=true mature=5011906p baseline=87414p n=1287 nb=20592MB
[pace] trigger by_mature=true by_cadence=true mature=5012814p baseline=87414p n=1288 nb=20608MB
[pace] trigger by_mature=true by_cadence=true mature=5012899p baseline=87414p n=1289 nb=20624MB
[pace] trigger by_mature=true by_cadence=true mature=5012989p baseline=87414p n=1290 nb=20640MB
[pace] trigger by_mature=true by_cadence=true mature=5013074p baseline=87414p n=1291 nb=20656MB
[pace] trigger by_mature=true by_cadence=true mature=5013160p baseline=87414p n=1292 nb=20672MB
[pace] trigger by_mature=true by_cadence=true mature=5013246p baseline=87414p n=1293 nb=20688MB
[pace] trigger by_mature=true by_cadence=true mature=5013335p baseline=87414p n=1294 nb=20704MB
[pace] trigger by_mature=true by_cadence=true mature=5013420p baseline=87414p n=1295 nb=20720MB
[pace] trigger by_mature=true by_cadence=true mature=5013507p baseline=87414p n=1296 nb=20736MB
[pace] trigger by_mature=true by_cadence=true mature=5014007p baseline=87414p n=1297 nb=20752MB
[pace] trigger by_mature=true by_cadence=true mature=5018162p baseline=87414p n=1298 nb=20768MB
[pace] trigger by_mature=true by_cadence=true mature=5022317p baseline=87414p n=1299 nb=20784MB
[pace] trigger by_mature=true by_cadence=true mature=5026472p baseline=87414p n=1300 nb=20800MB
[pace] trigger by_mature=true by_cadence=true mature=5030627p baseline=87414p n=1301 nb=20816MB
[pace] trigger by_mature=true by_cadence=true mature=5034782p baseline=87414p n=1302 nb=20832MB
[pace] trigger by_mature=true by_cadence=true mature=5038939p baseline=87414p n=1303 nb=20848MB
[pace] trigger by_mature=true by_cadence=true mature=5043094p baseline=87414p n=1304 nb=20864MB
[pace] trigger by_mature=true by_cadence=true mature=5047249p baseline=87414p n=1305 nb=20880MB
[pace] trigger by_mature=true by_cadence=true mature=5051404p baseline=87414p n=1306 nb=20896MB
[pace] trigger by_mature=true by_cadence=true mature=5055559p baseline=87414p n=1307 nb=20912MB
[pace] trigger by_mature=true by_cadence=true mature=5059714p baseline=87414p n=1308 nb=20928MB
[pace] trigger by_mature=true by_cadence=true mature=5063869p baseline=87414p n=1309 nb=20944MB
[pace] trigger by_mature=true by_cadence=true mature=5068024p baseline=87414p n=1310 nb=20960MB
[pace] trigger by_mature=true by_cadence=true mature=5072181p baseline=87414p n=1311 nb=20976MB
[pace] trigger by_mature=true by_cadence=true mature=5076336p baseline=87414p n=1312 nb=20992MB
[pace] trigger by_mature=true by_cadence=true mature=5080491p baseline=87414p n=1313 nb=21008MB
[pace] trigger by_mature=true by_cadence=true mature=5084646p baseline=87414p n=1314 nb=21024MB
[pace] trigger by_mature=true by_cadence=true mature=5088801p baseline=87414p n=1315 nb=21040MB
[pace] trigger by_mature=true by_cadence=true mature=5092956p baseline=87414p n=1316 nb=21056MB
[pace] trigger by_mature=true by_cadence=true mature=5097111p baseline=87414p n=1317 nb=21072MB
[pace] trigger by_mature=true by_cadence=true mature=5101266p baseline=87414p n=1318 nb=21088MB
[pace] trigger by_mature=true by_cadence=true mature=5105421p baseline=87414p n=1319 nb=21104MB
[pace] trigger by_mature=true by_cadence=true mature=5109578p baseline=87414p n=1320 nb=21120MB
[pace] trigger by_mature=true by_cadence=true mature=5113733p baseline=87414p n=1321 nb=21136MB
[pace] trigger by_mature=true by_cadence=true mature=5117888p baseline=87414p n=1322 nb=21152MB
[pace] trigger by_mature=true by_cadence=true mature=5122043p baseline=87414p n=1323 nb=21168MB
[pace] trigger by_mature=true by_cadence=true mature=5126198p baseline=87414p n=1324 nb=21184MB
[pace] trigger by_mature=true by_cadence=true mature=5130353p baseline=87414p n=1325 nb=21200MB
[pace] trigger by_mature=true by_cadence=true mature=5134508p baseline=87414p n=1326 nb=21216MB
[pace] trigger by_mature=true by_cadence=true mature=5138663p baseline=87414p n=1327 nb=21232MB
[pace] trigger by_mature=true by_cadence=true mature=5142820p baseline=87414p n=1328 nb=21248MB
[pace] trigger by_mature=true by_cadence=true mature=5146975p baseline=87414p n=1329 nb=21264MB
[pace] trigger by_mature=true by_cadence=true mature=5151130p baseline=87414p n=1330 nb=21280MB
[pace] trigger by_mature=true by_cadence=true mature=5155285p baseline=87414p n=1331 nb=21296MB
[pace] trigger by_mature=true by_cadence=true mature=5159440p baseline=87414p n=1332 nb=21312MB
[pace] trigger by_mature=true by_cadence=true mature=5163595p baseline=87414p n=1333 nb=21328MB
[pace] trigger by_mature=true by_cadence=true mature=5167750p baseline=87414p n=1334 nb=21344MB
[pace] trigger by_mature=true by_cadence=true mature=5171905p baseline=87414p n=1335 nb=21360MB
[pace] trigger by_mature=true by_cadence=true mature=5176060p baseline=87414p n=1336 nb=21376MB
[pace] trigger by_mature=true by_cadence=true mature=5180217p baseline=87414p n=1337 nb=21392MB
[pace] trigger by_mature=true by_cadence=true mature=5184372p baseline=87414p n=1338 nb=21408MB
[pace] trigger by_mature=true by_cadence=true mature=5188527p baseline=87414p n=1339 nb=21424MB
[pace] trigger by_mature=true by_cadence=true mature=5192682p baseline=87414p n=1340 nb=21440MB
[pace] trigger by_mature=true by_cadence=true mature=5196837p baseline=87414p n=1341 nb=21456MB
[pace] trigger by_mature=true by_cadence=true mature=5200992p baseline=87414p n=1342 nb=21472MB
[pace] trigger by_mature=true by_cadence=true mature=5205147p baseline=87414p n=1343 nb=21488MB
[pace] trigger by_mature=true by_cadence=true mature=5209302p baseline=87414p n=1344 nb=21504MB
[pace] trigger by_mature=true by_cadence=true mature=5213459p baseline=87414p n=1345 nb=21520MB
[pace] trigger by_mature=true by_cadence=true mature=5217614p baseline=87414p n=1346 nb=21536MB
[pace] trigger by_mature=true by_cadence=true mature=5221769p baseline=87414p n=1347 nb=21552MB
[pace] trigger by_mature=true by_cadence=true mature=5225924p baseline=87414p n=1348 nb=21568MB
[pace] trigger by_mature=true by_cadence=true mature=5230079p baseline=87414p n=1349 nb=21584MB
[pace] trigger by_mature=true by_cadence=true mature=5234234p baseline=87414p n=1350 nb=21600MB
[pace] trigger by_mature=true by_cadence=true mature=5238389p baseline=87414p n=1351 nb=21616MB
[pace] trigger by_mature=true by_cadence=true mature=5242544p baseline=87414p n=1352 nb=21632MB
[pace] trigger by_mature=true by_cadence=true mature=5246699p baseline=87414p n=1353 nb=21648MB
[pace] trigger by_mature=true by_cadence=true mature=5250856p baseline=87414p n=1354 nb=21664MB
[pace] trigger by_mature=true by_cadence=true mature=5255011p baseline=87414p n=1355 nb=21680MB
[pace] trigger by_mature=true by_cadence=true mature=5259166p baseline=87414p n=1356 nb=21696MB
[pace] trigger by_mature=true by_cadence=true mature=5263321p baseline=87414p n=1357 nb=21712MB
[pace] trigger by_mature=true by_cadence=true mature=5267476p baseline=87414p n=1358 nb=21728MB
[pace] trigger by_mature=true by_cadence=true mature=5271631p baseline=87414p n=1359 nb=21744MB
[pace] trigger by_mature=true by_cadence=true mature=5275786p baseline=87414p n=1360 nb=21760MB
[pace] trigger by_mature=true by_cadence=true mature=5279941p baseline=87414p n=1361 nb=21776MB
[pace] trigger by_mature=true by_cadence=true mature=5284098p baseline=87414p n=1362 nb=21792MB
[pace] trigger by_mature=true by_cadence=true mature=5288253p baseline=87414p n=1363 nb=21808MB
[pace] trigger by_mature=true by_cadence=true mature=5292408p baseline=87414p n=1364 nb=21824MB
[pace] trigger by_mature=true by_cadence=true mature=5296563p baseline=87414p n=1365 nb=21840MB
[pace] trigger by_mature=true by_cadence=true mature=5300718p baseline=87414p n=1366 nb=21856MB
[pace] trigger by_mature=true by_cadence=true mature=5304873p baseline=87414p n=1367 nb=21872MB
[pace] trigger by_mature=true by_cadence=true mature=5309028p baseline=87414p n=1368 nb=21888MB
[pace] trigger by_mature=true by_cadence=true mature=5313183p baseline=87414p n=1369 nb=21904MB
[pace] trigger by_mature=true by_cadence=true mature=5317338p baseline=87414p n=1370 nb=21920MB
[pace] trigger by_mature=true by_cadence=true mature=5321495p baseline=87414p n=1371 nb=21936MB
[pace] trigger by_mature=true by_cadence=true mature=5325650p baseline=87414p n=1372 nb=21952MB
[pace] trigger by_mature=true by_cadence=true mature=5329805p baseline=87414p n=1373 nb=21968MB
[pace] trigger by_mature=true by_cadence=true mature=5333960p baseline=87414p n=1374 nb=21984MB
[pace] trigger by_mature=true by_cadence=true mature=5338115p baseline=87414p n=1375 nb=22000MB
[pace] trigger by_mature=true by_cadence=true mature=5342270p baseline=87414p n=1376 nb=22016MB
[pace] trigger by_mature=true by_cadence=true mature=5346425p baseline=87414p n=1377 nb=22032MB
[pace] trigger by_mature=true by_cadence=true mature=5346739p baseline=87414p n=1378 nb=22048MB
[pace] trigger by_mature=true by_cadence=true mature=5346825p baseline=87414p n=1379 nb=22064MB
[pace] trigger by_mature=true by_cadence=true mature=5346910p baseline=87414p n=1380 nb=22080MB
[pace] trigger by_mature=true by_cadence=true mature=5347000p baseline=87414p n=1381 nb=22096MB
[pace] trigger by_mature=true by_cadence=true mature=5347085p baseline=87414p n=1382 nb=22112MB
[pace] trigger by_mature=true by_cadence=true mature=5347171p baseline=87414p n=1383 nb=22128MB
[pace] trigger by_mature=true by_cadence=true mature=5347256p baseline=87414p n=1384 nb=22144MB
[pace] trigger by_mature=true by_cadence=true mature=5347346p baseline=87414p n=1385 nb=22160MB
[pace] trigger by_mature=true by_cadence=true mature=5347431p baseline=87414p n=1386 nb=22176MB
[pace] trigger by_mature=true by_cadence=true mature=5348539p baseline=87414p n=1387 nb=22192MB
[pace] trigger by_mature=true by_cadence=true mature=5352694p baseline=87414p n=1388 nb=22208MB
[pace] trigger by_mature=true by_cadence=true mature=5356851p baseline=87414p n=1389 nb=22224MB
[pace] trigger by_mature=true by_cadence=true mature=5361006p baseline=87414p n=1390 nb=22240MB
[pace] trigger by_mature=true by_cadence=true mature=5365161p baseline=87414p n=1391 nb=22256MB
[pace] trigger by_mature=true by_cadence=true mature=5369316p baseline=87414p n=1392 nb=22272MB
[pace] trigger by_mature=true by_cadence=true mature=5373471p baseline=87414p n=1393 nb=22288MB
[pace] trigger by_mature=true by_cadence=true mature=5377626p baseline=87414p n=1394 nb=22304MB
[pace] trigger by_mature=true by_cadence=true mature=5381781p baseline=87414p n=1395 nb=22320MB
[pace] trigger by_mature=true by_cadence=true mature=5385936p baseline=87414p n=1396 nb=22336MB
[pace] trigger by_mature=true by_cadence=true mature=5390093p baseline=87414p n=1397 nb=22352MB
[pace] trigger by_mature=true by_cadence=true mature=5394248p baseline=87414p n=1398 nb=22368MB
[pace] trigger by_mature=true by_cadence=true mature=5398403p baseline=87414p n=1399 nb=22384MB
[pace] trigger by_mature=true by_cadence=true mature=5402558p baseline=87414p n=1400 nb=22400MB
[pace] trigger by_mature=true by_cadence=true mature=5406713p baseline=87414p n=1401 nb=22416MB
[pace] trigger by_mature=true by_cadence=true mature=5410868p baseline=87414p n=1402 nb=22432MB
[pace] trigger by_mature=true by_cadence=true mature=5415023p baseline=87414p n=1403 nb=22448MB
[pace] trigger by_mature=true by_cadence=true mature=5419178p baseline=87414p n=1404 nb=22464MB
[pace] trigger by_mature=true by_cadence=true mature=5423333p baseline=87414p n=1405 nb=22480MB
[pace] trigger by_mature=true by_cadence=true mature=5427490p baseline=87414p n=1406 nb=22496MB
[pace] trigger by_mature=true by_cadence=true mature=5431645p baseline=87414p n=1407 nb=22512MB
[pace] trigger by_mature=true by_cadence=true mature=5435800p baseline=87414p n=1408 nb=22528MB
[pace] trigger by_mature=true by_cadence=true mature=5439955p baseline=87414p n=1409 nb=22544MB
[pace] trigger by_mature=true by_cadence=true mature=5444110p baseline=87414p n=1410 nb=22560MB
[pace] trigger by_mature=true by_cadence=true mature=5448265p baseline=87414p n=1411 nb=22576MB
[pace] trigger by_mature=true by_cadence=true mature=5452420p baseline=87414p n=1412 nb=22592MB
[pace] trigger by_mature=true by_cadence=true mature=5456575p baseline=87414p n=1413 nb=22608MB
[pace] trigger by_mature=true by_cadence=true mature=5460732p baseline=87414p n=1414 nb=22624MB
[pace] trigger by_mature=true by_cadence=true mature=5464887p baseline=87414p n=1415 nb=22640MB
[pace] trigger by_mature=true by_cadence=true mature=5469042p baseline=87414p n=1416 nb=22656MB
[pace] trigger by_mature=true by_cadence=true mature=5473197p baseline=87414p n=1417 nb=22672MB
[pace] trigger by_mature=true by_cadence=true mature=5477352p baseline=87414p n=1418 nb=22688MB
[pace] trigger by_mature=true by_cadence=true mature=5481507p baseline=87414p n=1419 nb=22704MB
[pace] trigger by_mature=true by_cadence=true mature=5485662p baseline=87414p n=1420 nb=22720MB
[pace] trigger by_mature=true by_cadence=true mature=5489817p baseline=87414p n=1421 nb=22736MB
[pace] trigger by_mature=true by_cadence=true mature=5493972p baseline=87414p n=1422 nb=22752MB
[pace] trigger by_mature=true by_cadence=true mature=5498129p baseline=87414p n=1423 nb=22768MB
[pace] trigger by_mature=true by_cadence=true mature=5502284p baseline=87414p n=1424 nb=22784MB
[pace] trigger by_mature=true by_cadence=true mature=5506439p baseline=87414p n=1425 nb=22800MB
[pace] trigger by_mature=true by_cadence=true mature=5510594p baseline=87414p n=1426 nb=22816MB
[pace] trigger by_mature=true by_cadence=true mature=5514749p baseline=87414p n=1427 nb=22832MB
[pace] trigger by_mature=true by_cadence=true mature=5518904p baseline=87414p n=1428 nb=22848MB
[pace] trigger by_mature=true by_cadence=true mature=5523059p baseline=87414p n=1429 nb=22864MB
[pace] trigger by_mature=true by_cadence=true mature=5527214p baseline=87414p n=1430 nb=22880MB
[pace] trigger by_mature=true by_cadence=true mature=5531369p baseline=87414p n=1431 nb=22896MB
[pace] trigger by_mature=true by_cadence=true mature=5535526p baseline=87414p n=1432 nb=22912MB
[pace] trigger by_mature=true by_cadence=true mature=5539681p baseline=87414p n=1433 nb=22928MB
[pace] trigger by_mature=true by_cadence=true mature=5543836p baseline=87414p n=1434 nb=22944MB
[pace] trigger by_mature=true by_cadence=true mature=5547991p baseline=87414p n=1435 nb=22960MB
[pace] trigger by_mature=true by_cadence=true mature=5552146p baseline=87414p n=1436 nb=22976MB
[pace] trigger by_mature=true by_cadence=true mature=5556301p baseline=87414p n=1437 nb=22992MB
[pace] trigger by_mature=true by_cadence=true mature=5560456p baseline=87414p n=1438 nb=23008MB
[pace] trigger by_mature=true by_cadence=true mature=5564611p baseline=87414p n=1439 nb=23024MB
[pace] trigger by_mature=true by_cadence=true mature=5568768p baseline=87414p n=1440 nb=23040MB
[pace] trigger by_mature=true by_cadence=true mature=5572923p baseline=87414p n=1441 nb=23056MB
[pace] trigger by_mature=true by_cadence=true mature=5577078p baseline=87414p n=1442 nb=23072MB
[pace] trigger by_mature=true by_cadence=true mature=5581233p baseline=87414p n=1443 nb=23088MB
[pace] trigger by_mature=true by_cadence=true mature=5585388p baseline=87414p n=1444 nb=23104MB
[pace] trigger by_mature=true by_cadence=true mature=5589543p baseline=87414p n=1445 nb=23120MB
[pace] trigger by_mature=true by_cadence=true mature=5593698p baseline=87414p n=1446 nb=23136MB
[pace] trigger by_mature=true by_cadence=true mature=5597853p baseline=87414p n=1447 nb=23152MB
[pace] trigger by_mature=true by_cadence=true mature=5602008p baseline=87414p n=1448 nb=23168MB
[pace] trigger by_mature=true by_cadence=true mature=5606165p baseline=87414p n=1449 nb=23184MB
[pace] trigger by_mature=true by_cadence=true mature=5610320p baseline=87414p n=1450 nb=23200MB
[pace] trigger by_mature=true by_cadence=true mature=5614475p baseline=87414p n=1451 nb=23216MB
[pace] trigger by_mature=true by_cadence=true mature=5618630p baseline=87414p n=1452 nb=23232MB
[pace] trigger by_mature=true by_cadence=true mature=5622785p baseline=87414p n=1453 nb=23248MB
[pace] trigger by_mature=true by_cadence=true mature=5626940p baseline=87414p n=1454 nb=23264MB
[pace] trigger by_mature=true by_cadence=true mature=5631095p baseline=87414p n=1455 nb=23280MB
[pace] trigger by_mature=true by_cadence=true mature=5635250p baseline=87414p n=1456 nb=23296MB
[pace] trigger by_mature=true by_cadence=true mature=5639407p baseline=87414p n=1457 nb=23312MB
[pace] trigger by_mature=true by_cadence=true mature=5643562p baseline=87414p n=1458 nb=23328MB
[pace] trigger by_mature=true by_cadence=true mature=5647717p baseline=87414p n=1459 nb=23344MB
[pace] trigger by_mature=true by_cadence=true mature=5651872p baseline=87414p n=1460 nb=23360MB
[pace] trigger by_mature=true by_cadence=true mature=5656027p baseline=87414p n=1461 nb=23376MB
[pace] trigger by_mature=true by_cadence=true mature=5660182p baseline=87414p n=1462 nb=23392MB
[pace] trigger by_mature=true by_cadence=true mature=5664337p baseline=87414p n=1463 nb=23408MB
[pace] trigger by_mature=true by_cadence=true mature=5668492p baseline=87414p n=1464 nb=23424MB
[pace] trigger by_mature=true by_cadence=true mature=5672647p baseline=87414p n=1465 nb=23440MB
[pace] trigger by_mature=true by_cadence=true mature=5676804p baseline=87414p n=1466 nb=23456MB
[pace] trigger by_mature=true by_cadence=true mature=5680597p baseline=87414p n=1467 nb=23472MB
[pace] trigger by_mature=true by_cadence=true mature=5680682p baseline=87414p n=1468 nb=23488MB
[pace] trigger by_mature=true by_cadence=true mature=5680768p baseline=87414p n=1469 nb=23504MB
[pace] trigger by_mature=true by_cadence=true mature=5680854p baseline=87414p n=1470 nb=23520MB
[pace] trigger by_mature=true by_cadence=true mature=5680943p baseline=87414p n=1471 nb=23536MB
[pace] trigger by_mature=true by_cadence=true mature=5681028p baseline=87414p n=1472 nb=23552MB
[pace] trigger by_mature=true by_cadence=true mature=5681115p baseline=87414p n=1473 nb=23568MB
[pace] trigger by_mature=true by_cadence=true mature=5681200p baseline=87414p n=1474 nb=23584MB
[pace] trigger by_mature=true by_cadence=true mature=5681289p baseline=87414p n=1475 nb=23600MB
[pace] trigger by_mature=true by_cadence=true mature=5681375p baseline=87414p n=1476 nb=23616MB
[pace] trigger by_mature=true by_cadence=true mature=5683082p baseline=87414p n=1477 nb=23632MB
[pace] trigger by_mature=true by_cadence=true mature=5687237p baseline=87414p n=1478 nb=23648MB
[pace] trigger by_mature=true by_cadence=true mature=5691392p baseline=87414p n=1479 nb=23664MB
[pace] trigger by_mature=true by_cadence=true mature=5695547p baseline=87414p n=1480 nb=23680MB
[pace] trigger by_mature=true by_cadence=true mature=5699702p baseline=87414p n=1481 nb=23696MB
[pace] trigger by_mature=true by_cadence=true mature=5703857p baseline=87414p n=1482 nb=23712MB
[pace] trigger by_mature=true by_cadence=true mature=5708012p baseline=87414p n=1483 nb=23728MB
[pace] trigger by_mature=true by_cadence=true mature=5712169p baseline=87414p n=1484 nb=23744MB
[pace] trigger by_mature=true by_cadence=true mature=5716324p baseline=87414p n=1485 nb=23760MB
[pace] trigger by_mature=true by_cadence=true mature=5720479p baseline=87414p n=1486 nb=23776MB
[pace] trigger by_mature=true by_cadence=true mature=5724634p baseline=87414p n=1487 nb=23792MB
[pace] trigger by_mature=true by_cadence=true mature=5728789p baseline=87414p n=1488 nb=23808MB
[pace] trigger by_mature=true by_cadence=true mature=5732944p baseline=87414p n=1489 nb=23824MB
[pace] trigger by_mature=true by_cadence=true mature=5737099p baseline=87414p n=1490 nb=23840MB
[pace] trigger by_mature=true by_cadence=true mature=5741254p baseline=87414p n=1491 nb=23856MB
[pace] trigger by_mature=true by_cadence=true mature=5745411p baseline=87414p n=1492 nb=23872MB
[pace] trigger by_mature=true by_cadence=true mature=5749566p baseline=87414p n=1493 nb=23888MB
[pace] trigger by_mature=true by_cadence=true mature=5753721p baseline=87414p n=1494 nb=23904MB
[pace] trigger by_mature=true by_cadence=true mature=5757876p baseline=87414p n=1495 nb=23920MB
[pace] trigger by_mature=true by_cadence=true mature=5762031p baseline=87414p n=1496 nb=23936MB
[pace] trigger by_mature=true by_cadence=true mature=5766186p baseline=87414p n=1497 nb=23952MB
[pace] trigger by_mature=true by_cadence=true mature=5770341p baseline=87414p n=1498 nb=23968MB
[pace] trigger by_mature=true by_cadence=true mature=5774496p baseline=87414p n=1499 nb=23984MB
[pace] trigger by_mature=true by_cadence=true mature=5778651p baseline=87414p n=1500 nb=24000MB
[pace] trigger by_mature=true by_cadence=true mature=5782808p baseline=87414p n=1501 nb=24016MB
[pace] trigger by_mature=true by_cadence=true mature=5786963p baseline=87414p n=1502 nb=24032MB
[pace] trigger by_mature=true by_cadence=true mature=5791118p baseline=87414p n=1503 nb=24048MB
[pace] trigger by_mature=true by_cadence=true mature=5795273p baseline=87414p n=1504 nb=24064MB
[pace] trigger by_mature=true by_cadence=true mature=5799428p baseline=87414p n=1505 nb=24080MB
[pace] trigger by_mature=true by_cadence=true mature=5803583p baseline=87414p n=1506 nb=24096MB
[pace] trigger by_mature=true by_cadence=true mature=5807738p baseline=87414p n=1507 nb=24112MB
[pace] trigger by_mature=true by_cadence=true mature=5811893p baseline=87414p n=1508 nb=24128MB
[pace] trigger by_mature=true by_cadence=true mature=5816050p baseline=87414p n=1509 nb=24144MB
[pace] trigger by_mature=true by_cadence=true mature=5820205p baseline=87414p n=1510 nb=24160MB
[pace] trigger by_mature=true by_cadence=true mature=5824360p baseline=87414p n=1511 nb=24176MB
[pace] trigger by_mature=true by_cadence=true mature=5828515p baseline=87414p n=1512 nb=24192MB
[pace] trigger by_mature=true by_cadence=true mature=5832670p baseline=87414p n=1513 nb=24208MB
[pace] trigger by_mature=true by_cadence=true mature=5836825p baseline=87414p n=1514 nb=24224MB
[pace] trigger by_mature=true by_cadence=true mature=5840980p baseline=87414p n=1515 nb=24240MB
[pace] trigger by_mature=true by_cadence=true mature=5845135p baseline=87414p n=1516 nb=24256MB
[pace] trigger by_mature=true by_cadence=true mature=5849290p baseline=87414p n=1517 nb=24272MB
[pace] trigger by_mature=true by_cadence=true mature=5853447p baseline=87414p n=1518 nb=24288MB
[pace] trigger by_mature=true by_cadence=true mature=5857602p baseline=87414p n=1519 nb=24304MB
[pace] trigger by_mature=true by_cadence=true mature=5861757p baseline=87414p n=1520 nb=24320MB
[pace] trigger by_mature=true by_cadence=true mature=5865912p baseline=87414p n=1521 nb=24336MB
[pace] trigger by_mature=true by_cadence=true mature=5870067p baseline=87414p n=1522 nb=24352MB
[pace] trigger by_mature=true by_cadence=true mature=5874222p baseline=87414p n=1523 nb=24368MB
[pace] trigger by_mature=true by_cadence=true mature=5878377p baseline=87414p n=1524 nb=24384MB
[pace] trigger by_mature=true by_cadence=true mature=5882532p baseline=87414p n=1525 nb=24400MB
[pace] trigger by_mature=true by_cadence=true mature=5886689p baseline=87414p n=1526 nb=24416MB
[pace] trigger by_mature=true by_cadence=true mature=5890844p baseline=87414p n=1527 nb=24432MB
[pace] trigger by_mature=true by_cadence=true mature=5894999p baseline=87414p n=1528 nb=24448MB
[pace] trigger by_mature=true by_cadence=true mature=5899154p baseline=87414p n=1529 nb=24464MB
[pace] trigger by_mature=true by_cadence=true mature=5903309p baseline=87414p n=1530 nb=24480MB
[pace] trigger by_mature=true by_cadence=true mature=5907464p baseline=87414p n=1531 nb=24496MB
[pace] trigger by_mature=true by_cadence=true mature=5911619p baseline=87414p n=1532 nb=24512MB
[pace] trigger by_mature=true by_cadence=true mature=5915774p baseline=87414p n=1533 nb=24528MB
[pace] trigger by_mature=true by_cadence=true mature=5919929p baseline=87414p n=1534 nb=24544MB
[pace] trigger by_mature=true by_cadence=true mature=5924086p baseline=87414p n=1535 nb=24560MB
[pace] trigger by_mature=true by_cadence=true mature=5928241p baseline=87414p n=1536 nb=24576MB
[pace] trigger by_mature=true by_cadence=true mature=5932396p baseline=87414p n=1537 nb=24592MB
[pace] trigger by_mature=true by_cadence=true mature=5936551p baseline=87414p n=1538 nb=24608MB
[pace] trigger by_mature=true by_cadence=true mature=5940706p baseline=87414p n=1539 nb=24624MB
[pace] trigger by_mature=true by_cadence=true mature=5944861p baseline=87414p n=1540 nb=24640MB
[pace] trigger by_mature=true by_cadence=true mature=5949016p baseline=87414p n=1541 nb=24656MB
[pace] trigger by_mature=true by_cadence=true mature=5953171p baseline=87414p n=1542 nb=24672MB
[pace] trigger by_mature=true by_cadence=true mature=5957328p baseline=87414p n=1543 nb=24688MB
[pace] trigger by_mature=true by_cadence=true mature=5961483p baseline=87414p n=1544 nb=24704MB
[pace] trigger by_mature=true by_cadence=true mature=5965638p baseline=87414p n=1545 nb=24720MB
[pace] trigger by_mature=true by_cadence=true mature=5969793p baseline=87414p n=1546 nb=24736MB
[pace] trigger by_mature=true by_cadence=true mature=5973948p baseline=87414p n=1547 nb=24752MB
[pace] trigger by_mature=true by_cadence=true mature=5978103p baseline=87414p n=1548 nb=24768MB
[pace] trigger by_mature=true by_cadence=true mature=5982258p baseline=87414p n=1549 nb=24784MB
[pace] trigger by_mature=true by_cadence=true mature=5986413p baseline=87414p n=1550 nb=24800MB
[pace] trigger by_mature=true by_cadence=true mature=5990568p baseline=87414p n=1551 nb=24816MB
[pace] trigger by_mature=true by_cadence=true mature=5994725p baseline=87414p n=1552 nb=24832MB
[pace] trigger by_mature=true by_cadence=true mature=5998880p baseline=87414p n=1553 nb=24848MB
[pace] trigger by_mature=true by_cadence=true mature=6003035p baseline=87414p n=1554 nb=24864MB
[pace] trigger by_mature=true by_cadence=true mature=6007190p baseline=87414p n=1555 nb=24880MB
[pace] trigger by_mature=true by_cadence=true mature=6011345p baseline=87414p n=1556 nb=24896MB
[pace] trigger by_mature=true by_cadence=true mature=6014538p baseline=87414p n=1557 nb=24912MB
[pace] trigger by_mature=true by_cadence=true mature=6014624p baseline=87414p n=1558 nb=24928MB
[pace] trigger by_mature=true by_cadence=true mature=6014710p baseline=87414p n=1559 nb=24944MB
[pace] trigger by_mature=true by_cadence=true mature=6014795p baseline=87414p n=1560 nb=24960MB
[pace] trigger by_mature=true by_cadence=true mature=6014885p baseline=87414p n=1561 nb=24976MB
[pace] trigger by_mature=true by_cadence=true mature=6014970p baseline=87414p n=1562 nb=24992MB
[pace] trigger by_mature=true by_cadence=true mature=6015056p baseline=87414p n=1563 nb=25008MB
[pace] trigger by_mature=true by_cadence=true mature=6015141p baseline=87414p n=1564 nb=25024MB
[pace] trigger by_mature=true by_cadence=true mature=6015231p baseline=87414p n=1565 nb=25040MB
[pace] trigger by_mature=true by_cadence=true mature=6015316p baseline=87414p n=1566 nb=25056MB
[pace] trigger by_mature=true by_cadence=true mature=6017618p baseline=87414p n=1567 nb=25072MB
[pace] trigger by_mature=true by_cadence=true mature=6021781p baseline=87414p n=1568 nb=25088MB
[pace] trigger by_mature=true by_cadence=true mature=6025944p baseline=87414p n=1569 nb=25104MB
[pace] trigger by_mature=true by_cadence=true mature=6030114p baseline=87414p n=1570 nb=25120MB
[pace] trigger by_mature=true by_cadence=true mature=6034277p baseline=87414p n=1571 nb=25136MB
[pace] trigger by_mature=true by_cadence=true mature=6038440p baseline=87414p n=1572 nb=25152MB
[pace] trigger by_mature=true by_cadence=true mature=6042603p baseline=87414p n=1573 nb=25168MB
[pace] trigger by_mature=true by_cadence=true mature=6046767p baseline=87414p n=1574 nb=25184MB
[pace] trigger by_mature=true by_cadence=true mature=6050930p baseline=87414p n=1575 nb=25200MB
[pace] trigger by_mature=true by_cadence=true mature=6055093p baseline=87414p n=1576 nb=25216MB
[pace] trigger by_mature=true by_cadence=true mature=6059256p baseline=87414p n=1577 nb=25232MB
[pace] trigger by_mature=true by_cadence=true mature=6063425p baseline=87414p n=1578 nb=25248MB
[pace] trigger by_mature=true by_cadence=true mature=6067588p baseline=87414p n=1579 nb=25264MB
[pace] trigger by_mature=true by_cadence=true mature=6071751p baseline=87414p n=1580 nb=25280MB
[pace] trigger by_mature=true by_cadence=true mature=6075914p baseline=87414p n=1581 nb=25296MB
[pace] trigger by_mature=true by_cadence=true mature=6080078p baseline=87414p n=1582 nb=25312MB
[pace] trigger by_mature=true by_cadence=true mature=6084241p baseline=87414p n=1583 nb=25328MB
[pace] trigger by_mature=true by_cadence=true mature=6088404p baseline=87414p n=1584 nb=25344MB
[pace] trigger by_mature=true by_cadence=true mature=6092567p baseline=87414p n=1585 nb=25360MB
[pace] trigger by_mature=true by_cadence=true mature=6096734p baseline=87414p n=1586 nb=25376MB
[pace] trigger by_mature=true by_cadence=true mature=6100899p baseline=87414p n=1587 nb=25392MB
[pace] trigger by_mature=true by_cadence=true mature=6105062p baseline=87414p n=1588 nb=25408MB
[pace] trigger by_mature=true by_cadence=true mature=6109225p baseline=87414p n=1589 nb=25424MB
[pace] trigger by_mature=true by_cadence=true mature=6113389p baseline=87414p n=1590 nb=25440MB
[pace] trigger by_mature=true by_cadence=true mature=6117552p baseline=87414p n=1591 nb=25456MB
[pace] trigger by_mature=true by_cadence=true mature=6121715p baseline=87414p n=1592 nb=25472MB
[pace] trigger by_mature=true by_cadence=true mature=6125878p baseline=87414p n=1593 nb=25488MB
[pace] trigger by_mature=true by_cadence=true mature=6130045p baseline=87414p n=1594 nb=25504MB
[pace] trigger by_mature=true by_cadence=true mature=6134208p baseline=87414p n=1595 nb=25520MB
[pace] trigger by_mature=true by_cadence=true mature=6138373p baseline=87414p n=1596 nb=25536MB
[pace] trigger by_mature=true by_cadence=true mature=6142536p baseline=87414p n=1597 nb=25552MB
[pace] trigger by_mature=true by_cadence=true mature=6146700p baseline=87414p n=1598 nb=25568MB
[pace] trigger by_mature=true by_cadence=true mature=6150863p baseline=87414p n=1599 nb=25584MB
[pace] trigger by_mature=true by_cadence=true mature=6155026p baseline=87414p n=1600 nb=25600MB
[pace] trigger by_mature=true by_cadence=true mature=6159189p baseline=87414p n=1601 nb=25616MB
[pace] trigger by_mature=true by_cadence=true mature=6163357p baseline=87414p n=1602 nb=25632MB
[pace] trigger by_mature=true by_cadence=true mature=6167520p baseline=87414p n=1603 nb=25648MB
[pace] trigger by_mature=true by_cadence=true mature=6171685p baseline=87414p n=1604 nb=25664MB
[pace] trigger by_mature=true by_cadence=true mature=6175848p baseline=87414p n=1605 nb=25680MB
[pace] trigger by_mature=true by_cadence=true mature=6179925p baseline=87414p n=1606 nb=25696MB
[pace] trigger by_mature=true by_cadence=true mature=6179925p baseline=87414p n=1607 nb=25712MB
[pace] trigger by_mature=true by_cadence=true mature=6179925p baseline=87414p n=1608 nb=25728MB
[pace] trigger by_mature=true by_cadence=true mature=6179925p baseline=87414p n=1609 nb=25744MB
[pace] trigger by_mature=true by_cadence=true mature=6179925p baseline=87414p n=1610 nb=25760MB
[mmtk] GCs: 1837 (full: 8), GC time: 68811 ms, objects copied: 517204133
wall=121.14 rss_kb=24634576
